given_name,surname,street_number,address_1,address_2,suburb,postcode,state,date_of_birth,soc_sec_id,id,given_name_n,surname_n,address_1_n,address_2_n,suburb_n,state_n,date_of_birth_n,postcode_n,block_key,cluster_id
mitchell,green,7.0,wallaby place,delmar,cleveland,2119,sa,19560409.0,1804974,74463,mitchell,green,wallaby place,delmar,cleveland,sa,1970-01-01,2119,2119_gr,0
harley,mccarthy,177.0,pridhamstreet,milton,marsden,3165,nsw,19080419.0,6089216,60733,harley,mccarthy,pridhamstreet,milton,marsden,nsw,1970-01-01,3165,3165_mc,1
madeline,mason,54.0,hoseason street,lakefront retrmnt vlge,granville,4881,nsw,19081128.0,2185997,64831,madeline,mason,hoseason street,lakefront retrmnt vlge,granville,nsw,1970-01-01,4881,4881_ma,2
isabelle,,23.0,gundulu place,currin ga,utakarra,2193,wa,19921119.0,4314184,12416,isabelle,,gundulu place,currin ga,utakarra,wa,1970-01-01,2193,2193_,3
taylor,hathaway,7.0,yuranigh court,brentwood vlge,,4220,nsw,19991207.0,9144092,81570,taylor,hathaway,yuranigh court,brentwood vlge,,nsw,1970-01-01,4220,4220_ha,4
toby,webb,6.0,kent street,kersey' south,towradgi,3107,nsw,19940503.0,1232838,36546,toby,webb,kent street,kersey' south,towradgi,nsw,1970-01-01,3107,3107_we,5
harry,stubs,,mountain creek road,,eaton,7310,vic,19721113.0,8317467,74668,harry,stubs,mountain creek road,,eaton,vic,1970-01-01,7310,7310_st,6
lydia,mccattmhy,32.0,mckillop ecircuit,telemon orchards,corio,4670,nsw,19751220.0,1835068,39317,lydia,mccattmhy,mckillop ecircuit,telemon orchards,corio,nsw,1970-01-01,4670,4670_mc,7
hollie,lillie-hinrichs,27.0,hemmings crescent,kilvintonvillage,banyo,4030,,19251130.0,4920253,14518,hollie,lillie hinrichs,hemmings crescent,kilvintonvillage,banyo,,1970-01-01,4030,4030_li,8
dylan,zilm,17.0,blameycrescent,condinup,wattle glen,4211,vic,19671229.0,4892623,28203,dylan,zilm,blameycrescent,condinup,wattle glen,vic,1970-01-01,4211,4211_zi,9
,donaldson,14.0,manity court,pacific terraces,charmhaven,3101,vic,19940825.0,9817986,18726,,donaldson,manity court,pacific terraces,charmhaven,vic,1970-01-01,3101,3101_do,10
isabella,vincent,16.0,wilshiredstreet,erinsavle,rose ay,6207,vic,19760517.0,8693348,19093,isabella,vincent,wilshiredstreet,erinsavle,rose ay,vic,1970-01-01,6207,6207_vi,11
connor,bishop,27.0,jarreah,mackinnon street,aspley,6052,,19200417.0,8871067,69817,connor,bishop,jarreah,mackinnon street,aspley,,1970-01-01,6052,6052_bi,12
connor,shepherd,39.0,burnage place,rowethorpe,winstonhills,3183,nsw,19320907.0,5731308,71409,connor,shepherd,burnage place,rowethorpe,winstonhills,nsw,1970-01-01,3183,3183_sh,13
natalia,gredn,358.0,macrossan crescent,newman medicajl centre,yagoona,2535,qld,19910111.0,3131587,75850,natalia,gredn,macrossan crescent,newman medicajl centre,yagoona,qld,1970-01-01,2535,2535_gr,14
georgia,pettigrove,5.0,sinclair street,pinds,prairei,2478,nsw,19231019.0,9695933,9516,georgia,pettigrove,sinclair street,pinds,prairei,nsw,1970-01-01,2478,2478_pe,15
wilson,pitno,11.0,bousteadcircuit,jewells medical centre,granville,3161,qld,19971229.0,8930019,26266,wilson,pitno,bousteadcircuit,jewells medical centre,granville,qld,1970-01-01,3161,3161_pi,16
andrew,klander,20.0,newman morris circuit,the willows,homebush,2285,vic,19761017.0,5392569,69936,andrew,klander,newman morris circuit,the willows,homebush,vic,1970-01-01,2285,2285_kl,17
tahni,skeen,11.0,macfarland crescent,,ryde,3220,,19231110.0,4111794,31924,tahni,skeen,macfarland crescent,,ryde,,1970-01-01,3220,3220_sk,18
kasey,millar,,burdekin avenue,crown allot,woollahra,4217,qld,19930714.0,7442486,20644,kasey,millar,burdekin avenue,crown allot,woollahra,qld,1970-01-01,4217,4217_mi,19
keziah,parr,20.0,clift crecent,bro okvale,murphys rceek,2761,nsw,19550103.0,3697304,37442,keziah,parr,clift crecent,bro okvale,murphys rceek,nsw,1970-01-01,2761,2761_pa,20
braecon,schuetz,122.0,howarth place,villa 19,alice springs,2028,vic,19440909.0,5276446,41948,braecon,schuetz,howarth place,villa 19,alice springs,vic,1970-01-01,2028,2028_sc,21
nemesia,grifefn,10.0,derrington c rescent,hd curramulka,beechboro,2262,nsw,19870509.0,9760949,43797,nemesia,grifefn,derrington c rescent,hd curramulka,beechboro,nsw,1970-01-01,2262,2262_gr,22
,white,21.0,boobialla street,sheep s tation,carlingford,2830,qld,19241214.0,2042443,62094,,white,boobialla street,sheep s tation,carlingford,qld,1970-01-01,2830,2830_wh,23
quilliam,ashleigh,57.0,bedford s treet,rosall,surrey hills,6525,nsw,19460730.0,6408579,32542,quilliam,ashleigh,bedford s treet,rosall,surrey hills,nsw,1970-01-01,6525,6525_as,24
jacqueline,daykin,21.0,mackie crescent,logan central plaza,pottsville beach,2213,qld,19510605.0,1615186,39008,jacqueline,daykin,mackie crescent,logan central plaza,pottsville beach,qld,1970-01-01,2213,2213_da,25
amelia,benger,51.0,macalister crescent,,sippy downs,4110,nsw,19420909.0,8671640,13185,amelia,benger,macalister crescent,,sippy downs,nsw,1970-01-01,4110,4110_be,26
rily,gloster,24.0,farrerplace,,frankston,3178,nsw,19590124.0,2526809,66425,rily,gloster,farrerplace,,frankston,nsw,1970-01-01,3178,3178_gl,27
lily,thorpe,313.0,rivett place,thurlgona,mount gravatt,6104,wa,19310318.0,9216585,75888,lily,thorpe,rivett place,thurlgona,mount gravatt,wa,1970-01-01,6104,6104_th,28
lary,slape,11.0,lamington street,rosehe ll,albany creek,6020,wa,19010927.0,2204911,27492,lary,slape,lamington street,rosehe ll,albany creek,wa,1970-01-01,6020,6020_sl,29
joshua,linnell,2.0,lambrigg treet,craigie ela garden,rowville,3185,qld,19480511.0,7096343,29662,joshua,linnell,lambrigg treet,craigie ela garden,rowville,qld,1970-01-01,3185,3185_li,30
joshua,linnell,2.0,lambrigg street,craigie lea garden,balwyn north,3185,qld,19480511.0,7096343,80175,joshua,linnell,lambrigg street,craigie lea garden,balwyn north,qld,1970-01-01,3185,3185_li,30
sophie,grubb,36.0,furphy place,mid city centre,cottles bridge,5091,qld,19230322.0,3779522,63332,sophie,grubb,furphy place,mid city centre,cottles bridge,qld,1970-01-01,5091,5091_gr,31
john,slywka,33.0,gowrie court,boxwood vale,north ward,6014,tas,19590803.0,5011995,10546,john,slywka,gowrie court,boxwood vale,north ward,tas,1970-01-01,6014,6014_sl,32
alexandra,robson,4.0,brunswick circuit,keith payne hstl,mount sophia,5024,nsw,19470726.0,5974014,27866,alexandra,robson,brunswick circuit,keith payne hstl,mount sophia,nsw,1970-01-01,5024,5024_ro,33
stella,chandler,50.0,ebden street,rosetta village,coffs harbour,6304,vic,19741215.0,8164610,9247,stella,chandler,ebden street,rosetta village,coffs harbour,vic,1970-01-01,6304,6304_ch,34
thomas,white,706.0,monaro crescent,birra billa,point lofsdale,2088,wa,19310818.0,5855559,30263,thomas,white,monaro crescent,birra billa,point lofsdale,wa,1970-01-01,2088,2088_wh,35
hannah,bloomfield,7.0,ferguson circuit,crown allotment,oakden,7253,nsw,19130806.0,1605711,51190,hannah,bloomfield,ferguson circuit,crown allotment,oakden,nsw,1970-01-01,7253,7253_bl,36
,kochiwama,44.0,antares crescent,telopea p ark,benowa,7017,nsw,19000626.0,2398260,71300,,kochiwama,antares crescent,telopea p ark,benowa,nsw,1970-01-01,7017,7017_ko,37
lauren,bradshaw,130.0,ashcroft crescent,upa cottages,stirling north,2198,vic,19301022.0,1926163,38170,lauren,bradshaw,ashcroft crescent,upa cottages,stirling north,vic,1970-01-01,2198,2198_br,38
willow,froscio,378.0,yandastreet,,keilor,5022,vic,19091226.0,6630637,38008,willow,froscio,yandastreet,,keilor,vic,1970-01-01,5022,5022_fr,39
sophie,nicolle,112.0,garling street,spring creek,kotara,4740,nt,19111001.0,7492384,94964,sophie,nicolle,garling street,spring creek,kotara,nt,1970-01-01,4740,4740_ni,40
andrew,klander,20.0,newman morois circuit,the willows,homebush,2285,vic,19761017.0,5392569,15812,andrew,klander,newman morois circuit,the willows,homebush,vic,1970-01-01,2285,2285_kl,17
angus,stanley,6.0,lazar place,koobeja,floradhill,7008,qld,19971003.0,1076050,25038,angus,stanley,lazar place,koobeja,floradhill,qld,1970-01-01,7008,7008_st,41
jack,stubbs,150.0,heard street,summerset,st agnes,5344,qld,19890526.0,1690126,79510,jack,stubbs,heard street,summerset,st agnes,qld,1970-01-01,5344,5344_st,42
matthew,leong,5.0,kavelstreet,glen-mwria,minchinbfry,6153,nsw,19170916.0,1648925,57195,matthew,leong,kavelstreet,glen mwria,minchinbfry,nsw,1970-01-01,6153,6153_le,43
stella,chandler,50.0,ebden street,rosetta vlilage,coffs harbour,6304,vic,19741215.0,8587561,47668,stella,chandler,ebden street,rosetta vlilage,coffs harbour,vic,1970-01-01,6304,6304_ch,44
katel byn,colegte,55.0,fiveas hstreet,retirement village,londonderry,2195,nsw,19280828.0,4406021,89295,katel byn,colegte,fiveas hstreet,retirement village,londonderry,nsw,1970-01-01,2195,2195_co,45
ebiny,morby,,condavale,macgillivray street,armidale,2111,nsw,19840906.0,3945914,33735,ebiny,morby,condavale,macgillivray street,armidale,nsw,1970-01-01,2111,2111_mo,46
charlie,ebert,21.0,brewster place,summerdale medical centre,franskton,4570,vic,19711020.0,3939901,9073,charlie,ebert,brewster place,summerdale medical centre,franskton,vic,1970-01-01,4570,4570_eb,47
charlotte,hylnand,25.0,madsen place,leisure lvikng vlge,clarinda,3108,qld,19820410.0,9354762,59755,charlotte,hylnand,madsen place,leisure lvikng vlge,clarinda,qld,1970-01-01,3108,3108_hy,48
cheree,purtell,1.0,spring rsnge road,guest village (cnrubullcreek d drive,cooma,6111,wa,19300407.0,5062347,9158,cheree,purtell,spring rsnge road,guest village cnrubullcreek d drive,cooma,wa,1970-01-01,6111,6111_pu,49
laura,ryan,3.0,officer crescent,craigie-lea,orange,2289,vic,19120402.0,4198979,74638,laura,ryan,officer crescent,craigie lea,orange,vic,1970-01-01,2289,2289_ry,50
feilcity,godfrey,16.0,stuckey place,oaklands village,slacks creek,6050,nsw,19361030.0,6452813,13466,feilcity,godfrey,stuckey place,oaklands village,slacks creek,nsw,1970-01-01,6050,6050_go,51
matthew,paine,7.0,mcintyre street,urunga,moulyinning,7000,nws,19250117.0,6277575,44764,matthew,paine,mcintyre street,urunga,moulyinning,nws,1970-01-01,7000,7000_pa,52
mikhayla,campbell,9.0,baynton street,st francis vlge,notting hill,4350,qld,19280711.0,9484120,37675,mikhayla,campbell,baynton street,st francis vlge,notting hill,qld,1970-01-01,4350,4350_ca,53
charlie,roussonuis,13.0,gledden street,woorabinda,craigmore,6026,nsw,19461111.0,7379154,5692,charlie,roussonuis,gledden street,woorabinda,craigmore,nsw,1970-01-01,6026,6026_ro,54
dale,fimeri,37.0,burdett crescent,star court arcade,wilson,6618,nsw,19930529.0,7559543,66721,dale,fimeri,burdett crescent,star court arcade,wilson,nsw,1970-01-01,6618,6618_fi,55
jaime,,342.0,elliott street,kildarra,bedfordale,2081,qld,19631110.0,8789539,32604,jaime,,elliott street,kildarra,bedfordale,qld,1970-01-01,2081,2081_,56
riley,gloster,24.0,farrer place,,frankston,3178,nsw,19590124.0,2526809,29949,riley,gloster,farrer place,,frankston,nsw,1970-01-01,3178,3178_gl,27
charlie,goode,7.0,tauss place,grahdview,,2575,vic,19761213.0,6548135,2359,charlie,goode,tauss place,grahdview,,vic,1970-01-01,2575,2575_go,57
chloe,pantazopoulos,147.0,allott place,wyoming park,aldgate,2325,nsw,19860807.0,9036067,55548,chloe,pantazopoulos,allott place,wyoming park,aldgate,nsw,1970-01-01,2325,2325_pa,58
corey,condo,5.0,andamooka street,coolinda,hillston,2026,nsw,19900616.0,4204990,49132,corey,condo,andamooka street,coolinda,hillston,nsw,1970-01-01,2026,2026_co,59
emiily,berry,3.0,tenison-woods circuit,,ashfield,6169,nsw,19780527.0,6459366,28196,emiily,berry,tenison woods circuit,,ashfield,nsw,1970-01-01,6169,6169_be,60
emmet,weller,11.0,copland drive,,birmingham gardens,4365,wa,19270516.0,6281502,81809,emmet,weller,copland drive,,birmingham gardens,wa,1970-01-01,4365,4365_we,61
liam,tuttleby,5.0,verco street,rose-lea,trevallyn,2259,qld,19080101.0,4376020,21275,liam,tuttleby,verco street,rose lea,trevallyn,qld,1970-01-01,2259,2259_tu,62
karfissa,creten,185.0,beattie cescent,birrabilla,moranbah,2525,nsw,19360703.0,2328993,95206,karfissa,creten,beattie cescent,birrabilla,moranbah,nsw,1970-01-01,2525,2525_cr,63
isabelle,kaminskas,106.0,isis close,westholme,port augusta,2765,qls,19060622.0,5344955,97032,isabelle,kaminskas,isis close,westholme,port augusta,qls,1970-01-01,2765,2765_ka,64
jayden,browne,80.0,kincumber nautical vlge,chaseling street,sussex inlet,2630,nsw,19430306.0,2825950,29275,jayden,browne,kincumber nautical vlge,chaseling street,sussex inlet,nsw,1970-01-01,2630,2630_br,65
melissa,lanzotti,24.0,balfour crescent,killara lodge,cranbourne,2064,vic,19810828.0,7433231,13472,melissa,lanzotti,balfour crescent,killara lodge,cranbourne,vic,1970-01-01,2064,2064_la,66
bailee,dent,58.0,maddoc k place,jingara,nowra,4171,qld,19950112.0,4080299,58353,bailee,dent,maddoc k place,jingara,nowra,qld,1970-01-01,4171,4171_de,67
quinn,godfrey,21.0,duffy street,ardersidr,highotn,3165,vic,19450122.0,3298961,72219,quinn,godfrey,duffy street,ardersidr,highotn,vic,1970-01-01,3165,3165_go,68
charlie,stanley,,amagula avenue,,klemzig,3356,vic,19510717.0,6800801,21180,charlie,stanley,amagula avenue,,klemzig,vic,1970-01-01,3356,3356_st,69
jazz,stephenson,210.0,julia flynn avenue,,ingleubrn,3172,sa,19401214.0,4166094,77679,jazz,stephenson,julia flynn avenue,,ingleubrn,sa,1970-01-01,3172,3172_st,70
aleisha,mcelwee,34.0,osburn drive,parraweena,condell park,5237,act,19440525.0,2532051,1733,aleisha,mcelwee,osburn drive,parraweena,condell park,act,1970-01-01,5237,5237_mc,71
amber,blackwell,25.0,thomson street,,salisbury,3188,nsw,19860325.0,5701396,90544,amber,blackwell,thomson street,,salisbury,nsw,1970-01-01,3188,3188_bl,72
shakiroh,evans-zijlstra,1.0,ashkanasycrescent,townview,robina,2340,vic,19510905.0,4746855,32807,shakiroh,evans zijlstra,ashkanasycrescent,townview,robina,vic,1970-01-01,2340,2340_ev,73
,shelley,90.0,cromwell circuit,wombat hill,noble apark,2026,vic,19780711.0,2664293,11127,,shelley,cromwell circuit,wombat hill,noble apark,vic,1970-01-01,2026,2026_sh,74
aiden,ryan,292.0,honey patch,gundulu place,mosman,3076,wa,19360524.0,3804933,58918,aiden,ryan,honey patch,gundulu place,mosman,wa,1970-01-01,3076,3076_ry,75
william,lazavroff,431.0,leahy lose,millwood,forbes,7256,qld,19780204.0,8072193,34266,william,lazavroff,leahy lose,millwood,forbes,qld,1970-01-01,7256,7256_la,76
jamie,van galen,64.0,callister crescent,mowbray,hackham,3060,nsw,19720909.0,3179404,38697,jamie,van galen,callister crescent,mowbray,hackham,nsw,1970-01-01,3060,3060_va,77
isabella,hendricks,86.0,colborne place,dog rock shopping centre,north ryde,2000,nsw,19770129.0,9899655,65865,isabella,hendricks,colborne place,dog rock shopping centre,north ryde,nsw,1970-01-01,2000,2000_he,78
lucas,benger,19.0,cunningham street,padicam,melton south,2232,nsw,19851030.0,5458466,81047,lucas,benger,cunningham street,padicam,melton south,nsw,1970-01-01,2232,2232_be,79
harrison,doman,20.0,harry hopman circuit,moline village,toowong,2088,sa,19570519.0,1542335,17997,harrison,doman,harry hopman circuit,moline village,toowong,sa,1970-01-01,2088,2088_do,80
clarke,isabella,59.0,gillespie street,,mount victoria,2147,act,19950110.0,4409764,37391,clarke,isabella,gillespie street,,mount victoria,act,1970-01-01,2147,2147_is,81
emmerson,loyck,5.0,burnie treet,gordale,thursday island,3147,vic,19211129.0,3901477,30201,emmerson,loyck,burnie treet,gordale,thursday island,vic,1970-01-01,3147,3147_lo,82
sarah,behnke,3.0,pearson street,broombie stud,ramornie,2209,vic,19930910.0,8625215,36171,sarah,behnke,pearson street,broombie stud,ramornie,vic,1970-01-01,2209,2209_be,83
angus,rees,5.0,heatonnplace,pangani,new farm,6210,nsw,19220723.0,8576362,79226,angus,rees,heatonnplace,pangani,new farm,nsw,1970-01-01,6210,6210_re,84
jordan,vaile,12.0,mullan street,rosewynne,mansfield,4153,qld,19940914.0,7672358,13180,jordan,vaile,mullan street,rosewynne,mansfield,qld,1970-01-01,4153,4153_va,85
tate,hingston,159.0,oxley street,wylarah,kurri kurri,5045,nsw,19680521.0,1954716,50773,tate,hingston,oxley street,wylarah,kurri kurri,nsw,1970-01-01,5045,5045_hi,86
charlotte,bovill,28.0,vickery street,cashbar,scarborough,3911,vic,19730412.0,5083623,38633,charlotte,bovill,vickery street,cashbar,scarborough,vic,1970-01-01,3911,3911_bo,87
emma,matthews,39.0,vanzetti crescent,sunny brees,moorabbin,5158,qld,19910426.0,1091439,26663,emma,matthews,vanzetti crescent,sunny brees,moorabbin,qld,1970-01-01,5158,5158_ma,88
sophie,nguyen,26.0,namoi place,,mount colah,2550,nsw,19701117.0,2122377,64482,sophie,nguyen,namoi place,,mount colah,nsw,1970-01-01,2550,2550_ng,89
kai,white,8.0,cockcrofqt avenue,allunga,parramaxta,4197,,19551009.0,5791061,82199,kai,white,cockcrofqt avenue,allunga,parramaxta,,1970-01-01,4197,4197_wh,90
blade,stingle,34.0,earle place,upper warrell,kellyville,5046,,19220925.0,6748586,92976,blade,stingle,earle place,upper warrell,kellyville,,1970-01-01,5046,5046_st,91
rosie,rundle,8.0,sturt avneue,talonmane,bundaberg,2263,nt,19751109.0,9092692,24336,rosie,rundle,sturt avneue,talonmane,bundaberg,nt,1970-01-01,2263,2263_ru,92
wanders,harry,120.0,morehead street,carrington trrmnt vlge,trevallyn,7205,sa,19121013.0,8289232,88290,wanders,harry,morehead street,carrington trrmnt vlge,trevallyn,sa,1970-01-01,7205,7205_ha,93
harrison,matthiessen,3.0,harbison crescent,oakdale,port kembla,2619,wa,19580430.0,4684373,70255,harrison,matthiessen,harbison crescent,oakdale,port kembla,wa,1970-01-01,2619,2619_ma,94
lauren,sounness,18.0,leist street,moondani,seaforth,832,qld,19900129.0,6693616,46644,lauren,sounness,leist street,moondani,seaforth,qld,1970-01-01,0832,0832_so,95
tommy,spinato,29.0,howie court,,ballarat,3356,nsw,19821129.0,4527826,69618,tommy,spinato,howie court,,ballarat,nsw,1970-01-01,3356,3356_sp,96
connor,mayman,40.0,marenghoplace,wilga,toowoomba,2025,nsw,19651018.0,8203430,56185,connor,mayman,marenghoplace,wilga,toowoomba,nsw,1970-01-01,2025,2025_ma,97
amber,pamplin,58.0,milton,sturt acenue,thornlie,5040,wa,19370407.0,1824555,81162,amber,pamplin,milton,sturt acenue,thornlie,wa,1970-01-01,5040,5040_pa,98
nathab,priest,363.0,banks street,manresa,malvern east,4750,act,19710428.0,4665603,18543,nathab,priest,banks street,manresa,malvern east,act,1970-01-01,4750,4750_pr,99
casey,vitkunas,22.0,jones place,karinga park,emmaville,2346,tas,19551192.0,2474313,70858,casey,vitkunas,jones place,karinga park,emmaville,tas,1970-01-01,2346,2346_vi,100
silas,webbm,20.0,jacka crvscent,shopping centre,nambour,4306,vic,19580212.0,7373672,93689,silas,webbm,jacka crvscent,shopping centre,nambour,vic,1970-01-01,4306,4306_we,101
nicholas,fittock,10.0,fortitudey street,,st kilda east,2298,nt,19651025.0,8437365,85495,nicholas,fittock,fortitudey street,,st kilda east,nt,1970-01-01,2298,2298_fi,102
jayden,liberts,3.0,odern place,peppertree,corryong,2614,qld,19341218.0,5242447,22892,jayden,liberts,odern place,peppertree,corryong,qld,1970-01-01,2614,2614_li,103
ashleigh,quilliam,57.0,bedford street,rosall,surrey hills,6525,nsw,19460730.0,6408479,99761,ashleigh,quilliam,bedford street,rosall,surrey hills,nsw,1970-01-01,6525,6525_qu,104
joel,ryan,26.0,lance hill avenue,cameroo,forest hill,3070,nsw,19720615.0,7563426,10420,joel,ryan,lance hill avenue,cameroo,forest hill,nsw,1970-01-01,3070,3070_ry,105
danjel,vincent,7.0,forbes street,villa 3,toukley,3178,qld,19510703.0,8506548,7133,danjel,vincent,forbes street,villa 3,toukley,qld,1970-01-01,3178,3178_vi,106
jasper,jennion,16.0,fitzhardinge crescent,lords house,glenside,4034,nsw,19720414.0,5825359,16321,jasper,jennion,fitzhardinge crescent,lords house,glenside,nsw,1970-01-01,4034,4034_je,107
chloe,crosthwaite,42.0,ashkanasy crescent,,canterbury,4215,nsw,19550722.0,8848058,65081,chloe,crosthwaite,ashkanasy crescent,,canterbury,nsw,1970-01-01,4215,4215_cr,108
natqlee,coleman,293.0,minns place,,waterman,3910,vic,19110405.0,3646292,62171,natqlee,coleman,minns place,,waterman,vic,1970-01-01,3910,3910_co,109
sophie,laundy,15.0,la perouse street,k mart plaza,eight mile plains,3981,vic,19021029.0,8888208,28067,sophie,laundy,la perouse street,k mart plaza,eight mile plains,vic,1970-01-01,3981,3981_la,110
reuven,edgecombe,6.0,ashburton circuit,north vaenue,palmerston,4231,vic,19540701.0,8642119,693,reuven,edgecombe,ashburton circuit,north vaenue,palmerston,vic,1970-01-01,4231,4231_ed,111
amber,pamplin,14.0,andrea palce,milton,seven hills,5054,wa,19691006.0,1824555,10887,amber,pamplin,andrea palce,milton,seven hills,wa,1970-01-01,5054,5054_pa,112
ayla,benjamin,3.0,bradfield street,concept,tatura,2030,wa,,4452328,28911,ayla,benjamin,bradfield street,concept,tatura,wa,,2030,2030_be,113
,kempton,8.0,homburg street,yellow dam,blacktown,3122,vic,19021108.0,8283089,56262,,kempton,homburg street,yellow dam,blacktown,vic,1970-01-01,3122,3122_ke,114
dylan,wilkins,18.0,denovan circuit,two tree hill,brighton-le-sands,2320,nsw,,8735875,74083,dylan,wilkins,denovan circuit,two tree hill,brighton le sands,nsw,,2320,2320_wi,115
sienna,slape,52.0,rene street,,burleigh waters,4034,vic,19400331.0,7340083,20293,sienna,slape,rene street,,burleigh waters,vic,1970-01-01,4034,4034_sl,116
michael,laverty,6.0,hytten place,sennockke,suffolk park,2208,vic,19631213.0,9807797,70498,michael,laverty,hytten place,sennockke,suffolk park,vic,1970-01-01,2208,2208_la,117
jake,grosser,3.0,lexcen a venue,horseshoe bend,bomaderry,2161,vic,19670227.0,8695287,31436,jake,grosser,lexcen a venue,horseshoe bend,bomaderry,vic,1970-01-01,2161,2161_gr,118
madison,maynard,257.0,holmes crescent,glenview,embleton,2154,nsw,19400506.0,3031454,51061,madison,maynard,holmes crescent,glenview,embleton,nsw,1970-01-01,2154,2154_ma,119
byron,wisowaty,58.0,pera place,john flynn medical centre,caulfield,6101,,19320304.0,8901022,88350,byron,wisowaty,pera place,john flynn medical centre,caulfield,,1970-01-01,6101,6101_wi,120
layla,thrussell,27.0,markell p lace,,frenchs forest,6728,qld,19250608.0,1947368,5110,layla,thrussell,markell p lace,,frenchs forest,qld,1970-01-01,6728,6728_th,121
jack,mcneeley,39.0,keverstone circuit,royal queensland yacht squadron,brighton-le-sands,4702,wa,19880329.0,1834993,19139,jack,mcneeley,keverstone circuit,royal queensland yacht squadron,brighton le sands,wa,1970-01-01,4702,4702_mc,122
grace,timmermans,18.0,cussen street,hallsville,preston,2251,wa,19501207.0,6702521,22741,grace,timmermans,cussen street,hallsville,preston,wa,1970-01-01,2251,2251_ti,123
carly,benger,61.0,gellibrand street,gradnview,carnegie,4011,nsw,19710126.0,5651019,15764,carly,benger,gellibrand street,gradnview,carnegie,nsw,1970-01-01,4011,4011_be,124
brydee,westermann,13.0,burkitt street,mlc centre,banks,3352,vic,19910126.0,1387695,28131,brydee,westermann,burkitt street,mlc centre,banks,vic,1970-01-01,3352,3352_we,125
isaac,clarke,1.0,armytage circuit,oaklands village,annangrove,3636,vic,19570425.0,9451125,766,isaac,clarke,armytage circuit,oaklands village,annangrove,vic,1970-01-01,3636,3636_cl,126
madison,dixson,37.0,,white lodge,ringwoid,5047,sa,19940413.0,7161189,30433,madison,dixson,,white lodge,ringwoid,sa,1970-01-01,5047,5047_di,127
fraser,tadege,1.0,mcinneswstreet,,scarborojgh,2870,nsw,19001013.0,3817644,25347,fraser,tadege,mcinneswstreet,,scarborojgh,nsw,1970-01-01,2870,2870_ta,128
lara,chandler,42.0,dempster place,henry kendall bayside,kingaroy,2219,nsw,19360624.0,3577228,42046,lara,chandler,dempster place,henry kendall bayside,kingaroy,nsw,1970-01-01,2219,2219_ch,129
hollv,shepherd,3.0,stillwell place,elstoh,albion park rail,6201,vic,19800323.0,4620818,98214,hollv,shepherd,stillwell place,elstoh,albion park rail,vic,1970-01-01,6201,6201_sh,130
alexa-rose,white,22.0,warrego circuit,burnisde,bayswater,3040,nt,19160822.0,2502613,10495,alexa rose,white,warrego circuit,burnisde,bayswater,nt,1970-01-01,3040,3040_wh,131
oliver,cureton,164.0,drevermann street,burraminga,toronto,3149,qld,19920126.0,9218356,74525,oliver,cureton,drevermann street,burraminga,toronto,qld,1970-01-01,3149,3149_cu,132
benjamin,muog,302.0,peat place,arlnigton,frankston,4518,nsw,19101008.0,5994946,13593,benjamin,muog,peat place,arlnigton,frankston,nsw,1970-01-01,4518,4518_mu,133
isabella,runlde,8.0,fawkner street,emerald agrigulural college,pottsville,6154,nsw,,6097070,6413,isabella,runlde,fawkner street,emerald agrigulural college,pottsville,nsw,,6154,6154_ru,134
charlie,ebert,21.0,brewster place,summerdale medical centre,frankston,4570,vic,19711020.0,3939901,63766,charlie,ebert,brewster place,summerdale medical centre,frankston,vic,1970-01-01,4570,4570_eb,47
haryr,clarke,,hyndes crescent,royal brisbane hospital,homebush,4805,nsw,19971021.0,6391939,29860,haryr,clarke,hyndes crescent,royal brisbane hospital,homebush,nsw,1970-01-01,4805,4805_cl,135
hayden,ngai,40.0,hinkler street,berajondo,nightcliff,2263,vic,19970624.0,2260097,44378,hayden,ngai,hinkler street,berajondo,nightcliff,vic,1970-01-01,2263,2263_ng,136
samuel,wasley,12.0,earle street,university shores,northbridge,2530,nsw,19461003.0,2561997,25127,samuel,wasley,earle street,university shores,northbridge,nsw,1970-01-01,2530,2530_wa,137
amber,black well,25.0,thomso n street,warrina lakes,salisbury,3188,nsw,19860325.0,2016958,35462,amber,black well,thomso n street,warrina lakes,salisbury,nsw,1970-01-01,3188,3188_bl,138
micaela,blackwell,,lewin street,rosedina,dulwich hill,4103,nsw,19791204.0,7856388,21419,micaela,blackwell,lewin street,rosedina,dulwich hill,nsw,1970-01-01,4103,4103_bl,139
callie,bullock,7.0,warramoo crescent,kanangra hstl,noble park,2650,tas,19351013.0,6636494,35252,callie,bullock,warramoo crescent,kanangra hstl,noble park,tas,1970-01-01,2650,2650_bu,140
sian,beelitz,3.0,ashkanasy crescent,miowera,sylvania,5042,nsw,19510904.0,3279804,1216,sian,beelitz,ashkanasy crescent,miowera,sylvania,nsw,1970-01-01,5042,5042_be,141
daniel,clarke,3.0,goldsborough close,,wilson,2206,wa,19630507.0,9886493,49759,daniel,clarke,goldsborough close,,wilson,wa,1970-01-01,2206,2206_cl,142
riley,faull,32.0,turner place,margaret river carvn park,long jetty,2033,nsw,19640728.0,8404785,36992,riley,faull,turner place,margaret river carvn park,long jetty,nsw,1970-01-01,2033,2033_fa,143
riley,wegemer,45.0,phillip avenue,walhalla,cremorne,3937,wa,19540621.0,9657253,86220,riley,wegemer,phillip avenue,walhalla,cremorne,wa,1970-01-01,3937,3937_we,144
alexandra,knapman,16.0,mceacherncxrescent,villa 306,chelsea heights,3429,sa,19151113.0,6888119,42801,alexandra,knapman,mceacherncxrescent,villa 306,chelsea heights,sa,1970-01-01,3429,3429_kn,145
niocla,collier,,schaff eyr place,mt styrt,sheidow park,2098,nsw,19420623.0,8536431,36879,niocla,collier,schaff eyr place,mt styrt,sheidow park,nsw,1970-01-01,2098,2098_co,146
emiily,vodden,41.0,clement place,arcadia,st johns park,2170,nsw,19811218.0,9588930,21350,emiily,vodden,clement place,arcadia,st johns park,nsw,1970-01-01,2170,2170_vo,147
cassandra,rafanelli,3025.0,,berragoon,st slbans,3020,wa,19270701.0,7377790,82037,cassandra,rafanelli,,berragoon,st slbans,wa,1970-01-01,3020,3020_ra,148
dominxic,flockhart,2.0,oxley street,clear creek,northgate,3000,wa,19890621.0,5173538,52090,dominxic,flockhart,oxley street,clear creek,northgate,wa,1970-01-01,3000,3000_fl,149
samantha,sabieray,68.0,quandong street,wattle brae,gorokan,4019,wa,19590807.0,2863290,2074,samantha,sabieray,quandong street,wattle brae,gorokan,wa,1970-01-01,4019,4019_sa,150
dominic,flockhdart,26.0,oxley street,clear creek,northgate,3001,wa,19890621.0,5173538,16022,dominic,flockhdart,oxley street,clear creek,northgate,wa,1970-01-01,3001,3001_fl,151
harrison,paulka,211.0,bourne street,tally ho,ballina,3976,vic,19260122.0,4721250,54917,harrison,paulka,bourne street,tally ho,ballina,vic,1970-01-01,3976,3976_pa,152
toby,maczkowiack,8.0,kanooka street,carinya vlge,canley vale,3219,nsw,19000328.0,7799632,83423,toby,maczkowiack,kanooka street,carinya vlge,canley vale,nsw,1970-01-01,3219,3219_ma,153
ruby,jeffries,73.0,forbes street,underwood,st albans,4165,nsw,19490705.0,8939903,83801,ruby,jeffries,forbes street,underwood,st albans,nsw,1970-01-01,4165,4165_je,154
charlotte,mccraken,5.0,,flr 5 john flynnmedical centre,bligh park,4814,nsw,19570529.0,6092940,1424,charlotte,mccraken,,flr 5 john flynnmedical centre,bligh park,nsw,1970-01-01,4814,4814_mc,155
sma,webb,5.0,deamer cerescent,belaradah,west lakes shore,2570,wa,19361215.0,4408444,67820,sma,webb,deamer cerescent,belaradah,west lakes shore,wa,1970-01-01,2570,2570_we,156
jonah,nguyen,8.0,dalley crescent,the palms village,kingary,2607,nsw,19591019.0,9550440,7600,jonah,nguyen,dalley crescent,the palms village,kingary,nsw,1970-01-01,2607,2607_ng,157
eliza,white,82.0,summerland circuit,rsd shee oak ridge,thornlie,2345,qld,19420103.0,6353345,54495,eliza,white,summerland circuit,rsd shee oak ridge,thornlie,qld,1970-01-01,2345,2345_wh,158
barnaby,egan,13.0,britten-jones drive,rawdon,kaleen,4304,vic,19270529.0,6442115,47693,barnaby,egan,britten jones drive,rawdon,kaleen,vic,1970-01-01,4304,4304_eg,159
kate,rawlings,70.0,corin place,oxfodrd,kuraby,4216,qld,19330925.0,2464828,34803,kate,rawlings,corin place,oxfodrd,kuraby,qld,1970-01-01,4216,4216_ra,160
mackinley,rees,93.0,oman place,locn 2192,parmelia,3084,wa,19710708.0,5830377,72109,mackinley,rees,oman place,locn 2192,parmelia,wa,1970-01-01,3084,3084_re,161
hayden,covino,10.0,glengariffe,deamer cf escent,north ryde,2705,qld,19541104.0,2494239,96268,hayden,covino,glengariffe,deamer cf escent,north ryde,qld,1970-01-01,2705,2705_co,162
jessica,ryan,37.0,mccrae street,cherry haven,junortoun,6065,vic,19980225.0,4602238,29534,jessica,ryan,mccrae street,cherry haven,junortoun,vic,1970-01-01,6065,6065_ry,163
bradley,clarke,40.0,sharwood csrescent,lynd hurat,ringwood,3959,wa,19510302.0,8586164,57621,bradley,clarke,sharwood csrescent,lynd hurat,ringwood,wa,1970-01-01,3959,3959_cl,164
locylan,grosser,5.0,yapunyah street,youralla,gingin,5276,nsw,19530210.0,5071722,29715,locylan,grosser,yapunyah street,youralla,gingin,nsw,1970-01-01,5276,5276_gr,165
danielle,morrison,95.0,london circuit,sec 552,bibra lake,4701,vic,19030709.0,8907802,77101,danielle,morrison,london circuit,sec 552,bibra lake,vic,1970-01-01,4701,4701_mo,166
alessandria,rabbitt,19.0,ellenborough street,inglemer,mirrabooka,2186,vic,19900410.0,6217834,34927,alessandria,rabbitt,ellenborough street,inglemer,mirrabooka,vic,1970-01-01,2186,2186_ra,167
phoebe,pettman-south,108.0,kernot street,surfrider carvn park,ballina,3175,vic,19720328.0,9681847,18560,phoebe,pettman south,kernot street,surfrider carvn park,ballina,vic,1970-01-01,3175,3175_pe,168
laura,braunak,87.0,durville crescent,,graceyville,2536,nsw,19550419.0,6978084,58093,laura,braunak,durville crescent,,graceyville,nsw,1970-01-01,2536,2536_br,169
joshu a,hohn,97.0,somme rlad place,coralyn,eight mile plains,3178,vic,19260422.0,6588717,11697,joshu a,hohn,somme rlad place,coralyn,eight mile plains,vic,1970-01-01,3178,3178_ho,170
millane,mccarthy,3.0,alfred hill drive,hold fast shores,mortlake,2032,wa,19630818.0,6220857,59914,millane,mccarthy,alfred hill drive,hold fast shores,mortlake,wa,1970-01-01,2032,2032_mc,171
emma,thackeray,71.0,kinkead street,warrah lea,newcomb,4161,,19670913.0,4676877,59631,emma,thackeray,kinkead street,warrah lea,newcomb,,1970-01-01,4161,4161_th,172
,,1.0,amaroo wallaroo road,parkside flats,chester hill,4811,nsw,19250804.0,1323712,58066,,,amaroo wallaroo road,parkside flats,chester hill,nsw,1970-01-01,4811,4811_,173
malakai,schoppe,31.0,boddington crescent,broadwater caravn park,trafalgar,2747,vic,19141221.0,9890346,95246,malakai,schoppe,boddington crescent,broadwater caravn park,trafalgar,vic,1970-01-01,2747,2747_sc,174
anastasia,kromwyk,17.0,dyson street,,talwood,4115,vic,,8198114,96239,anastasia,kromwyk,dyson street,,talwood,vic,,4115,4115_kr,175
jared,wytkin,61.0,belfield crescent,rowethorpe,bundaberg,5081,,19831025.0,2988806,4708,jared,wytkin,belfield crescent,rowethorpe,bundaberg,,1970-01-01,5081,5081_wy,176
brinaa,morrison,4.0,coolac vplace,esk farm,seaton,2566,vic,19131203.0,2277933,93708,brinaa,morrison,coolac vplace,esk farm,seaton,vic,1970-01-01,2566,2566_mo,177
lily,petersen,13.0,bissenberger crescent,,melville,2250,,19020326.0,3851124,42566,lily,petersen,bissenberger crescent,,melville,,1970-01-01,2250,2250_pe,178
sophie,lovelock,7.0,calder crescent,,pitt town,3810,nsw,19470413.0,1321061,71016,sophie,lovelock,calder crescent,,pitt town,nsw,1970-01-01,3810,3810_lo,179
joshua,eyles,27.0,harcourt street,belmore river,underdale,2112,vic,19861219.0,1761692,24534,joshua,eyles,harcourt street,belmore river,underdale,vic,1970-01-01,2112,2112_ey,180
abbey,herno,1.0,drosera place,quandialla,yarra junction,800,vic,19760613.0,2291123,55782,abbey,herno,drosera place,quandialla,yarra junction,vic,1970-01-01,0800,0800_he,181
alexandra,heron,327.0,tullaroop street,vinery,elsternwick,6208,nsw,19400609.0,9873657,66371,alexandra,heron,tullaroop street,vinery,elsternwick,nsw,1970-01-01,6208,6208_he,182
jaiden,rollins,48.0,tulgeywood,rossarden street,balwyn north,2224,nt,19280722.0,7626396,45656,jaiden,rollins,tulgeywood,rossarden street,balwyn north,nt,1970-01-01,2224,2224_ro,183
timothy,neville,21.0,fihelly street,villa2,st lucia,3108,wa,19781123.0,1955388,16838,timothy,neville,fihelly street,villa2,st lucia,wa,1970-01-01,3108,3108_ne,184
jarod,mccarthy,63.0,henty street,moriah ifelds,,2166,nsw,19400529.0,6158276,89009,jarod,mccarthy,henty street,moriah ifelds,,nsw,1970-01-01,2166,2166_mc,185
erin,humphreys,11.0,endeavour street,lake macquzrie vlge,umina beach,4873,nsw,19670519.0,9387932,18515,erin,humphreys,endeavour street,lake macquzrie vlge,umina beach,nsw,1970-01-01,4873,4873_hu,186
ruby,reid,7.0,fitzmaurice street,,eaglwhawk,2260,qld,19120626.0,8386277,13821,ruby,reid,fitzmaurice street,,eaglwhawk,qld,1970-01-01,2260,2260_re,187
charlie,primvaera,6.0,chauvel street,st francis vlge,dover yeights,2533,nsw,19250314.0,3173638,7906,charlie,primvaera,chauvel street,st francis vlge,dover yeights,nsw,1970-01-01,2533,2533_pr,188
christian,ferris,3.0,coombe street,warraview,plumpton,5008,nsw,19930222.0,1670806,19945,christian,ferris,coombe street,warraview,plumpton,nsw,1970-01-01,5008,5008_fe,189
eliza,mason,57.0,kennedy sreet,brentwodo vlge,bundamba,4067,tas,19071124.0,3004030,74888,eliza,mason,kennedy sreet,brentwodo vlge,bundamba,tas,1970-01-01,4067,4067_ma,190
kylie,dixon,4.0,sanford xplace,white lofdge,phillip,5047,sa,19000404.0,7161189,85545,kylie,dixon,sanford xplace,white lofdge,phillip,sa,1970-01-01,5047,5047_di,191
lauren,paine,27.0,mcvey pace,yambira,helid on,2776,qld,19440502.0,4517134,2226,lauren,paine,mcvey pace,yambira,helid on,qld,1970-01-01,2776,2776_pa,192
alexandra,grosvenor,16.0,anembo street,glenlee,frankston,4818,nsw,19930305.0,2128447,46222,alexandra,grosvenor,anembo street,glenlee,frankston,nsw,1970-01-01,4818,4818_gr,193
harrison,schumann,24.0,monaro crescent,donnelly rvr villg,oakleigh,2280,nsw,19991013.0,9551413,40875,harrison,schumann,monaro crescent,donnelly rvr villg,oakleigh,nsw,1970-01-01,2280,2280_sc,194
beams,emiily,1.0,tarrabo ol street,,andergrove,2075,qld,19011124.0,6512231,31127,beams,emiily,tarrabo ol street,,andergrove,qld,1970-01-01,2075,2075_em,195
ryan,fey,82.0,kitchener street,un t 1,slacks creek,3450,qld,19870928.0,4515379,80576,ryan,fey,kitchener street,un t 1,slacks creek,qld,1970-01-01,3450,3450_fe,196
georgia,byersi,17.0,hilder street,,palmerston,4740,nse,19550530.0,6410415,6374,georgia,byersi,hilder street,,palmerston,nse,1970-01-01,4740,4740_by,197
anika,spicer,3.0,melrose drive,rmbe 770,view bank,2067,nsw,19861012.0,1434508,64595,anika,spicer,melrose drive,rmbe 770,view bank,nsw,1970-01-01,2067,2067_sp,198
liam,kothe,8.0,beaurepaire crescent,,allawah,4570,qld,19740720.0,6657084,90259,liam,kothe,beaurepaire crescent,,allawah,qld,1970-01-01,4570,4570_ko,199
jaco b,,24.0,downward place,banksia village,bunbury,4671,qld,19470530.0,3777070,28504,jaco b,,downward place,banksia village,bunbury,qld,1970-01-01,4671,4671_,200
pia,campbell,28.0,euree street,ursula,corowa,3199,vic,19150704.0,7029505,48230,pia,campbell,euree street,ursula,corowa,vic,1970-01-01,3199,3199_ca,201
lucinda,mcneill,7.0,ashburton circuit,malekula,vaucluse,3223,qld,19090228.0,4364711,21312,lucinda,mcneill,ashburton circuit,malekula,vaucluse,qld,1970-01-01,3223,3223_mc,202
olivia,wheatley,5.0,crisp circuit,stanhope sth,lake clarendon,4575,qld,19421007.0,5051083,82521,olivia,wheatley,crisp circuit,stanhope sth,lake clarendon,qld,1970-01-01,4575,4575_wh,203
thomas,finlay,2.0,vicke ry street,brindabella court,page,2160,qld,19520829.0,5555657,29940,thomas,finlay,vicke ry street,brindabella court,page,qld,1970-01-01,2160,2160_fi,204
erin,humphreys,11.0,endeavour street,lake macquaire vlge,elanora heights,4874,nsw,19670519.0,5094045,93815,erin,humphreys,endeavour street,lake macquaire vlge,elanora heights,nsw,1970-01-01,4874,4874_hu,205
dominic,,2.0,oxley street,clear creek,northgate,3000,wa,19890621.0,5173538,83802,dominic,,oxley street,clear creek,northgate,wa,1970-01-01,3000,3000_,206
isabella,gilbertson,67.0,boswell c rescent,,morwell,4704,qld,19111011.0,9304242,39789,isabella,gilbertson,boswell c rescent,,morwell,qld,1970-01-01,4704,4704_gi,207
holly,shepherd,44.0,castlereaghcrescent,dalkeith cottage,eaton,6060,vic,19980816.0,1917978,80028,holly,shepherd,castlereaghcrescent,dalkeith cottage,eaton,vic,1970-01-01,6060,6060_sh,208
lachlan,goldsworthy,61.0,ashkanasy crescent,mcivor ridge,rowville,3158,vic,19450818.0,8577437,59530,lachlan,goldsworthy,ashkanasy crescent,mcivor ridge,rowville,vic,1970-01-01,3158,3158_go,209
andrea,brokenshire,3.0,sturdee crescent,,birmingham gardens,2455,nsw,19450619.0,2381532,46782,andrea,brokenshire,sturdee crescent,,birmingham gardens,nsw,1970-01-01,2455,2455_br,210
jed,hearn,560.0,gairdner circuit,hd curramulka,alice springs,3056,qld,19060312.0,9442649,11557,jed,hearn,gairdner circuit,hd curramulka,alice springs,qld,1970-01-01,3056,3056_he,211
jordhau,ryan,16.0,carnegie crescent,tahmoor,millrbook,6004,vic,19900903.0,2479030,18835,jordhau,ryan,carnegie crescent,tahmoor,millrbook,vic,1970-01-01,6004,6004_ry,212
joshua,morrison,17.0,beasley street,,tingalpa,5097,vic,19101123.0,1294692,77803,joshua,morrison,beasley street,,tingalpa,vic,1970-01-01,5097,5097_mo,213
flynn,crea,45.0,,,lismore,2068,nsw,19610318.0,7062906,7060,flynn,crea,,,lismore,nsw,1970-01-01,2068,2068_cr,214
jacob,marampon,39.0,lowanna street,glenveagh,keysborough,3806,vic,,7380723,10805,jacob,marampon,lowanna street,glenveagh,keysborough,vic,,3806,3806_ma,215
olivia,philps,84.0,ennor crescent,yarawee,king river,2540,nsw,19770302.0,4412451,34466,olivia,philps,ennor crescent,yarawee,king river,nsw,1970-01-01,2540,2540_ph,216
madison,fenwick,63.0,terry close,llandina,glenside,4551,sa,19210711.0,9717577,44460,madison,fenwick,terry close,llandina,glenside,sa,1970-01-01,4551,4551_fe,217
juliana,petersen,25.0,currong street,admiralty quays,glenside,5280,nsw,19610510.0,1726629,70720,juliana,petersen,currong street,admiralty quays,glenside,nsw,1970-01-01,5280,5280_pe,218
loan,green,11.0,marlock street,kersley mews,an ula,6233,nsw,19440514.0,2837625,47461,loan,green,marlock street,kersley mews,an ula,nsw,1970-01-01,6233,6233_gr,219
ebpony,,90.0,david street,,long jetty,6630,nsw,19410614.0,7166687,92740,ebpony,,david street,,long jetty,nsw,1970-01-01,6630,6630_,220
timothy,neville,21.0,fihelly street,villa 2,st lucia,3108,wa,19781123.0,1955388,78988,timothy,neville,fihelly street,villa 2,st lucia,wa,1970-01-01,3108,3108_ne,184
charlei,ebert,21.0,brewste r place,summerdale medical centre,frankston,4570,vic,19711020.0,3939901,34245,charlei,ebert,brewste r place,summerdale medical centre,frankston,vic,1970-01-01,4570,4570_eb,47
bianca,marlow,34.0,dietricho place,,alice springs,5065,wa,19980201.0,4351633,20020,bianca,marlow,dietricho place,,alice springs,wa,1970-01-01,5065,5065_ma,221
kayne,priest,48.0,temperley street,sunrest squd,north nrarabeen,3995,wa,19831118.0,1585410,48205,kayne,priest,temperley street,sunrest squd,north nrarabeen,wa,1970-01-01,3995,3995_pr,222
madison,boxhall,10.0,yanda street,kookaburra village,dapto,4703,sa,19170926.0,7262746,79619,madison,boxhall,yanda street,kookaburra village,dapto,sa,1970-01-01,4703,4703_bo,223
erin,birchby,24.0,burrowes place,elston,creswick,4721,vic,19461022.0,7298611,46039,erin,birchby,burrowes place,elston,creswick,vic,1970-01-01,4721,4721_bi,224
jasmine,sach,17.0,goble s treet,ren own,gawler west,2031,nsw,19791109.0,2530372,21900,jasmine,sach,goble s treet,ren own,gawler west,nsw,1970-01-01,2031,2031_sa,225
jack,brock,1.0,duhig place,,boyanup,2484,nsw,19800422.0,8460078,80428,jack,brock,duhig place,,boyanup,nsw,1970-01-01,2484,2484_br,226
hugo,walkington,51.0,oxley street,karoo,oak park,6026,nsw,19150227.0,8296721,4983,hugo,walkington,oxley street,karoo,oak park,nsw,1970-01-01,6026,6026_wa,227
,whiteley,17.0,mcluckie crescent,kintrye,malvern east,4810,vic,19800908.0,2774642,49367,,whiteley,mcluckie crescent,kintrye,malvern east,vic,1970-01-01,4810,4810_wh,228
cameron,unyland,25.0,chewings street,underwood,broken hill,6109,qld,19980904.0,2071902,74754,cameron,unyland,chewings street,underwood,broken hill,qld,1970-01-01,6109,6109_un,229
jared,wytkon,61.0,belfield crescent,rowethorpe,bundaberg,5081,,19831025.0,2988806,33864,jared,wytkon,belfield crescent,rowethorpe,bundaberg,,1970-01-01,5081,5081_wy,176
danielle,millar,6.0,stanfield close,rosetta village,blackburn north,3102,qld,19991007.0,1611706,38697,danielle,millar,stanfield close,rosetta village,blackburn north,qld,1970-01-01,3102,3102_mi,77
charlotte,carbone,12.0,peppin place,,albury,4559,sa,19171126.0,4856046,21905,charlotte,carbone,peppin place,,albury,sa,1970-01-01,4559,4559_ca,230
matthew,seddon,195.0,collingriddge street,port 366,paralowie,3830,nsw,19920305.0,6514580,51877,matthew,seddon,collingriddge street,port 366,paralowie,nsw,1970-01-01,3830,3830_se,231
any,miteff,68.0,john clelad crescent,barkom,blackheath,2036,qld,19160228.0,2583901,24489,any,miteff,john clelad crescent,barkom,blackheath,qld,1970-01-01,2036,2036_mi,232
jessica,wasley,53.0,eyre street,milmilland,cronulla,2564,wa,19931004.0,3209589,31967,jessica,wasley,eyre street,milmilland,cronulla,wa,1970-01-01,2564,2564_wa,233
keely,dixon,2.0,lacey place,briars meadows,barrington,5087,nsw,19380328.0,5477511,1610,keely,dixon,lacey place,briars meadows,barrington,nsw,1970-01-01,5087,5087_di,234
matthew,brookhouse,3.0,goodparla street,timdoolin,highett,2170,nsw,19101115.0,6804612,22517,matthew,brookhouse,goodparla street,timdoolin,highett,nsw,1970-01-01,2170,2170_br,235
,rundle,101.0,eaglemont retreat,laalgarths,prospect,6168,qld,19070103.0,7881088,34885,,rundle,eaglemont retreat,laalgarths,prospect,qld,1970-01-01,6168,6168_ru,236
,frgh,62.0,matina street,sun city r esort,ascot park,4107,wa,19760203.0,9419843,138,,frgh,matina street,sun city r esort,ascot park,wa,1970-01-01,4107,4107_fr,237
olivia,cecotti,4.0,dobell circuit,,cabramatta,6152,vic,19580919.0,6701777,25836,olivia,cecotti,dobell circuit,,cabramatta,vic,1970-01-01,6152,6152_ce,238
brianna,morrison,4.0,burston place,esk f airm,seaton,2566,vic,19131203.0,2277933,12561,brianna,morrison,burston place,esk f airm,seaton,vic,1970-01-01,2566,2566_mo,239
sarah,greenw,37.0,kelleway avenue,allandale,marlesgon,6014,qld,19140908.0,6213427,90408,sarah,greenw,kelleway avenue,allandale,marlesgon,qld,1970-01-01,6014,6014_gr,240
jenna,pasalic,679.0,tarana street,mallanganee,osborne,4342,vic,19541124.0,7730932,47025,jenna,pasalic,tarana street,mallanganee,osborne,vic,1970-01-01,4342,4342_pa,241
kylie,koziol,16.0,wolff crescent,brentwood vlge,kurrajong heights,3135,vic,19320709.0,9336502,76339,kylie,koziol,wolff crescent,brentwood vlge,kurrajong heights,vic,1970-01-01,3135,3135_ko,242
samuel,walls,74.0,shoalhaven avenue,clearc reek,racevieh,3223,nsw,19370409.0,4859969,34507,samuel,walls,shoalhaven avenue,clearc reek,racevieh,nsw,1970-01-01,3223,3223_wa,243
christopher,behnke,378.0,troughton street,,geranium,3496,qld,19080930.0,7045937,27318,christopher,behnke,troughton street,,geranium,qld,1970-01-01,3496,3496_be,244
alexandra,clarke,184.0,sadlier srreet,yakatoon,westbrook,2756,qld,19190129.0,2749367,2986,alexandra,clarke,sadlier srreet,yakatoon,westbrook,qld,1970-01-01,2756,2756_cl,245
zachary,ebert,64.0,costello circuit,foxlea,mosman,2280,nsw,19390217.0,2473890,918,zachary,ebert,costello circuit,foxlea,mosman,nsw,1970-01-01,2280,2280_eb,246
zarlia,lowe,48.0,van raalte place,hd blanche sec 28,cabramatta,3192,wa,19730726.0,2720933,1248,zarlia,lowe,van raalte place,hd blanche sec 28,cabramatta,wa,1970-01-01,3192,3192_lo,247
jasmine,morrison,16.0,methven place,armidale,point lonsdale,3211,wa,19760810.0,1195414,66758,jasmine,morrison,methven place,armidale,point lonsdale,wa,1970-01-01,3211,3211_mo,248
joshua,felmingham,46.0,fullagar crescent,mariner views,evandsle,2229,nsw,19810315.0,8249572,50971,joshua,felmingham,fullagar crescent,mariner views,evandsle,nsw,1970-01-01,2229,2229_fe,249
holly,stoker,5.0,ballumbir street,chetwynd,kirrawee,6009,vic,19300121.0,8373818,80476,holly,stoker,ballumbir street,chetwynd,kirrawee,vic,1970-01-01,6009,6009_st,250
nicilas,fogg,48.0,wilshire street,safar i lodge,lemonhrove,2011,,19901127.0,3325932,59193,nicilas,fogg,wilshire street,safar i lodge,lemonhrove,,1970-01-01,2011,2011_fo,251
grayson,stanley,9.0,eaglemont retreat,,brighton-le-sands,4107,tas,19710422.0,5818249,12664,grayson,stanley,eaglemont retreat,,brighton le sands,tas,1970-01-01,4107,4107_st,252
liam,grubb,63.0,rowellsplace,,kotara south,3002,qld,19660416.0,6643838,90606,liam,grubb,rowellsplace,,kotara south,qld,1970-01-01,3002,3002_gr,253
toby,garran,8.0,mcguiness place,the tops,miami,3125,qld,19520817.0,8221456,62347,toby,garran,mcguiness place,the tops,miami,qld,1970-01-01,3125,3125_ga,254
christian,walch,3.0,coombe street,warraview,plumpotn,5008,nsw,19930222.0,1670806,53418,christian,walch,coombe street,warraview,plumpotn,nsw,1970-01-01,5008,5008_wa,255
nataoia,georfe,22.0,woollum s treet,glenview,morwell,6065,wa,19540306.0,7746839,74762,nataoia,georfe,woollum s treet,glenview,morwell,wa,1970-01-01,6065,6065_ge,256
connor,moerland,38.0,arthur circle,red cross units,greenwood,2680,wa,19351222.0,6169516,45896,connor,moerland,arthur circle,red cross units,greenwood,wa,1970-01-01,2680,2680_mo,257
jessica,mac kinder,15.0,wright place,,lavender bay,4727,sa,19191217.0,1762210,71574,jessica,mac kinder,wright place,,lavender bay,sa,1970-01-01,4727,4727_ma,258
hayley,white,1.0,hallenc lose,chelsez house,oran ge,2176,sa,19810909.0,4247423,35608,hayley,white,hallenc lose,chelsez house,oran ge,sa,1970-01-01,2176,2176_wh,259
amber,white,31.0,moodie street,degafelga,eaton,2042,nsw,19120819.0,2839026,36787,amber,white,moodie street,degafelga,eaton,nsw,1970-01-01,2042,2042_wh,260
jaxin,helling,13.0,donald place,the mount,riverhills,4214,vic,19141026.0,3066240,42595,jaxin,helling,donald place,the mount,riverhills,vic,1970-01-01,4214,4214_he,261
benjamin,presley,85.0,namatjira drive,guest village (cnr bullcreek d drive,sunnybank,2320,wa,19831208.0,5671732,25978,benjamin,presley,namatjira drive,guest village cnr bullcreek d drive,sunnybank,wa,1970-01-01,2320,2320_pr,262
keeley,felmingham,32.0,angliss place,cranbrook,annandale,2670,nsw,19860811.0,5148092,15756,keeley,felmingham,angliss place,cranbrook,annandale,nsw,1970-01-01,2670,2670_fe,263
kaysey,kon,1.0,ohiostation,gaylard place,,5009,vic,19600828.0,8475924,86315,kaysey,kon,ohiostation,gaylard place,,vic,1970-01-01,5009,5009_ko,264
spyke,karlsen,4.0,northam street,aptmt 206,southbank,2329,aw,19110129.0,5567470,92678,spyke,karlsen,northam street,aptmt 206,southbank,aw,1970-01-01,2329,2329_ka,265
keziah,parr,20.0,clift crescent,brookvale,murphys creek,2761,nsw,19550103.0,3697304,48263,keziah,parr,clift crescent,brookvale,murphys creek,nsw,1970-01-01,2761,2761_pa,20
kyle,malin,318.0,namadgi circuit,old hillside,mooroolbark,3912,wa,19091113.0,3977557,17053,kyle,malin,namadgi circuit,old hillside,mooroolbark,wa,1970-01-01,3912,3912_ma,266
roisin,bishop,32.0,manning street,rosehlen,mount colah,2902,vic,19481220.0,9469770,65435,roisin,bishop,manning street,rosehlen,mount colah,vic,1970-01-01,2902,2902_bi,267
,blyde,,torrens street,moorillyah,port augusta,3620,vic,19650621.0,8787550,95378,,blyde,torrens street,moorillyah,port augusta,vic,1970-01-01,3620,3620_bl,268
mikhayla,hannaan,20.0,,brentwoodvlge,penshurst,2257,vic,19770501.0,1030769,84573,mikhayla,hannaan,,brentwoodvlge,penshurst,vic,1970-01-01,2257,2257_ha,269
oliver,campbell,124.0,moon place,,thornbury,4103,vic,19681119.0,8352510,64204,oliver,campbell,moon place,,thornbury,vic,1970-01-01,4103,4103_ca,270
lee,zogopoulos,61.0,woronorastreet,tourist park,coombabah,6107,nsw,19200609.0,3239855,87608,lee,zogopoulos,woronorastreet,tourist park,coombabah,nsw,1970-01-01,6107,6107_zo,271
joshua,clarke,25.0,kingsford smith drive,,taigum,6108,vic,19961109.0,1596405,69109,joshua,clarke,kingsford smith drive,,taigum,vic,1970-01-01,6108,6108_cl,272
vincen,luke,,du faur sctreet,ehwk,rose bay,4122,vic,19731223.0,5930785,56365,vincen,luke,du faur sctreet,ehwk,rose bay,vic,1970-01-01,4122,4122_lu,273
lachlq-njohn,rivers,5.0,perier place,oakdale,corio,4313,nsw,19960904.0,8009557,80197,lachlq njohn,rivers,perier place,oakdale,corio,nsw,1970-01-01,4313,4313_ri,274
hana,weaver,8.0,colvin street,,albury,6085,,19181111.0,9473856,57957,hana,weaver,colvin street,,albury,,1970-01-01,6085,6085_we,275
daniel,kluske,40.0,hawkesbury crescent,tritonu nits,oakhurst,3175,nsw,19820727.0,7413438,54500,daniel,kluske,hawkesbury crescent,tritonu nits,oakhurst,nsw,1970-01-01,3175,3175_kl,276
kiandra,,2.0,gatliff place,rustenburg sth,girgarre,3995,qld,19801125.0,3328205,19179,kiandra,,gatliff place,rustenburg sth,girgarre,qld,1970-01-01,3995,3995_,277
grace,futcher,70.0,burt street,clear creek,mentone,6023,nsw,19361127.0,2331344,34740,grace,futcher,burt street,clear creek,mentone,nsw,1970-01-01,6023,6023_fu,278
melinda,sherin,9.0,conley d rive,,westmeaodws,3226,vic,19511104.0,9615557,93674,melinda,sherin,conley d rive,,westmeaodws,vic,1970-01-01,3226,3226_sh,279
samara,willing,,,coolzinda,concord,3765,nsw,19600828.0,1045315,17927,samara,willing,,coolzinda,concord,nsw,1970-01-01,3765,3765_wi,280
benjamin,brakin,12.0,leahy close,elizabeth residential village,dover heights,2164,nsw,19240924.0,9191751,25093,benjamin,brakin,leahy close,elizabeth residential village,dover heights,nsw,1970-01-01,2164,2164_br,281
lucy,shelley,43.0,longstaff street,agarabi,dover heights,4152,nsw,19100324.0,4322420,81199,lucy,shelley,longstaff street,agarabi,dover heights,nsw,1970-01-01,4152,4152_sh,282
shana,kowald,9.0,locn 24,dookie street,port macquarie,2568,sa,19200305.0,2522502,21278,shana,kowald,locn 24,dookie street,port macquarie,sa,1970-01-01,2568,2568_ko,283
jake,burnell,34.0,bennelong crescent,greta main,ivanhoe,5066,nsw,19170529.0,9639692,5623,jake,burnell,bennelong crescent,greta main,ivanhoe,nsw,1970-01-01,5066,5066_bu,284
coby,berry,72.0,heagney crescent,,cremorne,3078,vic,19260518.0,1390881,36102,coby,berry,heagney crescent,,cremorne,vic,1970-01-01,3078,3078_be,285
,siemers,21.0,hopegood rplace,,auburn,5700,vic,19350122.0,2557455,72396,,siemers,hopegood rplace,,auburn,vic,1970-01-01,5700,5700_si,286
blake,bristow,12.0,archibald street,the willows,cleveland,2184,,19540515.0,9773077,21617,blake,bristow,archibald street,the willows,cleveland,,1970-01-01,2184,2184_br,287
chloe,woodmansee,,gollan street,ettrick,renown park,4066,nsw,19181016.0,7475748,12334,chloe,woodmansee,gollan street,ettrick,renown park,nsw,1970-01-01,4066,4066_wo,288
alec,mason,18.0,barrie r treet,sec 443 bellamour,park hplme,2029,wa,19061024.0,5623275,41599,alec,mason,barrie r treet,sec 443 bellamour,park hplme,wa,1970-01-01,2029,2029_ma,289
trentk,brni,40.0,madigan street,,ekibin,3196,nsw,19700723.0,7357958,45615,trentk,brni,madigan street,,ekibin,nsw,1970-01-01,3196,3196_br,290
amber,kexel,49.0,daintree crescent,,new farm,4061,vic,,9952722,28662,amber,kexel,daintree crescent,,new farm,vic,,4061,4061_ke,291
crea,lauren,118.0,city walk,sit 9,atholp ark,3081,vic,19960613.0,1646449,61979,crea,lauren,city walk,sit 9,atholp ark,vic,1970-01-01,3081,3081_la,292
jade,dixon,202.0,leven street,francis ch ambers,toronto,3228,nsw,,5898510,54247,jade,dixon,leven street,francis ch ambers,toronto,nsw,,3228,3228_di,293
emiily,leslie,37.0,medley street,tamar arcade,athelstone,4380,sa,19900328.0,5816513,67942,emiily,leslie,medley street,tamar arcade,athelstone,sa,1970-01-01,4380,4380_le,294
george,riddell,79.0,knoke avenue,bonnie doon,manly vale,4405,sa,19360413.0,2523840,23534,george,riddell,knoke avenue,bonnie doon,manly vale,sa,1970-01-01,4405,4405_ri,295
white,jean-claude,75.0,noel ryangarden,,glengorwie,7081,nsw,19400918.0,9764411,62827,white,jean claude,noel ryangarden,,glengorwie,nsw,1970-01-01,7081,7081_je,296
christian,berryman,3.0,coxstreet,bays hospital,sunshine,2513,qld,19890812.0,5492745,62472,christian,berryman,coxstreet,bays hospital,sunshine,qld,1970-01-01,2513,2513_be,297
ethan,vincdnt,2.0,o'connell street,canberra hse,urana,5108,tas,19510914.0,5305035,62325,ethan,vincdnt,o'connell street,canberra hse,urana,tas,1970-01-01,5108,5108_vi,298
joh,banelis,5.0,sexton smtreet,glenhurst,auburn,3140,vic,19981006.0,8328210,66239,joh,banelis,sexton smtreet,glenhurst,auburn,vic,1970-01-01,3140,3140_ba,299
hannah,bullock,115.0,mcaulay place,wathonga,salt ash,810,vic,19671103.0,9343222,56208,hannah,bullock,mcaulay place,wathonga,salt ash,vic,1970-01-01,0810,0810_bu,300
samuel,,464.0,warragamba avenue,alton hills,,5086,qld,19120212.0,8866520,98579,samuel,,warragamba avenue,alton hills,,qld,1970-01-01,5086,5086_,301
christian,colemn,312.0,anderson street,ngere,north sydney,2486,nsw,19851226.0,3498401,89887,christian,colemn,anderson street,ngere,north sydney,nsw,1970-01-01,2486,2486_co,302
jackson,prestia,29.0,priddle street,mirilla,graceville,3012,qld,19260601.0,5613219,65496,jackson,prestia,priddle street,mirilla,graceville,qld,1970-01-01,3012,3012_pr,303
eliza,tiffin,8.0,brawn place,unt 19a,northbridge,2017,vic,19131019.0,9311089,79775,eliza,tiffin,brawn place,unt 19a,northbridge,vic,1970-01-01,2017,2017_ti,304
wilkins,zanke,,jervois street,cerbrus,coolroo,6208,nsw,19471017.0,7918563,83897,wilkins,zanke,jervois street,cerbrus,coolroo,nsw,1970-01-01,6208,6208_za,305
samantha,barol,11.0,albermarle place,young retirement village,clayton,3199,sa,19920307.0,9185902,76473,samantha,barol,albermarle place,young retirement village,clayton,sa,1970-01-01,3199,3199_ba,306
reece,lyden,4.0,cobar p lace,deergarden caravn park,marluan,2002,sa,19881122.0,2283302,9843,reece,lyden,cobar p lace,deergarden caravn park,marluan,sa,1970-01-01,2002,2002_ly,307
benjamin,mugo,302.0,peat plcae,arlington,franwton,4510,nsw,19101008.0,5994946,17356,benjamin,mugo,peat plcae,arlington,franwton,nsw,1970-01-01,4510,4510_mu,308
sarah,green,37.0,kelleway avenue,allandale,marleston,6014,qld,19140908.0,6213427,5703,sarah,green,kelleway avenue,allandale,marleston,qld,1970-01-01,6014,6014_gr,240
charlotte,poyntz,,heidelberg street,rainbow ridge,rose bay,2195,sa,19610502.0,4585131,29842,charlotte,poyntz,heidelberg street,rainbow ridge,rose bay,sa,1970-01-01,2195,2195_po,309
zachary,rees,4.0,hicks street,ferndale,camira,3016,vic,19660116.0,8690395,4034,zachary,rees,hicks street,ferndale,camira,vic,1970-01-01,3016,3016_re,310
madeleine,kingsley,43.0,tuross close,colooli village,,5107,nsw,19290406.0,4242245,486,madeleine,kingsley,tuross close,colooli village,,nsw,1970-01-01,5107,5107_ki,311
trent,miles,10.0,ashby circuit,kilnacrott,come by chance,6239,nsw,19711119.0,1065749,52384,trent,miles,ashby circuit,kilnacrott,come by chance,nsw,1970-01-01,6239,6239_mi,312
oliver,durnin,7.0,davies place,fairlane estate,paddington,2024,nsw,19380406.0,3903404,30874,oliver,durnin,davies place,fairlane estate,paddington,nsw,1970-01-01,2024,2024_du,313
jessica,smallacombe,43.0,eve pelace,ellerslee,nunawading,5504,vic,19060713.0,6942191,47634,jessica,smallacombe,eve pelace,ellerslee,nunawading,vic,1970-01-01,5504,5504_sm,314
annabel,coleman,3.0,thesiger court,,punchbowl,4370,nsw,19621002.0,2453001,75414,annabel,coleman,thesiger court,,punchbowl,nsw,1970-01-01,4370,4370_co,315
zac,crosswell,5.0,robertson street,,mount pleasant,3931,sa,19870929.0,5911092,42888,zac,crosswell,robertson street,,mount pleasant,sa,1970-01-01,3931,3931_cr,316
silas,laundy,19.0,pogney place,cumkillenbar,berwick,2444,qld,19651115.0,4501441,68881,silas,laundy,pogney place,cumkillenbar,berwick,qld,1970-01-01,2444,2444_la,317
zac,cresp,,nambucca street,,sandy bay,2768,vic,19761117.0,2624663,78895,zac,cresp,nambucca street,,sandy bay,vic,1970-01-01,2768,2768_cr,318
nde,lodge,32.0,karuah street,,bundamba,2280,act,19510526.0,9020603,73181,nde,lodge,karuah street,,bundamba,act,1970-01-01,2280,2280_lo,319
colquhoun,chelsea,22.0,tillyard drive,rowethorpe,noarlunga downs,2800,nsw,19690220.0,4281779,76155,colquhoun,chelsea,tillyard drive,rowethorpe,noarlunga downs,nsw,1970-01-01,2800,2800_ch,320
samuel,ryan,31.0,gossenstreet,allunga,brightwaters,3053,qld,19670118.0,5648286,15592,samuel,ryan,gossenstreet,allunga,brightwaters,qld,1970-01-01,3053,3053_ry,321
finlay,rivef,5.0,crisp circuit,kerse y' south,newstead,2071,vic,19111130.0,1094276,77264,finlay,rivef,crisp circuit,kerse y' south,newstead,vic,1970-01-01,2071,2071_ri,322
lily,lillie-hinrichs,14.0,balsillie crescent,brindabella specialist centre,budgong,6164,nsw,19920421.0,5168585,43675,lily,lillie hinrichs,balsillie crescent,brindabella specialist centre,budgong,nsw,1970-01-01,6164,6164_li,323
harry,gren,20.0,louisa lawsondcrescent,,bligh park,2560,wa,19790228.0,5349388,90976,harry,gren,louisa lawsondcrescent,,bligh park,wa,1970-01-01,2560,2560_gr,324
meg,velzeboer,24.0,kosciusko avenue,homesite 3,labrador,3806,nsw,19690222.0,5490038,39711,meg,velzeboer,kosciusko avenue,homesite 3,labrador,nsw,1970-01-01,3806,3806_ve,325
dylan,campbell,,mackey plce,cypress garden,booval,2604,vic,19900718.0,4147733,47265,dylan,campbell,mackey plce,cypress garden,booval,vic,1970-01-01,2604,2604_ca,326
lily,sideris,16.0,hallstrom circuit,,,6012,nsw,19150910.0,9848730,47698,lily,sideris,hallstrom circuit,,,nsw,1970-01-01,6012,6012_si,327
aprl,shephedrdson,2.0,oxley st reet,medical centre,warooka,4118,vic,19550216.0,5167601,5718,aprl,shephedrdson,oxley street reet,medical centre,warooka,vic,1970-01-01,4118,4118_sh,328
tara,whiteh,320.0,wintersmreet,yengola,wanneroo,3153,nsw,19460615.0,3244945,11924,tara,whiteh,wintersmreet,yengola,wanneroo,nsw,1970-01-01,3153,3153_wh,329
alexadra,grosvenor,9.0,anembo street,glenlee,frankton,4818,nsw,19930305.0,2128447,87354,alexadra,grosvenor,anembo street,glenlee,frankton,nsw,1970-01-01,4818,4818_gr,193
eri n,blaschke,196.0,napthali close,glenegale,chelsea heights,6126,nsw,19811127.0,3326156,94530,eri n,blaschke,napthali close,glenegale,chelsea heights,nsw,1970-01-01,6126,6126_bl,330
michel,wuchatsch,66.0,meehan garden,medical centre,diaenlla,4700,wa,19190110.0,1614304,38531,michel,wuchatsch,meehan garden,medical centre,diaenlla,wa,1970-01-01,4700,4700_wu,331
chloe,arneil,113.0,pulle street,,belmoot,4883,nsw,19951224.0,4389592,78827,chloe,arneil,pulle street,,belmoot,nsw,1970-01-01,4883,4883_ar,332
christopher,vilums,14.0,tazewlel circuit,,gerogeyr,4754,sa,19851127.0,5181241,77129,christopher,vilums,tazewlel circuit,,gerogeyr,sa,1970-01-01,4754,4754_vi,333
eva,hand,54.0,clare dennis avenue,padgee,north st ives,4068,qld,19810622.0,9709613,12155,eva,hand,clare dennis avenue,padgee,north st ives,qld,1970-01-01,4068,4068_ha,334
rxy,royle,1915.0,endeavour street,lake kennedy street,cowell,2580,nsw,19250529.0,3753041,61517,rxy,royle,endeavour street,lake kennedy street,cowell,nsw,1970-01-01,2580,2580_ro,335
neumann,amner,6.0,mockridge crescent,rodkley,hendra,2630,nsw,19361130.0,9872778,65488,neumann,amner,mockridge crescent,rodkley,hendra,nsw,1970-01-01,2630,2630_am,336
sam,bentham,1.0,narran street,lake chatsworth,westlake,2036,vic,,8928819,95710,sam,bentham,narran street,lake chatsworth,westlake,vic,,2036,2036_be,337
,seehusesn,198.0,alfredihll drive,sun city resort,elwood,3496,vic,19440409.0,4444319,51971,,seehusesn,alfredihll drive,sun city resort,elwood,vic,1970-01-01,3496,3496_se,338
jett,ryan,415.0,hansen circuit,strathmore vineyard,armidale,2261,wa,19930310.0,6151421,72796,jett,ryan,hansen circuit,strathmore vineyard,armidale,wa,1970-01-01,2261,2261_ry,339
nathan,priest,363.0,banks street,manresa,rosehill,4570,act,19160503.0,4665603,65604,nathan,priest,banks street,manresa,rosehill,act,1970-01-01,4570,4570_pr,340
mia,elwan,19.0,macgregorstreet,rosedale,belmont,4703,tas,19990330.0,9541559,6032,mia,elwan,macgregorstreet,rosedale,belmont,tas,1970-01-01,4703,4703_el,341
,mccarthy,24.0,castleton crescent,north avenue,torquay,2035,nsw,19390515.0,4754971,780,,mccarthy,castleton crescent,north avenue,torquay,nsw,1970-01-01,2035,2035_mc,342
samantha,forshaw,24.0,mcmillan crescent,tarwong,thebarton,3178,nsw,19420906.0,8586903,50547,samantha,forshaw,mcmillan crescent,tarwong,thebarton,nsw,1970-01-01,3178,3178_fo,343
isabella,shadnley,57.0,fincham crqscent,wilga,thebarton,2642,nsw,19520602.0,5904872,70577,isabella,shadnley,fincham crqscent,wilga,thebarton,nsw,1970-01-01,2642,2642_sh,344
dale,ottens,44.0,antigua,bellchambers crescent,wingham,5290,sa,,8176920,51242,dale,ottens,antigua,bellchambers crescent,wingham,sa,,5290,5290_ot,345
kaitlin,geud,81.0,sheaffe street,,cronunlla,3266,vci,19090903.0,2838932,33075,kaitlin,geud,sheaffe street,,cronunlla,vci,1970-01-01,3266,3266_ge,346
ammy,ryan,39.0,moodie street,st francks vlge,ballarat,4701,nsw,19841029.0,1163615,37858,ammy,ryan,moodie street,st francks vlge,ballarat,nsw,1970-01-01,4701,4701_ry,347
amelia,hillavy,299.0,mackellar crescent,burnside,ashfield,2043,qld,19970102.0,2137478,50267,amelia,hillavy,mackellar crescent,burnside,ashfield,qld,1970-01-01,2043,2043_hi,348
liam,trzcinski,117.0,jacobs street,,frankston,2198,nsw,19280418.0,8941279,51350,liam,trzcinski,jacobs street,,frankston,nsw,1970-01-01,2198,2198_tr,349
louis,kluske,40.0,hawkesbury crescent,tritonc jnits,oakhurst,3157,nsw,19820727.0,7413438,43403,louis,kluske,hawkesbury crescent,tritonc jnits,oakhurst,nsw,1970-01-01,3157,3157_kl,350
jordan,stubbs,119.0,walker crescent,blue hills,closeburn,3350,wa,19110311.0,7090961,7202,jordan,stubbs,walker crescent,blue hills,closeburn,wa,1970-01-01,3350,3350_st,351
madison,boxha ll,10.0,yanda street,kookaburra village,dapto,4703,sa,19170926.0,7262746,80984,madison,boxha ll,yanda street,kookaburra village,dapto,sa,1970-01-01,4703,4703_bo,223
robert,mccarthy,39.0,gudgenbe close,ocean sta s villas,cairns,3450,nsw,19070923.0,5234558,11162,robert,mccarthy,gudgenbe close,ocean sta s villas,cairns,nsw,1970-01-01,3450,3450_mc,352
isabella,theodore,269.0,churchill way,niok a,concord,2446,vic,19711102.0,2898842,84968,isabella,theodore,churchill way,niok a,concord,vic,1970-01-01,2446,2446_th,353
matilda,mestrov,5.0,house circuit,retiremen tvillage,taringa,3820,,19801119.0,2563135,22602,matilda,mestrov,house circuit,retiremen tvillage,taringa,,1970-01-01,3820,3820_me,354
alexandra,petersen,40.0,tindale street,oakdale,forrestfield,2287,vic,19320810.0,9411786,45844,alexandra,petersen,tindale street,oakdale,forrestfield,vic,1970-01-01,2287,2287_pe,355
william,dowley,8.0,terewah circuit,,poolaijelo,4198,sa,19100915.0,7001131,14066,william,dowley,terewah circuit,,poolaijelo,sa,1970-01-01,4198,4198_do,356
james,auch-schwelk,199.0,beauchamp street,minadree,san remo,6021,qld,19830702.0,4902391,63811,james,auch schwelk,beauchamp street,minadree,san remo,qld,1970-01-01,6021,6021_au,357
charlotte,mazurek,16.0,towns crescent,arcadia,yagoona,2222,wa,19530128.0,6767692,58366,charlotte,mazurek,towns crescent,arcadia,yagoona,wa,1970-01-01,2222,2222_ma,358
andrew,rawlings,112.0,norris place,curringa,east fremantle,2063,nsw,19080327.0,9292472,24954,andrew,rawlings,norris place,curringa,east fremantle,nsw,1970-01-01,2063,2063_ra,359
christian,white,1.0,boolee street,noss,doubleview,4352,nsw,19491125.0,2992541,52744,christian,white,boolee street,noss,doubleview,nsw,1970-01-01,4352,4352_wh,360
thomas,dolan,75.0,tewksbury circuit,earl haven,birkdale,3911,nsw,19210716.0,2014032,19497,thomas,dolan,tewksbury circuit,earl haven,birkdale,nsw,1970-01-01,3911,3911_do,361
bianca,havelberg,8.0,lavery place,summer hill,mackay north,4220,wa,19670523.0,1895447,2200,bianca,havelberg,lavery place,summer hill,mackay north,wa,1970-01-01,4220,4220_ha,362
kopievsky,jacob,24.0,downward place,banksia village,bunbury,4671,qld,19470530.0,3777070,92804,kopievsky,jacob,downward place,banksia village,bunbury,qld,1970-01-01,4671,4671_ja,363
oliver,pinny,75.0,groveland crescent,littledale,boondall,2565,nsw,19450830.0,6490321,63968,oliver,pinny,groveland crescent,littledale,boondall,nsw,1970-01-01,2565,2565_pi,364
natalia,donaldson,33.0,studley street,ferngully,hawthorn,2207,vic,19610927.0,4846388,75460,natalia,donaldson,studley street,ferngully,hawthorn,vic,1970-01-01,2207,2207_do,365
braiden,ewald,7.0,kambah exchahnge street,petriqil,yangebup,2135,vic,19631104.0,9333629,36691,braiden,ewald,kambah exchahnge street,petriqil,yangebup,vic,1970-01-01,2135,2135_ew,366
ciaran,nguyen,57.0,woollum street,moline village,berwick,6157,qld,19860814.0,9056035,69715,ciaran,nguyen,woollum street,moline village,berwick,qld,1970-01-01,6157,6157_ng,367
charlotte,vincent,9.0,,lasswade,toowoomba,4814,nsw,,1033071,32664,charlotte,vincent,,lasswade,toowoomba,nsw,,4814,4814_vi,368
zachary,,14.0,teaklep lace,the bowery,yarram,2299,sa,19100817.0,4968103,38804,zachary,,teaklep lace,the bowery,yarram,sa,1970-01-01,2299,2299_,369
nell,roche,15.0,caley crescent,morris arcade,goonellabah,4870,vic,19071008.0,8899086,40336,nell,roche,caley crescent,morris arcade,goonellabah,vic,1970-01-01,4870,4870_ro,370
meg,fauser,2.0,bimbiang crescent,garden l reek,labrador,4034,qld,,3103165,20846,meg,fauser,bimbiang crescent,garden l reek,labrador,qld,,4034,4034_fa,371
kiandra,cowle,2.0,gatliff place,rustenubr g sth,girgarre,3995,qld,19801125.0,3328205,13789,kiandra,cowle,gatliff place,rustenubr g sth,girgarre,qld,1970-01-01,3995,3995_co,372
paul,coleman,35.0,fisk sreet,shopping centre,north ryde,2710,sa,19940821.0,7652642,72057,paul,coleman,fisk sreet,shopping centre,north ryde,sa,1970-01-01,2710,2710_co,373
jayde,wessthorp,15.0,,,,2770,sa,19310128.0,9654784,29376,jayde,wessthorp,,,,sa,1970-01-01,2770,2770_we,374
william,chandler,4.0,knox street,rowethorpe,bongaree,2147,qld,19190514.0,5929018,82620,william,chandler,knox street,rowethorpe,bongaree,qld,1970-01-01,2147,2147_ch,375
breeanne,dibben,6.0,collicottvcircuit,berkley lodge,loganholme,2317,nsw,19241203.0,6261894,83187,breeanne,dibben,collicottvcircuit,berkley lodge,loganholme,nsw,1970-01-01,2317,2317_di,376
sophie,bullvck,6.0,boolee ystreet,,portfairy,6076,sa,19510426.0,3859714,70781,sophie,bullvck,boolee ystreet,,portfairy,sa,1970-01-01,6076,6076_bu,377
james,beiler,26.0,devonport street,craiglee station,corojwa,4221,vic,19050207.0,3554756,1662,james,beiler,devonport street,craiglee station,corojwa,vic,1970-01-01,4221,4221_be,378
joshua,morrison,17.0,beasle ystfeet,markool,,5097,vic,19101123.0,1294692,83432,joshua,morrison,beasle ystfeet,markool,,vic,1970-01-01,5097,5097_mo,213
daniel,coxon,8.0,downard street,homewood,laanecoorie,3128,sa,19070923.0,5430172,33673,daniel,coxon,downard street,homewood,laanecoorie,sa,1970-01-01,3128,3128_co,379
william,mcclelland,45.0,sparkse close,opal cove resort,bowen mountain,6010,wa,19620103.0,1937435,91300,william,mcclelland,sparkse close,opal cove resort,bowen mountain,wa,1970-01-01,6010,6010_mc,380
aidan,blackwell,24.0,eddy crescent,crosshills,white paltch,2211,vic,19670617.0,5406026,39431,aidan,blackwell,eddy crescent,crosshills,white paltch,vic,1970-01-01,2211,2211_bl,381
ayla,benjamin,3.0,concept,bradfield street,tatura,2003,wa,,4452328,94931,ayla,benjamin,concept,bradfield street,tatura,wa,,2003,2003_be,382
jessica,whale,38.0,pambula street,blue shadows,surry ihlls,2541,nsw,19341001.0,6125303,79159,jessica,whale,pambula street,blue shadows,surry ihlls,nsw,1970-01-01,2541,2541_wh,383
harry,tippins,86.0,bussau close,nort h arm,klemzog,4005,nws,19490706.0,7994028,13033,harry,tippins,bussau close,nort h arm,klemzog,nws,1970-01-01,4005,4005_ti,384
corie,hyland,,spowers circuit,,tweed heads,5084,vic,19570810.0,3236512,90303,corie,hyland,spowers circuit,,tweed heads,vic,1970-01-01,5084,5084_hy,385
stephanie,blackney,18.0,,mayfair,briar hill,3139,vic,19090220.0,9157975,88875,stephanie,blackney,,mayfair,briar hill,vic,1970-01-01,3139,3139_bl,386
mason,worsley,12.0,waratah street,st francis vlge,bull creek,3401,nsw,19660827.0,4225051,32811,mason,worsley,waratah street,st francis vlge,bull creek,nsw,1970-01-01,3401,3401_wo,387
,matson,65.0,macphersun street,mlc centre,dural,5555,nsw,19350505.0,8969597,94865,,matson,macphersun street,mlc centre,dural,nsw,1970-01-01,5555,5555_ma,388
bullock,holly,609.0,shepherdson place,rosedale,rose bay,2160,vic,19071006.0,1839802,98325,bullock,holly,shepherdson place,rosedale,rose bay,vic,1970-01-01,2160,2160_ho,389
liam,toseland,6.0,,hilldale,mosn an,4702,sa,19100830.0,4439847,8673,liam,toseland,,hilldale,mosn an,sa,1970-01-01,4702,4702_to,390
bethany,cochrane,20.0,scott street,the willows,pennant hills,3160,vic,19230122.0,9211271,231,bethany,cochrane,scott street,the willows,pennant hills,vic,1970-01-01,3160,3160_co,391
kyle,minards,23.0,beetaloo street,old post office,downer,3996,wa,19180430.0,9745200,15550,kyle,minards,beetaloo street,old post office,downer,wa,1970-01-01,3996,3996_mi,392
marcus,reid,290.0,geils ocurt,cambri vlge,naremburn,6020,nsw,19400624.0,3592731,61082,marcus,reid,geils ocurt,cambri vlge,naremburn,nsw,1970-01-01,6020,6020_re,393
felicigy,pulford,40.0,federal highway,argyle,mayfield,4125,qld,19860610.0,2661643,96444,felicigy,pulford,federal highway,argyle,mayfield,qld,1970-01-01,4125,4125_pu,394
nell,rocheq,15.0,caley crescent,jalna (cnr barbato c corner,south perth,4870,vic,19071008.0,8899086,36536,nell,rocheq,caley crescent,jalna cnr barbato c corner,south perth,vic,1970-01-01,4870,4870_ro,370
ryleh,laundy,45.0,robinson street,hgp,lake haven,6005,vic,19880308.0,9364898,52256,ryleh,laundy,robinson street,hgp,lake haven,vic,1970-01-01,6005,6005_la,395
,banasevich,124.0,grieve place,,gawler east,2400,sa,19400330.0,8359979,16050,,banasevich,grieve place,,gawler east,sa,1970-01-01,2400,2400_ba,396
jarrod,clarke,18.0,guthridge crescent,lyra park,moama,3011,qld,19070418.0,3612563,38498,jarrod,clarke,guthridge crescent,lyra park,moama,qld,1970-01-01,3011,3011_cl,397
demie,hirota,19.0,suttor street,,dulwich hill,4551,qld,19370501.0,2070669,6673,demie,hirota,suttor street,,dulwich hill,qld,1970-01-01,4551,4551_hi,398
andrew,langrehr,287.0,chippindall circuit,sleepy pines,caves beach,3125,nsw,19000129.0,8095334,46148,andrew,langrehr,chippindall circuit,sleepy pines,caves beach,nsw,1970-01-01,3125,3125_la,399
liam,shoben,13.0,sheehy street,part sect 231,kardinya,3182,qld,19220917.0,4177703,60884,liam,shoben,sheehy street,part sect 231,kardinya,qld,1970-01-01,3182,3182_sh,400
james,blake,8.0,barraclough crescent,homesite 3,nicholls,4215,vic,19820712.0,8720481,93954,james,blake,barraclough crescent,homesite 3,nicholls,vic,1970-01-01,4215,4215_bl,401
sarah,large,82.0,reveley crescent,mountain view ret,bomaderry,3216,wa,19590207.0,5784875,50929,sarah,large,reveley crescent,mountain view ret,bomaderry,wa,1970-01-01,3216,3216_la,402
john,banelis,5.0,sexton street,glenhurst,auburn,3140,vic,19981006.0,8328210,34746,john,banelis,sexton street,glenhurst,auburn,vic,1970-01-01,3140,3140_ba,299
angus,rees,23.0,heato n place,panagni,new farm,6219,nsw,19220723.0,8576362,70486,angus,rees,heato n place,panagni,new farm,nsw,1970-01-01,6219,6219_re,403
,de paoli,15.0,neumayer street,,prospect,2452,nsw,19990313.0,1420240,3766,,de paoli,neumayer street,,prospect,nsw,1970-01-01,2452,2452_de,404
alexandra,rohleder,2.0,kurrama close,albion grove,kilmore,4218,sa,19260609.0,4210279,22439,alexandra,rohleder,kurrama close,albion grove,kilmore,sa,1970-01-01,4218,4218_ro,405
taliah,millar,115.0,mayfield hill street,the blackhut,willetton,2150,vic,19980429.0,5679277,16668,taliah,millar,mayfield hill street,the blackhut,willetton,vic,1970-01-01,2150,2150_mi,406
samuel,,446.0,limestone avenue,alton heills,brunswick west,5086,qld,19120212.0,8866520,73624,samuel,,limestone avenue,alton heills,brunswick west,qld,1970-01-01,5086,5086_,407
kykee,turale,81.0,rose scott circuit,,ashfield,4226,vic,19461101.0,4783085,98978,kykee,turale,rose scott circuit,,ashfield,vic,1970-01-01,4226,4226_tu,408
emiily,brummer-archer,33.0,mackenzie street,sunbury,salisbury heights,2121,wa,19670203.0,5628066,54035,emiily,brummer archer,mackenzie street,sunbury,salisbury heights,wa,1970-01-01,2121,2121_br,409
zarran,weaver,13.0,ainsworth street,,wyoming,2441,tas,19161121.0,6514677,43204,zarran,weaver,ainsworth street,,wyoming,tas,1970-01-01,2441,2441_we,410
emiily,green,2.0,brebner street,,bongaree,3340,vic,19380625.0,3643883,78782,emiily,green,brebner street,,bongaree,vic,1970-01-01,3340,3340_gr,411
bayley,wickek,27.0,rushbrook circuit,,port eliot,2487,nws,19890721.0,8338862,85981,bayley,wickek,rushbrook circuit,,port eliot,nws,1970-01-01,2487,2487_wi,412
,stolz,257.0,dixson circuit,marella,parmelia,4655,vic,19630105.0,7233680,2354,,stolz,dixson circuit,marella,parmelia,vic,1970-01-01,4655,4655_st,413
mikayla,lowe,9.0,gellibrand street,jeir park,vincentia,6152,nsw,19071218.0,2642175,61949,mikayla,lowe,gellibrand street,jeir park,vincentia,nsw,1970-01-01,6152,6152_lo,414
anika,spicer,3.0,melr ose drive,rmbe z770,view bank,2067,nsw,19861012.0,1434508,3948,anika,spicer,melr ose drive,rmbe z770,view bank,nsw,1970-01-01,2067,2067_sp,198
seth,de bono,53.0,de lissa street,aldersyde estate,elsternwick,2280,vic,19340213.0,2768343,2111,seth,de bono,de lissa street,aldersyde estate,elsternwick,vic,1970-01-01,2280,2280_de,415
tenille,swiggs,,verbrugghenstreet,gallaghre hse,artaromn,7300,qld,19730510.0,6436926,70117,tenille,swiggs,verbrugghenstreet,gallaghre hse,artaromn,qld,1970-01-01,7300,7300_sw,416
jazz,,55.0,hambidge crescent,the bight,angurugu,4170,vic,19390731.0,7164553,4993,jazz,,hambidge crescent,the bight,angurugu,vic,1970-01-01,4170,4170_,417
jasser,wessthorp,15.0,,,gwandalan,2770,sa,19310128.0,9654784,88718,jasser,wessthorp,,,gwandalan,sa,1970-01-01,2770,2770_we,418
brigette,snoad,6.0,chandler street,on river,wangaratta,5690,nsw,19880703.0,5625214,74040,brigette,snoad,chandler street,on river,wangaratta,nsw,1970-01-01,5690,5690_sn,419
,wilksn,5.0,beaumont close,tyrone hills,coonabarabran,4020,nsw,19640105.0,5556499,81470,,wilksn,beaumont close,tyrone hills,coonabarabran,nsw,1970-01-01,4020,4020_wi,420
jake,burnell,34.0,bennelong drescent,greta main,ivanhoe,5066,nsw,19170529.0,9639692,67567,jake,burnell,bennelong drescent,greta main,ivanhoe,nsw,1970-01-01,5066,5066_bu,284
silas,webb,20.0,jacka crescent,shopping centre,nambour,4306,vic,19580212.0,7373672,58474,silas,webb,jacka crescent,shopping centre,nambour,vic,1970-01-01,4306,4306_we,101
erin,kerslake,19.0,daintree crescent,mountain view village,woy woy,2026,nsw,19910805.0,5753438,54813,erin,kerslake,daintree crescent,mountain view village,woy woy,nsw,1970-01-01,2026,2026_ke,421
elia,sherriff,30.0,a'beckett street,,emerald,4280,nsw,19471027.0,9700056,98308,elia,sherriff,a'beckett street,,emerald,nsw,1970-01-01,4280,4280_sh,422
alexander,mason,19.0,ellenborough street,flinders place,windsor,2320,wa,19360210.0,9589876,96175,alexander,mason,ellenborough street,flinders place,windsor,wa,1970-01-01,2320,2320_ma,423
alisa,marous,13.0,belvedere,algan street,baslina,3274,qld,19061125.0,7818366,27958,alisa,marous,belvedere,algan street,baslina,qld,1970-01-01,3274,3274_ma,424
cooper,felten,19.0,masters place,amherst village,greensborough,2250,qld,19290422.0,3396780,1441,cooper,felten,masters place,amherst village,greensborough,qld,1970-01-01,2250,2250_fe,425
campbkll,golder,12.0,affleck place,mlc centre,st alb ans,3149,qld,19960904.0,6563705,34822,campbkll,golder,affleck place,mlc centre,st alb ans,qld,1970-01-01,3149,3149_go,426
briongy,dunstone,42.0,badham street,attunga orchard,macquariefields,3190,wa,19340729.0,7461019,50359,briongy,dunstone,badham street,attunga orchard,macquariefields,wa,1970-01-01,3190,3190_du,427
green,kasey,24.0,taroon place,trati l view,coom,3212,vic,19400105.0,8298067,56362,green,kasey,taroon place,trati l view,coom,vic,1970-01-01,3212,3212_ka,428
amy,chandler,,plant road,blck 1089,findon,2068,sa,19510715.0,8026179,21649,amy,chandler,plant road,blck 1089,findon,sa,1970-01-01,2068,2068_ch,429
chelsea,banasevich,19.0,grieve bplace,bunderrjy,gawler east,2400,sa,19400330.0,8359979,52831,chelsea,banasevich,grieve bplace,bunderrjy,gawler east,sa,1970-01-01,2400,2400_ba,430
talia,leong,11.0,mortimer lewis drive,westbury,annandale,2166,sa,19900603.0,2598651,48558,talia,leong,mortimer lewis drive,westbury,annandale,sa,1970-01-01,2166,2166_le,431
rebecica,trenerry,38.0,ashburner street,,roxburgh park,2000,wa,19050103.0,2980023,94330,rebecica,trenerry,ashburner street,,roxburgh park,wa,1970-01-01,2000,2000_tr,432
connor,hampton-smith,3.0,clancy street,kindilan,clare,2111,wa,19100907.0,5476174,60805,connor,hampton smith,clancy street,kindilan,clare,wa,1970-01-01,2111,2111_ha,433
,morrison,66.0,quinlivan crescent,greengrove,caulfield north,4120,vic,19460909.0,3999669,78569,,morrison,quinlivan crescent,greengrove,caulfield north,vic,1970-01-01,4120,4120_mo,434
amber,held,24.0,lampard circuit,emerald garden,golden bay,2447,vic,19510806.0,3710651,43447,amber,held,lampard circuit,emerald garden,golden bay,vic,1970-01-01,2447,2447_he,435
henry,bloomfied,97.0,mcdougall street,bendigo retirem ent village,rosebud,4563,wa,19321112.0,1646845,32609,henry,bloomfied,mcdougall street,bendigo retirem ent village,rosebud,wa,1970-01-01,4563,4563_bl,436
ellen,dixon,69.0,litchfield place,,millkpark,4053,wa,19281110.0,9305219,77476,ellen,dixon,litchfield place,,millkpark,wa,1970-01-01,4053,4053_di,437
bailee,bevis,26.0,fitzsimmlns street,sovereing court,rochester,2620,vic,19070106.0,1266796,21927,bailee,bevis,fitzsimmlns street,sovereing court,rochester,vic,1970-01-01,2620,2620_be,438
blake,thiessen,16.0,kilburn close,wandarri,sandfly,2573,nsw,19241208.0,9632907,91434,blake,thiessen,kilburn close,wandarri,sandfly,nsw,1970-01-01,2573,2573_th,439
nguyen,daniel,,castletoncrescent,,st johns park,5175,sa,19620518.0,8870477,37375,nguyen,daniel,castletoncrescent,,st johns park,sa,1970-01-01,5175,5175_da,440
emma,papp-horvath,115.0,appel crescent,glen-moria,allambie,2222,nsw,19620713.0,5409983,57775,emma,papp horvath,appel crescent,glen moria,allambie,nsw,1970-01-01,2222,2222_pa,441
noah,welelr,174.0,swanto n street,morago,valentine,7305,nsw,19540118.0,7771880,68828,noah,welelr,swanto n street,morago,valentine,nsw,1970-01-01,7305,7305_we,442
riley,wegemer,45.0,phillip a venue,walh alla,cremorne,3937,wa,19540621.0,9657253,25258,riley,wegemer,phillip a venue,walh alla,cremorne,wa,1970-01-01,3937,3937_we,144
jacob,ryan,172.0,davidsonstreet,lakesied manor,brisbane,6167,nsw,19390210.0,9826543,58782,jacob,ryan,davidsonstreet,lakesied manor,brisbane,nsw,1970-01-01,6167,6167_ry,443
oliver,mugo,302.0,peat place,arlington,frankston,4518,qld,19101008.0,5994946,49863,oliver,mugo,peat place,arlington,frankston,qld,1970-01-01,4518,4518_mu,444
,clarke,97.0,merfield place,the meardows,bull creek,2830,act,19210503.0,2257500,81990,,clarke,merfield place,the meardows,bull creek,act,1970-01-01,2830,2830_cl,445
hope,george,76.0,leahy close,,nanneella,6503,vic,19760629.0,9882299,27513,hope,george,leahy close,,nanneella,vic,1970-01-01,6503,6503_ge,446
amy,allard,47.0,follett street,oakmont,penshurst,2121,vic,19931107.0,9211342,3546,amy,allard,follett street,oakmont,penshurst,vic,1970-01-01,2121,2121_al,447
caitlin,gallirhir,42.0,lanley square,cashbar,rochedale south,2790,sa,19770108.0,3809831,56561,caitlin,gallirhir,lanley square,cashbar,rochedale south,sa,1970-01-01,2790,2790_ga,448
andrew,gilbertson,116.0,anembo street,apt 312 the rock wall,nedlands,4702,nsw,19460513.0,1862712,38070,andrew,gilbertson,anembo street,apt 312 the rock wall,nedlands,nsw,1970-01-01,4702,4702_gi,449
olier,durnin,7.0,davies place,fairlane estate,paddington,2042,nsw,19380406.0,3903404,42589,olier,durnin,davies place,fairlane estate,paddington,nsw,1970-01-01,2042,2042_du,450
samantha,rees,93.0,oman place,locn 2192,parmelia,384,wa,19710708.0,5830377,73336,samantha,rees,oman place,locn 2192,parmelia,wa,1970-01-01,0384,0384_re,451
thomas,simmonds,17.0,,,berrimah,3136,nsw,19590127.0,2772828,16827,thomas,simmonds,,,berrimah,nsw,1970-01-01,3136,3136_si,452
madison,everett,5.0,,rosedale,elizabeth vale,2040,wa,19880202.0,7155522,23841,madison,everett,,rosedale,elizabeth vale,wa,1970-01-01,2040,2040_ev,453
sopihe,nguyen,26.0,namoi place,,mount colah,2550,nsw,19701117.0,2122377,82492,sopihe,nguyen,namoi place,,mount colah,nsw,1970-01-01,2550,2550_ng,89
,glaws,3.0,sculptor street,green farm mates,hahndorf,2581,qld,19670317.0,3792276,60495,,glaws,sculptor street,green farm mates,hahndorf,qld,1970-01-01,2581,2581_gl,454
frahn,lauren,5.0,solomon crescent,stoney creek,leichhardt,2570,vic,19180701.0,3134475,97722,frahn,lauren,solomon crescent,stoney creek,leichhardt,vic,1970-01-01,2570,2570_la,455
john,hamblin,27.0,claymore springs,wallace place,woy woy,6758,vci,19171215.0,1084423,45762,john,hamblin,claymore springs,wallace place,woy woy,vci,1970-01-01,6758,6758_ha,456
rosie,coleman,20.0,lyttleton crescent,cranbrook,plumpton,4610,nsw,19900221.0,1571899,16988,rosie,coleman,lyttleton crescent,cranbrook,plumpton,nsw,1970-01-01,4610,4610_co,457
jared,tiller,5.0,anthony rolfe street,ellerside,oatlands,2630,sa,19850318.0,1712834,3550,jared,tiller,anthony rolfe street,ellerside,oatlands,sa,1970-01-01,2630,2630_ti,458
hannagan,mikhayla,20.0,rupp lace,brentwoo dvlge,penshurst,2283,vic,19770501.0,1030769,42393,hannagan,mikhayla,rupp lace,brentwoo dvlge,penshurst,vic,1970-01-01,2283,2283_mi,459
zachsry,hoep,64.0,costello circuit,foxlea,mosman,2280,nsw,19390217.0,2473890,60610,zachsry,hoep,costello circuit,foxlea,mosman,nsw,1970-01-01,2280,2280_ho,460
jayden,white,13.0,schwarz place,the swamp,lower templestowe,4650,nsw,19020807.0,5384541,57250,jayden,white,schwarz place,the swamp,lower templestowe,nsw,1970-01-01,4650,4650_wh,461
benedict,coleman,23.0,summerville crescent,huntawyle,avondale heights,4560,wa,19380327.0,1480351,88083,benedict,coleman,summerville crescent,huntawyle,avondale heights,wa,1970-01-01,4560,4560_co,462
blake,coulson,77.0,macedonc rescent,the meadows,springwwod,5125,nsw,19490831.0,3468281,51796,blake,coulson,macedonc rescent,the meadows,springwwod,nsw,1970-01-01,5125,5125_co,463
cassandra,leonardi,62.0,clarkson street,yandar ms 582,ringwood,2281,nsw,19030404.0,2485158,78514,cassandra,leonardi,clarkson street,yandar ms 582,ringwood,nsw,1970-01-01,2281,2281_le,464
meg,lowry,36.0,elvire place,bowen park,kangaroo flat,4568,vic,19891025.0,2155627,6380,meg,lowry,elvire place,bowen park,kangaroo flat,vic,1970-01-01,4568,4568_lo,465
cameron,clarke,450.0,fihelly street,skerman chambers,,2100,nsw,19821218.0,1553578,59224,cameron,clarke,fihelly street,skerman chambers,,nsw,1970-01-01,2100,2100_cl,466
xavier,david,10.0,mcluckie crescent,glenbrae,murdoch,3143,sa,19320323.0,8644609,43381,xavier,david,mcluckie crescent,glenbrae,murdoch,sa,1970-01-01,3143,3143_da,467
joshua,mayman,7.0,pike place,,moorooka,2803,vic,19801013.0,1937873,42809,joshua,mayman,pike place,,moorooka,vic,1970-01-01,2803,2803_ma,468
james,vincent,40.0,cumpston place,pacific palms caravn park,capertee,3350,nsw,19620905.0,3977077,68123,james,vincent,cumpston place,pacific palms caravn park,capertee,nsw,1970-01-01,3350,3350_vi,469
amber,kexel,9.0,daintree crescent,killuke,new farm,461,vic,,9952722,86441,amber,kexel,daintree crescent,killuke,new farm,vic,,0461,0461_ke,470
sophie,lovelock,7.0,centaurus street,,pitt town,3180,nsw,19470413.0,1321061,9297,sophie,lovelock,centaurus street,,pitt town,nsw,1970-01-01,3180,3180_lo,471
seanna,ebhrt,21.0,brewster place,,frankston,4507,qld,19711020.0,3939901,58187,seanna,ebhrt,brewster place,,frankston,qld,1970-01-01,4507,4507_eb,472
louis,walpole,50.0,stretton crescent,kokoda hostel,campbelltown,5084,nsw,19160913.0,7894388,15517,louis,walpole,stretton crescent,kokoda hostel,campbelltown,nsw,1970-01-01,5084,5084_wa,473
georgia,pettigrove,5.0,sinclair street,pindf,prairie,2478,nsw,19231019.0,9695933,91555,georgia,pettigrove,sinclair street,pindf,prairie,nsw,1970-01-01,2478,2478_pe,15
masvn,caitlin,451.0,oakey creek road,moondah,,3036,nsw,19250317.0,2470308,93727,masvn,caitlin,oakey creek road,moondah,,nsw,1970-01-01,3036,3036_ca,474
jakob,newey,47.0,leven street,lamington national,,5026,vic,19610203.0,3239832,62970,jakob,newey,leven street,lamington national,,vic,1970-01-01,5026,5026_ne,475
finn,hope,46.0,mather street,pinewood,lakes entrance,5700,nsw,19190225.0,4390315,38074,finn,hope,mather street,pinewood,lakes entrance,nsw,1970-01-01,5700,5700_ho,476
ellorah,baillie,13.0,gascoyne circuit,,,2289,nsw,19640610.0,5488100,39797,ellorah,baillie,gascoyne circuit,,,nsw,1970-01-01,2289,2289_ba,477
harry,peachey,45.0,george street,wirreanda vlge,huonbrook,3194,sa,19760829.0,7814989,80946,harry,peachey,george street,wirreanda vlge,huonbrook,sa,1970-01-01,3194,3194_pe,478
matthew,sunderland,522.0,max henry crescent,tigers hill,banks,4152,nsw,19190521.0,5343886,17575,matthew,sunderland,max henry crescent,tigers hill,banks,nsw,1970-01-01,4152,4152_su,479
michael,liersch,29.0,hallstrom circuit,lazy acres,northampton,4405,nsw,19360816.0,8185284,98549,michael,liersch,hallstrom circuit,lazy acres,northampton,nsw,1970-01-01,4405,4405_li,480
harvey,shepherdson,34.0,lumholtz place,maranui,roleystone,6430,qld,19711002.0,3919359,63258,harvey,shepherdson,lumholtz place,maranui,roleystone,qld,1970-01-01,6430,6430_sh,481
nicolle,heath,4.0,bennelong crescent,,page,650,nsw,19510117.0,8094711,25143,nicolle,heath,bennelong crescent,,page,nsw,1970-01-01,0650,0650_he,482
molly,schumann,8.0,doonkuna street,scottsdale,cleveland,6066,sa,19961030.0,6211905,18287,molly,schumann,doonkuna street,scottsdale,cleveland,sa,1970-01-01,6066,6066_sc,483
levi,pegg,32.0,edmondson street,crowden,kiara,2258,qld,19090425.0,5385357,32993,levi,pegg,edmondson street,crowden,kiara,qld,1970-01-01,2258,2258_pe,484
katie,mort,88.0,macquarie street,sorrento,paradise waters,3130,nsw,19630728.0,2683980,92939,katie,mort,macquarie street,sorrento,paradise waters,nsw,1970-01-01,3130,3130_mo,485
caitlin,gallerhir,42.0,lanley square,cash bar,rochedale south,2790,sa,19770108.0,3809831,96876,caitlin,gallerhir,lanley square,cash bar,rochedale south,sa,1970-01-01,2790,2790_ga,448
melinda,sandman,468.0,nona place,stfrancisvillage,east hills,4065,tas,19541028.0,9843714,81371,melinda,sandman,nona place,stfrancisvillage,east hills,tas,1970-01-01,4065,4065_sa,486
lily,hoang,16.0,harpur street,robgill farm,camden,2444,wa,19621226.0,6810521,7796,lily,hoang,harpur street,robgill farm,camden,wa,1970-01-01,2444,2444_ho,487
daniel,kluske,40.0,hawkesbury crescent,triton units,oakhurst,3175,nsw,19820727.0,7413438,36729,daniel,kluske,hawkesbury crescent,triton units,oakhurst,nsw,1970-01-01,3175,3175_kl,276
,hyland,9.0,carter crescent,river bend,lower templestowe,4014,sa,19401030.0,7995432,75715,,hyland,carter crescent,river bend,lower templestowe,sa,1970-01-01,4014,4014_hy,488
grace,morrison,66.0,quinlivan crescent,greengrove,caulfield north,4120,vic,19460909.0,3999669,86283,grace,morrison,quinlivan crescent,greengrove,caulfield north,vic,1970-01-01,4120,4120_mo,294
jean-claude,white,192.0,noel ryan garden,bowillia court,glengowrie,7018,nsw,19400918.0,9764411,30594,jean claude,white,noel ryan garden,bowillia court,glengowrie,nsw,1970-01-01,7018,7018_wh,489
ashlie,mason,3.0,sinclairs treet,young retireeent village,flagstaff hill,3206,nsw,19540731.0,9955736,34457,ashlie,mason,sinclairs treet,young retireeent village,flagstaff hill,nsw,1970-01-01,3206,3206_ma,490
teaha,thopre,42.0,buvelot street,wacharoo,moonah west,7320,vic,19480423.0,5430135,58857,teaha,thopre,buvelot street,wacharoo,moonah west,vic,1970-01-01,7320,7320_th,491
natassia,blake,37.0,kathner street,watgania,batemans bay,7004,act,19000911.0,8022390,77057,natassia,blake,kathner street,watgania,batemans bay,act,1970-01-01,7004,7004_bl,492
alisa,marous,13.0,algan shreet,,ballina,3274,qld,19061125.0,7818366,83231,alisa,marous,algan shreet,,ballina,qld,1970-01-01,3274,3274_ma,493
liam,krasioukova,,ebenezer street,ardrossan,malvern,4034,tas,19150503.0,3712942,61850,liam,krasioukova,ebenezer street,ardrossan,malvern,tas,1970-01-01,4034,4034_kr,494
takeisha,freeborn,6.0,suttor street,the groves street,wentworth falls,4615,vic,19620206.0,8111362,59612,takeisha,freeborn,suttor street,the groves street,wentworth falls,vic,1970-01-01,4615,4615_fr,495
dean,hilton,13.0,mannheim street,riverbourne,devonport,2286,nsw,19450428.0,9281954,85086,dean,hilton,mannheim street,riverbourne,devonport,nsw,1970-01-01,2286,2286_hi,496
thomas,collier,11.0,glynn street,stonehenge,eden,2617,vic,19100919.0,4514118,6625,thomas,collier,glynn street,stonehenge,eden,vic,1970-01-01,2617,2617_co,497
jordan,green,21.0,gamburra street,john flynn medical centre,eden hills,6055,nsw,,3646581,22945,jordan,green,gamburra street,john flynn medical centre,eden hills,nsw,,6055,6055_gr,498
brooke,ryan,46.0,hodgson crescent,,cromebr,3055,nsw,19830207.0,6860717,35502,brooke,ryan,hodgson crescent,,cromebr,nsw,1970-01-01,3055,3055_ry,499
tate,broaby,38.0,davies place,glanworths tation,colonel ligjt gardens,2226,nsw,19190411.0,7838917,12218,tate,broaby,davies place,glanworths tation,colonel ligjt gardens,nsw,1970-01-01,2226,2226_br,500
larsisa,bradshaw,4.0,blamey crescent,longridge,dulwich hill,2153,qld,,1828283,36667,larsisa,bradshaw,blamey crescent,longridge,dulwich hill,qld,,2153,2153_br,501
cameron,bisohp,4.0,chillagoestreet,editshh all,numeralla,6152,sa,19720319.0,8928429,73913,cameron,bisohp,chillagoestreet,editshh all,numeralla,sa,1970-01-01,6152,6152_bi,502
james,warneke,56.0,namadgi circuit,carrangrra,dalby,3000,nsw,19171112.0,5449129,13763,james,warneke,namadgi circuit,carrangrra,dalby,nsw,1970-01-01,3000,3000_wa,503
sophie,nguyen,66.0,belmore garden,palm lake resort,cooran,6083,qld,19960316.0,7719700,21856,sophie,nguyen,belmore garden,palm lake resort,cooran,qld,1970-01-01,6083,6083_ng,504
caitlin,quill,5.0,mount vernon drive,ulah,plumpton,2705,vic,19880519.0,9429371,77991,caitlin,quill,mount vernon drive,ulah,plumpton,vic,1970-01-01,2705,2705_qu,505
zane,wilkins,,jervois street,cerbrus,coolaroo,6280,nsw,19471017.0,7918563,10220,zane,wilkins,jervois street,cerbrus,coolaroo,nsw,1970-01-01,6280,6280_wi,506
freya,harslett,23.0,lilley street,spring creek,toormina,2615,tas,19950228.0,3045942,98927,freya,harslett,lilley street,spring creek,toormina,tas,1970-01-01,2615,2615_ha,507
samuel,green,32.0,blackman crescent,rainbow downs,ormond,810,nsw,19020601.0,3852267,55131,samuel,green,blackman crescent,rainbow downs,ormond,nsw,1970-01-01,0810,0810_gr,508
kimberly,pavli,,pennefathr street,,north sydney,3057,nsw,19600628.0,1529118,75650,kimberly,pavli,pennefathr street,,north sydney,nsw,1970-01-01,3057,3057_pa,509
xavier,white,67.0,o'hagan street,willow wood,mill park,2232,vic,19900219.0,7199319,98808,xavier,white,o'hagan street,willow wood,mill park,vic,1970-01-01,2232,2232_wh,510
isabelle,kaminskas,6.0,isis close,westholme,port aucusta,2765,qld,19060622.0,5344955,93924,isabelle,kaminskas,isis close,westholme,port aucusta,qld,1970-01-01,2765,2765_ka,64
victora,dixon,66.0,cooney court,loma l nagie,hackh am,3156,nsw,19220922.0,4788064,13929,victora,dixon,cooney court,loma l nagie,hackh am,nsw,1970-01-01,3156,3156_di,511
matilda,fokeas,1.0,wallaroo road,iron shoe lodge,wantirna,3028,nsw,19830104.0,4406459,32742,matilda,fokeas,wallaroo road,iron shoe lodge,wantirna,nsw,1970-01-01,3028,3028_fo,512
alexandra,ferris,70.0,gledden street,mount beevor,tatura,3658,nsw,19790807.0,7258596,85913,alexandra,ferris,gledden street,mount beevor,tatura,nsw,1970-01-01,3658,3658_fe,513
nathan,daehn,204.0,sternberg rescent,homevale,adamstgwn,2617,vic,19110417.0,4227775,52344,nathan,daehn,sternberg rescent,homevale,adamstgwn,vic,1970-01-01,2617,2617_da,514
maliah,rickett,148.0,sinclair street,brumby's run,salisbury east,3070,nsw,19040824.0,3712385,92270,maliah,rickett,sinclair street,brumby's run,salisbury east,nsw,1970-01-01,3070,3070_ri,515
liam,campbell,75.0,solomon crescent,,bangor,3073,wa,19830411.0,1726945,404,liam,campbell,solomon crescent,,bangor,wa,1970-01-01,3073,3073_ca,516
jaems,mccarthy,121.0,tillyard drive,amherst village,,5268,qld,19350714.0,6283744,73825,jaems,mccarthy,tillyard drive,amherst village,,qld,1970-01-01,5268,5268_mc,517
rosie,reid,70.0,,,bayswate rnorth,3128,vic,19980402.0,6892786,48809,rosie,reid,,,bayswate rnorth,vic,1970-01-01,3128,3128_re,518
katez,wheatley,,tanderrz crescent,the willows,forest hill,2472,tas,19560728.0,5603742,12906,katez,wheatley,tanderrz crescent,the willows,forest hill,tas,1970-01-01,2472,2472_wh,519
blake,seppelt,4.0,dobell circuit,entry daniels s street,crookwell,3108,vic,19950923.0,5169804,40419,blake,seppelt,dobell circuit,entry daniels s street,crookwell,vic,1970-01-01,3108,3108_se,520
thomas,alagich,,crago place,countryd club,toorak,2316,sa,,3790868,43201,thomas,alagich,crago place,countryd club,toorak,sa,,2316,2316_al,521
finey,vincent,59.0,galway place,pieracle,,2420,vic,19900423.0,9566651,87408,finey,vincent,galway place,pieracle,,vic,1970-01-01,2420,2420_vi,522
holly,lock,220.0,charteris crescent,arrow park,bateman,2151,vic,19830510.0,6133226,58090,holly,lock,charteris crescent,arrow park,bateman,vic,1970-01-01,2151,2151_lo,523
bailee,crouc,22.0,tompsitytbcourt,rosetta vyillage,wamberal,4405,wa,19220325.0,8635129,6767,bailee,crouc,tompsitytbcourt,rosetta vyillage,wamberal,wa,1970-01-01,4405,4405_cr,524
mitchell,boyld,10.0,crozier circuit,kinross street,spearwood,2640,sa,19860317.0,5796583,36669,mitchell,boyld,crozier circuit,kinross street,spearwood,sa,1970-01-01,2640,2640_bo,525
lauern,paine,27.0,mcvey olace,yambira,helidon,2463,qld,19404502.0,4517134,9773,lauern,paine,mcvey olace,yambira,helidon,qld,1970-01-01,2463,2463_pa,526
tayla,green,38.0,kambalda crescent,ambervale,bonville,2905,vic,19310715.0,2230673,47981,tayla,green,kambalda crescent,ambervale,bonville,vic,1970-01-01,2905,2905_gr,527
laurdn,crea,18.0,city walk,sit 9,athol rpark,3081,vic,19960613.0,1646449,54863,laurdn,crea,city walk,sit 9,athol rpark,vic,1970-01-01,3081,3081_cr,528
nicola,collier,,schaffer place,mt sturt,sheidow park,2089,nsw,19420623.0,8536431,59303,nicola,collier,schaffer place,mt sturt,sheidow park,nsw,1970-01-01,2089,2089_co,529
alexander,ryan,49.0,dallasplace,the villas north,surfers paradise,2570,qld,19160508.0,6494629,61439,alexander,ryan,dallasplace,the villas north,surfers paradise,qld,1970-01-01,2570,2570_ry,530
,fimeri,37.0,burdett crescent,starcourtbarcade,wilson,6168,act,19930529.0,2625486,65917,,fimeri,burdett crescent,starcourtbarcade,wilson,act,1970-01-01,6168,6168_fi,531
indiana,ryan,103.0,brimage place,dudley specialist medical centre,kangaroo flat,3193,nsw,19770224.0,8553719,70068,indiana,ryan,brimage place,dudley specialist medical centre,kangaroo flat,nsw,1970-01-01,3193,3193_ry,532
isabella,hendricks,86.0,colborne place,dog rock shopping centre,north ryde,2000,nsw,,9899655,91162,isabella,hendricks,colborne place,dog rock shopping centre,north ryde,nsw,,2000,2000_he,533
samuel,stephenson,148.0,hirschfeld crescent,bandicoot ridge,north ryde,4425,vic,19970715.0,8717077,92939,samuel,stephenson,hirschfeld crescent,bandicoot ridge,north ryde,vic,1970-01-01,4425,4425_st,485
jack,facci,,packerstreet,somerton park,belrose,3086,sa,19960816.0,1697247,5639,jack,facci,packerstreet,somerton park,belrose,sa,1970-01-01,3086,3086_fa,534
jessica,smallacombe,43.0,eve place,ellerlee,lower chittering,5540,vic,19060713.0,6942191,51348,jessica,smallacombe,eve place,ellerlee,lower chittering,vic,1970-01-01,5540,5540_sm,535
elizabeeth,bartel,3.0,garrad court,st helens pas toral co,broken hill,2449,vic,19831127.0,1042252,56297,elizabeeth,bartel,garrad court,st helens pas toral co,broken hill,vic,1970-01-01,2449,2449_ba,536
holly,shepherd,3.0,stillwell place,elton,albion park rail,6210,vic,19800323.0,4620818,53869,holly,shepherd,stillwell place,elton,albion park rail,vic,1970-01-01,6210,6210_sh,537
matilda,kovacic,2.0,hawker street,kilvinton village,kangaroo flat,2611,vic,19760510.0,2724779,25978,matilda,kovacic,hawker street,kilvinton village,kangaroo flat,vic,1970-01-01,2611,2611_ko,262
jared,wytkin,61.0,belfieldcrescent,rowethorpe,bundaberg,5081,,19831025.0,2988806,93653,jared,wytkin,belfieldcrescent,rowethorpe,bundaberg,,1970-01-01,5081,5081_wy,176
emiily,skeen,280.0,belconnen way,locatiln 6656,templrs,2133,sa,19390184.0,4133934,55776,emiily,skeen,belconnen way,locatiln 6656,templrs,sa,1970-01-01,2133,2133_sk,538
lowe,ebony,3.0,fox place,cooeebpalms,gerogery,4702,nt,19291003.0,1515266,78674,lowe,ebony,fox place,cooeebpalms,gerogery,nt,1970-01-01,4702,4702_eb,539
michael,laveryy,6.0,lenehan street,senn ocke,suffolk park,2208,vic,19631213.0,9807797,71653,michael,laveryy,lenehan street,senn ocke,suffolk park,vic,1970-01-01,2208,2208_la,540
amy,fatale,17.0,diamond street,mount sandiman,eastwood,2060,vic,19210527.0,6704141,34211,amy,fatale,diamond street,mount sandiman,eastwood,vic,1970-01-01,2060,2060_fa,541
millane,mccathy,3.0,alfred hill drive,hold fast shores,mortlake,2032,wa,19630818.0,6220857,30817,millane,mccathy,alfred hill drive,hold fast shores,mortlake,wa,1970-01-01,2032,2032_mc,171
hugo,manson,31.0,cox street,milpara,mount eliza,2530,qld,,2042233,24331,hugo,manson,cox street,milpara,mount eliza,qld,,2530,2530_ma,542
joshua,,90.0,david street,,long jetty,6630,nsw,19410614.0,7166687,96936,joshua,,david street,,long jetty,nsw,1970-01-01,6630,6630_,543
nicole,bridgeland,,mctaggart crescent,moama,hamilton,6069,nsw,,6831450,25413,nicole,bridgeland,mctaggart crescent,moama,hamilton,nsw,,6069,6069_br,544
,prise,363.0,banks xtreet,,malverneast,4579,act,19160503.0,4665603,36280,,prise,banks xtreet,,malverneast,act,1970-01-01,4579,4579_pr,545
jacob,stoneman,53.0,balsillie crescent,emubale,bilbul,4226,wa,19920924.0,1597681,24750,jacob,stoneman,balsillie crescent,emubale,bilbul,wa,1970-01-01,4226,4226_st,546
brodir,coulgson,21.0,kirwan circuit,mason street,monto,6076,nsw,19220722.0,3079148,69667,brodir,coulgson,kirwan circuit,mason street,monto,nsw,1970-01-01,6076,6076_co,547
demie,madigan,,fawkner street,everreen,bunyip,6076,sa,19940729.0,5071854,59260,demie,madigan,fawkner street,everreen,bunyip,sa,1970-01-01,6076,6076_ma,548
jessj,,33.0,baldwin drive,anzac house (cnr archer s street,mansfield,2500,nsw,19760607.0,9948416,61169,jessj,,baldwin drive,anzac house cnr archer s street,mansfield,nsw,1970-01-01,2500,2500_,549
casey,pacey,22.0,officer crescent,ken hunter lodge,carlingford,6105,wa,19220930.0,1859104,65428,casey,pacey,officer crescent,ken hunter lodge,carlingford,wa,1970-01-01,6105,6105_pa,550
george,ferrar,,ballumbir street,rich meadows,highgate,4558,nsw,19510224.0,8454781,33733,george,ferrar,ballumbir street,rich meadows,highgate,nsw,1970-01-01,4558,4558_fe,551
mitchell,waller,66.0,brewster place,osborne house,toowoomba,4740,sa,19371230.0,3773290,76413,mitchell,waller,brewster place,osborne house,toowoomba,sa,1970-01-01,4740,4740_wa,552
hollby,webb,3.0,vansittart crescent,mannafieldss farm,coomallo,3047,wa,19361103.0,6664841,67137,hollby,webb,vansittart crescent,mannafieldss farm,coomallo,wa,1970-01-01,3047,3047_we,553
connor,bishop,27.0,mackinnon street,jarrah,aspley,6052,nsw,19200417.0,8870167,42249,connor,bishop,mackinnon street,jarrah,aspley,nsw,1970-01-01,6052,6052_bi,554
benedict,white,23.0,summervillecrescent,huntawyle,avondale heights,4560,wa,19380327.0,1480251,93517,benedict,white,summervillecrescent,huntawyle,avondale heights,wa,1970-01-01,4560,4560_wh,555
angus,roas,62.0,gormansto crescent,mlc centre,kiruwah,3350,sa,19250817.0,2655081,2584,angus,roas,gormansto crescent,mlc centre,kiruwah,sa,1970-01-01,3350,3350_ro,556
tenille,swiggs,150.0,verbrugghen street,gallagher hse,artarmon,7300,qld,19730510.0,6436926,56684,tenille,swiggs,verbrugghen street,gallagher hse,artarmon,qld,1970-01-01,7300,7300_sw,557
diaond,dooldy,38.0,ashburton icrcuit,,ryde,6025,qld,19371212.0,5854405,91609,diaond,dooldy,ashburton icrcuit,,ryde,qld,1970-01-01,6025,6025_do,558
bailee,bevis,,fitzsimm osns street,sovereign court,rochester,2620,vic,19650507.0,1266796,54920,bailee,bevis,fitzsimm osns street,sovereign court,rochester,vic,1970-01-01,2620,2620_be,438
casey,vitkunads,11.0,jones pljace,karinga park,emmaville,2346,tsa,19551102.0,2474313,60915,casey,vitkunads,jones pljace,karinga park,emmaville,tsa,1970-01-01,2346,2346_vi,100
josephine,green,2.0,merv waite street,coaling,condell park,2750,vic,19510121.0,3172909,17723,josephine,green,merv waite street,coaling,condell park,vic,1970-01-01,2750,2750_gr,559
maroc,malezka,6.0,winrae,genoa street,exeter,2251,vic,19391223.0,9918586,27636,maroc,malezka,winrae,genoa street,exeter,vic,1970-01-01,2251,2251_ma,560
,haack,8.0,castleton crescent,foxlea,possum creek,3123,vic,,4953359,72240,,haack,castleton crescent,foxlea,possum creek,vic,,3123,3123_ha,561
emiily,gamlin,3.0,canning street,villa 183,mosman,7262,sa,19091023.0,6693641,60123,emiily,gamlin,canning street,villa 183,mosman,sa,1970-01-01,7262,7262_ga,562
joshua,harbottle,1.0,uralgur ral,mainwaring fich circuit,belmont,5098,qld,19930324.0,2785166,17624,joshua,harbottle,uralgur ral,mainwaring fich circuit,belmont,qld,1970-01-01,5098,5098_ha,563
blake,bristow,12.0,archibaldd tsreet,,cleveland,2148,nsw,19540515.0,9773077,39205,blake,bristow,archibaldd tsreet,,cleveland,nsw,1970-01-01,2148,2148_br,564
alex,kranz,10.0,ogden close,aintree,kirribilli,5290,vic,19951022.0,8620763,69487,alex,kranz,ogden close,aintree,kirribilli,vic,1970-01-01,5290,5290_kr,565
keeley,felmindgham,32.0,angliss place,cranbrook,annandale,2640,wa,19860811.0,5148092,25653,keeley,felmindgham,angliss place,cranbrook,annandale,wa,1970-01-01,2640,2640_fe,566
sean,shepherd,7.0,beazley crescent,tintagel,broadford,4067,act,19561005.0,2726910,58546,sean,shepherd,beazley crescent,tintagel,broadford,act,1970-01-01,4067,4067_sh,567
bianca,wyllie,4.0,folingsbystreet,villa 3,woodcroft,3196,sa,19521130.0,6347027,65861,bianca,wyllie,folingsbystreet,villa 3,woodcroft,sa,1970-01-01,3196,3196_wy,568
stella,chandler,50.0,letters street,rosetta ivllage,coffs harbour,6304,vic,19741215.0,8164610,85445,stella,chandler,letters street,rosetta ivllage,coffs harbour,vic,1970-01-01,6304,6304_ch,34
nathan,smallacombe,20.0,guthridge crescent,red cross units,sandy bay,6056,sa,19241223.0,7522263,75704,nathan,smallacombe,guthridge crescent,red cross units,sandy bay,sa,1970-01-01,6056,6056_sm,569
tabktha,mcgirr,10.0,longerenong street,,barmera,4218,,19221120.0,6798307,8042,tabktha,mcgirr,longerenong street,,barmera,,1970-01-01,4218,4218_mc,570
karli,millar,1.0,bonney street,st francis vlge,preston,4814,vic,19730813.0,3731194,28450,karli,millar,bonney street,st francis vlge,preston,vic,1970-01-01,4814,4814_mi,571
samuel,rosa,58.0,parsons street,wyuna,mittagong,2551,nsw,19560724.0,9531130,91874,samuel,rosa,parsons street,wyuna,mittagong,nsw,1970-01-01,2551,2551_ro,572
connor,moody,12.0,ballumbir street,pontresina,wallsend,3243,sa,19841213.0,2509729,79215,connor,moody,ballumbir street,pontresina,wallsend,sa,1970-01-01,3243,3243_mo,573
willian,carrsill,9.0,costello circuit,old postoffice,darlington,2830,nsw,19110316.0,6580585,93561,willian,carrsill,costello circuit,old postoffice,darlington,nsw,1970-01-01,2830,2830_ca,574
elizabeth,stephenson,65.0,hallen close,warra,kununurra,4127,nsw,19121119.0,4481240,17436,elizabeth,stephenson,hallen close,warra,kununurra,nsw,1970-01-01,4127,4127_st,575
edward,daloia,21.0,geeves court,john flynn medical centre,frankston,2146,vic,19260410.0,9952484,32371,edward,daloia,geeves court,john flynn medical centre,frankston,vic,1970-01-01,2146,2146_da,576
william,furness,16.0,dexter street,strenarea,westmeadows,4568,sa,19021005.0,6115098,33200,william,furness,dexter street,strenarea,westmeadows,sa,1970-01-01,4568,4568_fu,577
clain,entr esz,33.0,ringrosecrescent,jingraa,cairns,6033,nsw,19900120.0,5070905,46247,clain,entr esz,ringrosecrescent,jingraa,cairns,nsw,1970-01-01,6033,6033_en,578
daniel,jardnie,16.0,lanley square,,normanton,2580,act,19331130.0,1885743,23797,daniel,jardnie,lanley square,,normanton,act,1970-01-01,2580,2580_ja,579
solomon,abourjeili,5.0,ellerston avenue,southern cross,attwood,3044,vic,19551019.0,8381808,29966,solomon,abourjeili,ellerston avenue,southern cross,attwood,vic,1970-01-01,3044,3044_ab,580
samantha,forshaw,,mcmillan crescent,tarpwong,thebarton,3178,nsw,19420906.0,8586103,44087,samantha,forshaw,mcmillan crescent,tarpwong,thebarton,nsw,1970-01-01,3178,3178_fo,581
elizabeth,stephenson,56.0,hallen close,warfa,kununurra,4147,nsw,19121119.0,4481240,32494,elizabeth,stephenson,hallen close,warfa,kununurra,nsw,1970-01-01,4147,4147_st,582
sam,webb,17.0,bacchus circuit,lakewood estate,dianella,3724,nsw,19970913.0,7194532,18055,sam,webb,bacchus circuit,lakewood estate,dianella,nsw,1970-01-01,3724,3724_we,583
sam,stephenson,432.0,geeves court,mossburn,logan reserve,4160,qld,19300207.0,7577085,46795,sam,stephenson,geeves court,mossburn,logan reserve,qld,1970-01-01,4160,4160_st,584
matilda,mestrv,5.0,house circuit,retirement village,taringa,3802,qld,19801119.0,2563135,16067,matilda,mestrv,house circuit,retirement village,taringa,qld,1970-01-01,3802,3802_me,585
graec,masonx,44.0,henty street,,port macquarie,2370,tas,19200330.0,6370721,4642,graec,masonx,henty street,,port macquarie,tas,1970-01-01,2370,2370_ma,586
nathan,coffey,187.0,chipperfield circuit,larnach,jan juc,4152,sa,19661029.0,6450962,83639,nathan,coffey,chipperfield circuit,larnach,jan juc,sa,1970-01-01,4152,4152_co,587
emmet,george,,curtin shoping centre,palm lake rseort,newington,4860,wa,19860896.0,4029448,29597,emmet,george,curtin shoping centre,palm lake rseort,newington,wa,1970-01-01,4860,4860_ge,588
melinda,walch,433.0,rene street,cresde n 12182,toowong,2549,vic,19220419.0,4495651,18520,melinda,walch,rene street,cresde n 12182,toowong,vic,1970-01-01,2549,2549_wa,589
robin,morrison,14.0,markham street,balmai n ncove,broadmeadows,6169,vic,19250124.0,8539119,83237,robin,morrison,markham street,balmai n ncove,broadmeadows,vic,1970-01-01,6169,6169_mo,590
jasmine,sach,1.0,goble street,renown,gawler qest,2031,nsw,19791109.0,2530372,67759,jasmine,sach,goble street,renown,gawler qest,nsw,1970-01-01,2031,2031_sa,225
kira,blowexs,4.0,goyder street,bellfield,davistown,2166,sa,19890603.0,1610583,1918,kira,blowexs,goyder street,bellfield,davistown,sa,1970-01-01,2166,2166_bl,591
,gillard,62.0,matina street,sun city resort,ascot park,4107,wa,19760203.0,9419843,96398,,gillard,matina street,sun city resort,ascot park,wa,1970-01-01,4107,4107_gi,592
tenille,swiggs,150.0,verbruggh en street,gallagher hse,artarmon,7300,qld,19730510.0,6436926,2661,tenille,swiggs,verbruggh en street,gallagher hse,artarmon,qld,1970-01-01,7300,7300_sw,557
blake,thiessen,16.0,kilburn close,,surfers paradise,2576,nsw,19210321.0,9632907,15721,blake,thiessen,kilburn close,,surfers paradise,nsw,1970-01-01,2576,2576_th,593
shana,kowald,9.0,dookie street,locn24,port mdcquarie,2586,sa,19200305.0,2522502,51589,shana,kowald,dookie street,locn24,port mdcquarie,sa,1970-01-01,2586,2586_ko,153
kira,terend,24.0,barada crescent,,dulwich hill,2529,nsw,19250222.0,3054502,21778,kira,terend,barada crescent,,dulwich hill,nsw,1970-01-01,2529,2529_te,594
felicity,pulford,3.0,federalhighway,argyle,charlestown,4125,qld,19860610.0,2661643,52827,felicity,pulford,federalhighway,argyle,charlestown,qld,1970-01-01,4125,4125_pu,394
marco,maleszka,6.0,genoa vstreet,winrae,yangebup,2251,vic,19391223.0,9915886,3054,marco,maleszka,genoa vstreet,winrae,yangebup,vic,1970-01-01,2251,2251_ma,595
lauren,crwea,18.0,sit 9,city walk,athol park,3081,vic,19960613.0,1646449,23794,lauren,crwea,sit 9,city walk,athol park,vic,1970-01-01,3081,3081_cr,596
futcher,grace,7.0,burt steret,clear creek,mentone,6023,nsw,19361127.0,2332344,36617,futcher,grace,burt steret,clear creek,mentone,nsw,1970-01-01,6023,6023_gr,597
blade,crossman,53.0,rocklands street,hazelwood garden,highton,3996,vic,19490414.0,4302040,28051,blade,crossman,rocklands street,hazelwood garden,highton,vic,1970-01-01,3996,3996_cr,598
jack,mcgurk,33.0,marrawah rtreet,,pullenvale,3462,nsw,19940814.0,7084883,25459,jack,mcgurk,marrawah rtreet,,pullenvale,nsw,1970-01-01,3462,3462_mc,599
brooke,wylie,40.0,rumker place,,woodrcoft,4655,nsw,19700409.0,4282147,81689,brooke,wylie,rumker place,,woodrcoft,nsw,1970-01-01,4655,4655_wy,600
sidonie,ebert,24.0,garrattjstreet,braeburn,aspley,2024,vic,19710327.0,2510937,22905,sidonie,ebert,garrattjstreet,braeburn,aspley,vic,1970-01-01,2024,2024_eb,601
kathledn,povez,55.0,ashburner street,rsde6 68,revesby,2902,nsw,19710923.0,9885750,21218,kathledn,povez,ashburner street,rsde6 68,revesby,nsw,1970-01-01,2902,2902_po,602
ryan,matthews,66.0,leist stfreet,,torquay,3549,wa,19330505.0,6234085,83992,ryan,matthews,leist stfreet,,torquay,wa,1970-01-01,3549,3549_ma,603
hannah,carbone,7.0,officer crescent,wellshot,blackmans bay,2227,vic,19090326.0,1948811,80624,hannah,carbone,officer crescent,wellshot,blackmans bay,vic,1970-01-01,2227,2227_ca,604
leslie,emiily,37.0,tamar arcade,medley street,athelnstone,4380,sa,19900328.0,5816513,12660,leslie,emiily,tamar arcade,medley street,athelnstone,sa,1970-01-01,4380,4380_em,605
samuel,shepherd,5.0,nichols street,yarramac,moranbah,2659,qld,,7108333,73420,samuel,shepherd,nichols street,yarramac,moranbah,qld,,2659,2659_sh,606
james,ryan,,alston street,myliton,lake acthie,4461,wa,19620419.0,2349088,11422,james,ryan,alston street,myliton,lake acthie,wa,1970-01-01,4461,4461_ry,607
helena,ebert,2.0,garratt street,braeburn,aspley,2024,vic,19710327.0,2510937,15187,helena,ebert,garratt street,braeburn,aspley,vic,1970-01-01,2024,2024_eb,608
kyle,minards,34.0,beetaloo street,old post office,downer,3996,wa,19180430.0,9745200,17804,kyle,minards,beetaloo street,old post office,downer,wa,1970-01-01,3996,3996_mi,392
jecob,stoneman,53.0,balsillie crescent,emucale,bilbul,4226,wa,19920924.0,1597681,61252,jecob,stoneman,balsillie crescent,emucale,bilbul,wa,1970-01-01,4226,4226_st,546
zachary,hudd,3.0,spofforthstreet,oakleaves,kogarah,2016,qld,19810305.0,5024676,29825,zachary,hudd,spofforthstreet,oakleaves,kogarah,qld,1970-01-01,2016,2016_hu,609
jacob,tromp,19.0,jansz crescent,,palmerston,2528,vic,19900225.0,4952852,47293,jacob,tromp,jansz crescent,,palmerston,vic,1970-01-01,2528,2528_tr,610
max,morrison,30.0,yanda street,arlington,moonta,2024,qld,19810825.0,6404764,41594,max,morrison,yanda street,arlington,moonta,qld,1970-01-01,2024,2024_mo,611
dansiel,jardine,16.0,lanle y square,,bargdra,2580,act,19331130.0,1885743,81893,dansiel,jardine,lanle y square,,bargdra,act,1970-01-01,2580,2580_ja,579
benjamin,etherington,92.0,westbury circuit,mallaby,apple tree creek,5045,nsw,,1615398,46807,benjamin,etherington,westbury circuit,mallaby,apple tree creek,nsw,,5045,5045_et,612
michael,wuchatsch,66.0,meehan garden,medical centre,dianella,4700,wa,19190110.0,1614304,22205,michael,wuchatsch,meehan garden,medical centre,dianella,wa,1970-01-01,4700,4700_wu,331
amelia,struck,29.0,winser crescent,pangani,coffs harbour,2250,vic,19640311.0,7848066,35493,amelia,struck,winser crescent,pangani,coffs harbour,vic,1970-01-01,2250,2250_st,613
lachlan,butr,,follett street,,corowa,4605,nsw,19220712.0,1863874,48081,lachlan,butr,follett street,,corowa,nsw,1970-01-01,4605,4605_bu,614
jamie,maynard,7.0,sexton street,princetown cottage,yangebup,3025,nsw,19870814.0,9170338,62775,jamie,maynard,sexton street,princetown cottage,yangebup,nsw,1970-01-01,3025,3025_ma,615
wil,vincent,2.0,slessor crescent,tulliallan,mount isa,2067,nsw,19570306.0,7747820,71265,wil,vincent,slessor crescent,tulliallan,mount isa,nsw,1970-01-01,2067,2067_vi,616
thomas,simmonds,17.0,lyall cerscent,,berrimah,3163,nsw,19590127.0,2772828,42051,thomas,simmonds,lyall cerscent,,berrimah,nsw,1970-01-01,3163,3163_si,617
olivia,artis,12.0,marcus clarke street,lake raod,mill park,3173,nsw,19190302.0,2211444,90560,olivia,artis,marcus clarke street,lake raod,mill park,nsw,1970-01-01,3173,3173_ar,618
william,dowley,8.0,terewahcircuit,bringamlong,poolaijelo,4108,sa,19100915.0,7001131,3635,william,dowley,terewahcircuit,bringamlong,poolaijelo,sa,1970-01-01,4108,4108_do,619
briony,dunstone,42.0,badham street,attunga orchard,macquarie fields,3190,wa,19340729.0,7461019,58781,briony,dunstone,badham street,attunga orchard,macquarie fields,wa,1970-01-01,3190,3190_du,427
joshua,morrison,22.0,santalun street,sec 202,kyabram,5044,sa,19901109.0,7276151,93336,joshua,morrison,santalun street,sec 202,kyabram,sa,1970-01-01,5044,5044_mo,620
joe,passmore,20.0,sullivan crescent,homestead caravn park,mullewa,2502,nsw,19680729.0,1825863,48124,joe,passmore,sullivan crescent,homestead caravn park,mullewa,nsw,1970-01-01,2502,2502_pa,621
zoed,gajda,35.0,eddisonplace,roser ook,concrod,6058,nsw,19600515.0,2599162,24997,zoed,gajda,eddisonplace,roser ook,concrod,nsw,1970-01-01,6058,6058_ga,622
rosie,quilliam,45.0,mcculloch street,brackenvgrae,hurstbridge,5107,sa,19991207.0,5083417,73761,rosie,quilliam,mcculloch street,brackenvgrae,hurstbridge,sa,1970-01-01,5107,5107_qu,623
tayla,green,41.0,kambalda crescent,ambervale,bonville,2905,vic,19310715.0,2230673,85259,tayla,green,kambalda crescent,ambervale,bonville,vic,1970-01-01,2905,2905_gr,527
jayden,glass,135.0,,sec 22,frankston,6210,qld,19640219.0,6764035,29318,jayden,glass,,sec 22,frankston,qld,1970-01-01,6210,6210_gl,624
oliver,salt,25.0,mcmillanprescent,,coffs harbour,7310,qld,19311218.0,7369494,53244,oliver,salt,mcmillanprescent,,coffs harbour,qld,1970-01-01,7310,7310_sa,625
barnayb,reid,51.0,lakes retkremeent estate,hurley street,kempsey,5162,vic,19981021.0,5752601,36331,barnayb,reid,lakes retkremeent estate,hurley street,kempsey,vic,1970-01-01,5162,5162_re,626
stephanie,white,7.0,tambo street,dunfield park,eight mile plains,3751,nsw,19460625.0,9261342,58457,stephanie,white,tambo street,dunfield park,eight mile plains,nsw,1970-01-01,3751,3751_wh,627
joshua,green,1.0,hawkesbury crescent,loughmre,penols,6020,qld,19010219.0,2855631,8364,joshua,green,hawkesbury crescent,loughmre,penols,qld,1970-01-01,6020,6020_gr,628
white,christian,,boolee setreet,noss,,4352,nsw,19491125.0,2992541,3924,white,christian,boolee setreet,noss,,nsw,1970-01-01,4352,4352_ch,629
flyn,cresp,,nambucca street,,sandy bay,2768,vic,19761117.0,4839140,28571,flyn,cresp,nambucca street,,sandy bay,vic,1970-01-01,2768,2768_cr,630
jack,bridgland,226.0,callistercrescent,paradiselake resort,lindfield,5073,nsw,19930210.0,1346125,56574,jack,bridgland,callistercrescent,paradiselake resort,lindfield,nsw,1970-01-01,5073,5073_br,631
dante,campbell,153.0,scantlebury crescent,,rochester,3011,sa,19570319.0,7815398,14566,dante,campbell,scantlebury crescent,,rochester,sa,1970-01-01,3011,3011_ca,632
aidan,belperio,4.0,charlton crescent,openshaw,st clair,4508,nsw,19720503.0,1268692,14954,aidan,belperio,charlton crescent,openshaw,st clair,nsw,1970-01-01,4508,4508_be,633
hilton,talia,11.0,rosellastreet,,camperdown,3752,vic,19201213.0,9206639,81043,hilton,talia,rosellastreet,,camperdown,vic,1970-01-01,3752,3752_ta,634
isabella,browne,57.0,fincham cerscent,wilga,thebarton,2642,nsw,19210914.0,2401777,30501,isabella,browne,fincham cerscent,wilga,thebarton,nsw,1970-01-01,2642,2642_br,635
annabelle,weerta,4.0,firbank close,fronda,riverhills,2025,sa,19490420.0,4285598,21881,annabelle,weerta,firbank close,fronda,riverhills,sa,1970-01-01,2025,2025_we,636
casey,dent,71.0,lubuma place,tressing fields,st ives,5171,vic,19210430.0,8293083,30327,casey,dent,lubuma place,tressing fields,st ives,vic,1970-01-01,5171,5171_de,637
lachlan,everett,26.0,owen dixon drive,lansdowne,yarrawonga,5290,nsw,19260926.0,3722526,30576,lachlan,everett,owen dixon drive,lansdowne,yarrawonga,nsw,1970-01-01,5290,5290_ev,638
samuel,voivodich,426.0,manton place,brentwo od vlge,buddina,4218,nt,19820724.0,2733496,27893,samuel,voivodich,manton place,brentwo od vlge,buddina,nt,1970-01-01,4218,4218_vo,639
amber,wite,31.0,moodie street,degadelga,eaton,2042,nsw,19120819.0,2839026,89899,amber,wite,moodie street,degadelga,eaton,nsw,1970-01-01,2042,2042_wi,640
chloe,arneik,113.0,nelson place,blue hills,belmont,4883,sa,19000803.0,4389592,70903,chloe,arneik,nelson place,blue hills,belmont,sa,1970-01-01,4883,4883_ar,641
cameron,bishop,4.0,chillago e street,edith hall,numeralla,6152,sa,19290325.0,8928429,33003,cameron,bishop,chillago e street,edith hall,numeralla,sa,1970-01-01,6152,6152_bi,502
paris,rudd,270.0,la perouse street,yellow dam,mirboo north,2452,wa,19471029.0,7004314,7867,paris,rudd,la perouse street,yellow dam,mirboo north,wa,1970-01-01,2452,2452_ru,642
jordan,white,310.0,yerra court,,leichhardt,2155,wa,19371126.0,3380323,65325,jordan,white,yerra court,,leichhardt,wa,1970-01-01,2155,2155_wh,643
marcus,reid,290.0,geils court,cambri vlge,naremburn,6020,nsw,19400624.0,3592731,23447,marcus,reid,geils court,cambri vlge,naremburn,nsw,1970-01-01,6020,6020_re,393
benjamin,wbeb,10.0,giliruk drescent,cherry court,balwyn north,3622,nsw,19860415.0,1396032,42446,benjamin,wbeb,giliruk drescent,cherry court,balwyn north,nsw,1970-01-01,3622,3622_wb,644
ashlie,mason,3.0,sinclair street,young retirement village,flagstaff hill,3201,nsw,19540731.0,4277141,71043,ashlie,mason,sinclair street,young retirement village,flagstaff hill,nsw,1970-01-01,3201,3201_ma,645
keeley,felmingham,32.0,angliss place,cranbrnook,annandale,2640,nsw,19860811.0,5148092,37626,keeley,felmingham,angliss place,cranbrnook,annandale,nsw,1970-01-01,2640,2640_fe,566
jaiden,rollins,95.0,rossarden street,tulgewyood,balwyn north,2224,nt,19280722.0,7626396,97755,jaiden,rollins,rossarden street,tulgewyood,balwyn north,nt,1970-01-01,2224,2224_ro,646
thomas,milburn,12.0,sheehy street,witsend,kilcoy,6153,sa,19080629.0,6861021,2476,thomas,milburn,sheehy street,witsend,kilcoy,sa,1970-01-01,6153,6153_mi,647
jordan,vaile,12.0,postle circuit,rosewynne,mansfield,4152,qld,19250617.0,7672358,53310,jordan,vaile,postle circuit,rosewynne,mansfield,qld,1970-01-01,4152,4152_va,648
emiily,richmond,135.0,kalgoorlie crescent,peppertree,lilydale,3031,nsw,19590607.0,5444497,35955,emiily,richmond,kalgoorlie crescent,peppertree,lilydale,nsw,1970-01-01,3031,3031_ri,649
emiily,croker,15.0,castletonc rescent,montrose,como,4214,nsw,19461118.0,6056886,73222,emiily,croker,castletonc rescent,montrose,como,nsw,1970-01-01,4214,4214_cr,650
aalijah,huddy,60.0,currong street,chactro,wellingtn point,2232,sa,19960324.0,1091178,72245,aalijah,huddy,currong street,chactro,wellingtn point,sa,1970-01-01,2232,2232_hu,651
patrick,dargaville,18.0,rosdeale,ceruttycrescent,st lucia,3364,,19770925.0,5982994,85831,patrick,dargaville,rosdeale,ceruttycrescent,st lucia,,1970-01-01,3364,3364_da,652
jonai,nguyen,8.0,dalley crescent,the palms village,kingaroy,2607,nsw,19591019.0,9550940,24240,jonai,nguyen,dalley crescent,the palms village,kingaroy,nsw,1970-01-01,2607,2607_ng,653
emmerson,lock,5.0,gordal e,burnie syreet,thursday island,3147,vic,19211129.0,3901477,74880,emmerson,lock,gordal e,burnie syreet,thursday island,vic,1970-01-01,3147,3147_lo,654
sophie,nicolle,112.0,garling street,spring creek,kotar a,4740,nt,19111001.0,7492384,14911,sophie,nicolle,garling street,spring creek,kotar a,nt,1970-01-01,4740,4740_ni,40
oliver,pennell,25.0,hardman street,t int-sect garden,cranbourne,2830,nsw,19880825.0,9401054,47686,oliver,pennell,hardman street,t int sect garden,cranbourne,nsw,1970-01-01,2830,2830_pe,655
novak,benjamni,39.0,port jackson circuit,sherw ood,dapot,6163,nt,19010630.0,6037504,52517,novak,benjamni,port jackson circuit,sherw ood,dapot,nt,1970-01-01,6163,6163_be,656
oliver,salt,25.0,mcmillan crescent,halls of residence monash university,coffs harbour,7310,qld,19311218.0,7369494,68489,oliver,salt,mcmillan crescent,halls of residence monash university,coffs harbour,qld,1970-01-01,7310,7310_sa,657
ryan,matthews,66.0,leist street,clarence chambers,torquay,3549,wa,19330505.0,6234085,40816,ryan,matthews,leist street,clarence chambers,torquay,wa,1970-01-01,3549,3549_ma,603
christopher,coleman,,fisk street,shopping centre,north ryde,2710,sa,19940821.0,7652642,7920,christopher,coleman,fisk street,shopping centre,north ryde,sa,1970-01-01,2710,2710_co,658
joe,hammer,15.0,amble side garden,wynn place,burnett heads,2200,qld,19420902.0,4437138,46087,joe,hammer,amble side garden,wynn place,burnett heads,qld,1970-01-01,2200,2200_ha,659
briony,dunst ohe,42.0,badham street,attunga orchard,macquarie fields,3190,wa,19340729.0,7461019,56766,briony,dunst ohe,badham street,attunga orchard,macquarie fields,wa,1970-01-01,3190,3190_du,427
callum,camens,35.0,latchford street,northwest medical centre,cloverdale,2481,tas,19810925.0,5181189,14234,callum,camens,latchford street,northwest medical centre,cloverdale,tas,1970-01-01,2481,2481_ca,660
phoebe,berryman,25.0,badimara street,garden est,toronto,3146,qld,19241130.0,3676248,89703,phoebe,berryman,badimara street,garden est,toronto,qld,1970-01-01,3146,3146_be,661
chloe,crossman,73.0,shenton crescent,sec 209 clifton farm,south melbourne,2324,vic,19680424.0,5536009,80001,chloe,crossman,shenton crescent,sec 209 clifton farm,south melbourne,vic,1970-01-01,2324,2324_cr,662
carly,hage,67.0,tasmania circle,palm lake resort,queenscliff,2121,wa,19710623.0,3938642,68321,carly,hage,tasmania circle,palm lake resort,queenscliff,wa,1970-01-01,2121,2121_ha,663
william,tettmar,7.0,horrocks street,leveritt park,baskerville,3781,qld,19610318.0,7560544,82430,william,tettmar,horrocks street,leveritt park,baskerville,qld,1970-01-01,3781,3781_te,664
thomas,pegg,6.0,bath place,fourways,irwin,3931,nsw,19980508.0,2265577,64137,thomas,pegg,bath place,fourways,irwin,nsw,1970-01-01,3931,3931_pe,665
matthew,humphreys,25.0,adamson crescent,villa 2,mannum,3942,nsw,19770818.0,9283013,57841,matthew,humphreys,adamson crescent,villa 2,mannum,nsw,1970-01-01,3942,3942_hu,666
callu,jankus,132.0,mcgivern cfescent,wyncliffe,sylavnia,3187,nsw,19930925.0,5175345,71258,callu,jankus,mcgivern cfescent,wyncliffe,sylavnia,nsw,1970-01-01,3187,3187_ja,667
natasha,rizzo,10.0,aspinall street,locn 105,stanhope gardens,2770,vic,19950211.0,3892183,74734,natasha,rizzo,aspinall street,locn 105,stanhope gardens,vic,1970-01-01,2770,2770_ri,668
jack,morcom,12.0,schomburgk street,warrumbungle,villawood,3018,tas,19800912.0,9689848,54622,jack,morcom,schomburgk street,warrumbungle,villawood,tas,1970-01-01,3018,3018_mo,669
samuel,coleman,60.0,backhouse street,barwhalla,quorn,3147,nsw,19541004.0,8477487,37646,samuel,coleman,backhouse street,barwhalla,quorn,nsw,1970-01-01,3147,3147_co,670
connor,kang,4.0,castles place,glennhill,dunsborough,3228,vic,19630915.0,6049682,5969,connor,kang,castles place,glennhill,dunsborough,vic,1970-01-01,3228,3228_ka,671
liam,shobdn,,sheehy street,part set 231,kardiya,3182,qld,19220917.0,4177703,54571,liam,shobdn,sheehy street,part set 231,kardiya,qld,1970-01-01,3182,3182_sh,400
briony,koerbin,146.0,violet grover place,wybelanah,mill park,2446,nsw,19210210.0,3808808,31604,briony,koerbin,violet grover place,wybelanah,mill park,nsw,1970-01-01,2446,2446_ko,672
georgia,ryan,38.0,cullen street,balmoral garden,emu plains,4068,nsw,19401127.0,9581805,15296,georgia,ryan,cullen street,balmoral garden,emu plains,nsw,1970-01-01,4068,4068_ry,673
chelsea,colquhoun,22.0,tillyard drive,rowethorpe,noarlunga downs,2800,nsw,19690220.0,4088606,81288,chelsea,colquhoun,tillyard drive,rowethorpe,noarlunga downs,nsw,1970-01-01,2800,2800_co,674
jordan,fostiak,101.0,dutton street,munmurra park,lower templestowe,2298,vic,19800425.0,6808199,22144,jordan,fostiak,dutton street,munmurra park,lower templestowe,vic,1970-01-01,2298,2298_fo,675
joshua,shepherdson,32.0,tenison-woods circuit,boronia lodge,glen innes,5211,qld,19100930.0,8400597,22872,joshua,shepherdson,tenison woods circuit,boronia lodge,glen innes,qld,1970-01-01,5211,5211_sh,676
jesse,bloomfield,12.0,allambee street,grandview,mitcham,5290,nsw,19150202.0,6350104,86043,jesse,bloomfield,allambee street,grandview,mitcham,nsw,1970-01-01,5290,5290_bl,677
thomas,reid,98.0,booroondara street,locn 1025,pampas,2086,qld,19570305.0,8218296,61601,thomas,reid,booroondara street,locn 1025,pampas,qld,1970-01-01,2086,2086_re,678
ameila,blake,,halfrey circuit,,shoalhaven heads,6162,sa,19880506.0,4642758,37817,ameila,blake,halfrey circuit,,shoalhaven heads,sa,1970-01-01,6162,6162_bl,679
aidan,horsley,,rosenthal street,wattle brae,irvingdale,3082,vic,19161004.0,9900834,6577,aidan,horsley,rosenthal street,wattle brae,irvingdale,vic,1970-01-01,3082,3082_ho,680
tabitha,boschma,1927.0,osborne place,port 124,taren point,3205,vic,19450311.0,9358031,35665,tabitha,boschma,osborne place,port 124,taren point,vic,1970-01-01,3205,3205_bo,681
jack,kubenk,36.0,dryandra street,ravensfield,mclaren vale,2106,vic,19860307.0,8987466,96885,jack,kubenk,dryandra street,ravensfield,mclaren vale,vic,1970-01-01,2106,2106_ku,682
graec,szocinski,16.0,neeld alce,treasalee,wyoming,3501,wa,19670723.0,9584513,47564,graec,szocinski,neeld alce,treasalee,wyoming,wa,1970-01-01,3501,3501_sz,683
jasmne,hodgeens,399.0,burttcrescent,yammacoona,maryborough,6006,qld,19970618.0,8417307,42972,jasmne,hodgeens,burttcrescent,yammacoona,maryborough,qld,1970-01-01,6006,6006_ho,684
bailee,dent,58.0,maddock place,jingara,nowra,4171,qld,19950112.0,4080299,33153,bailee,dent,maddock place,jingara,nowra,qld,1970-01-01,4171,4171_de,67
,rundle,5.0,beaumont c lose,,coonabavrabran,4020,vic,19640105.0,8384590,54451,,rundle,beaumont c lose,,coonabavrabran,vic,1970-01-01,4020,4020_ru,685
mason,zachary,16.0,,st john of g od hospital,camira,2120,qld,19300102.0,1373543,90472,mason,zachary,,st john of g od hospital,camira,qld,1970-01-01,2120,2120_za,686
max,burman,10.0,minter place,mooresley,nunawading,7011,nsw,19940510.0,5401824,18227,max,burman,minter place,mooresley,nunawading,nsw,1970-01-01,7011,7011_bu,687
judah,jeffries,,condamin e street,tinaroo falls,canterbury,2162,nsw,19350906.0,6982133,92090,judah,jeffries,condamin e street,tinaroo falls,canterbury,nsw,1970-01-01,2162,2162_je,688
michael,laverty,6.0,lenehan street,sennocke,suffolk park,2208,vic,19631213.0,9807797,69463,michael,laverty,lenehan street,sennocke,suffolk park,vic,1970-01-01,2208,2208_la,540
eliza,tiffin,8.0,brawn place,,northbridge,2017,vic,19131019.0,9311089,60940,eliza,tiffin,brawn place,,northbridge,vic,1970-01-01,2017,2017_ti,304
,stubbs,127.0,jardine street,delmar,greenacre,3198,vic,19190221.0,5139556,42797,,stubbs,jardine street,delmar,greenacre,vic,1970-01-01,3198,3198_st,689
harrison,schumann,24.0,monaro crescent,donnelly rvr villg,oakleigh,2281,nsw,19991013.0,9551413,16959,harrison,schumann,monaro crescent,donnelly rvr villg,oakleigh,nsw,1970-01-01,2281,2281_sc,690
aimee,trzconski,117.0,jacobs street,blue hills,frankston,2198,nsw,19280418.0,8941279,44154,aimee,trzconski,jacobs street,blue hills,frankston,nsw,1970-01-01,2198,2198_tr,349
emiily,bullock,251.0,ivo whitton circuit,kacwdoo,blackburn north,3906,nsw,19470901.0,2457694,65979,emiily,bullock,ivo whitton circuit,kacwdoo,blackburn north,nsw,1970-01-01,3906,3906_bu,691
lachlan,hyland,16.0,colebatch place,penquiteroad,new lambton heights,4305,qld,19340129.0,6484656,983,lachlan,hyland,colebatch place,penquiteroad,new lambton heights,qld,1970-01-01,4305,4305_hy,692
ethan,pringle,2.0,o'connell street,canberra hse,urana,5108,tas,19510914.0,6472293,69662,ethan,pringle,o'connell street,canberra hse,urana,tas,1970-01-01,5108,5108_pr,693
flynn,cresp,,nambucc a street,rowethorpe,sandy bay,2768,vic,19761117.0,2624663,68406,flynn,cresp,nambucc a street,rowethorpe,sandy bay,vic,1970-01-01,2768,2768_cr,694
jaykob,clarke,75.0,mileham st reet,kimbreley,daby,2107,wa,19000919.0,9245272,26026,jaykob,clarke,mileham street reet,kimbreley,daby,wa,1970-01-01,2107,2107_cl,695
mason,caitlin,451.0,oakey creek road,moodnah,newstead,3035,nsw,19250317.0,2470308,81200,mason,caitlin,oakey creek road,moodnah,newstead,nsw,1970-01-01,3035,3035_ca,696
webb,sam,5.0,deamer crescent,belaradah,west lakes shore,2570,wa,19880611.0,4408444,61202,webb,sam,deamer crescent,belaradah,west lakes shore,wa,1970-01-01,2570,2570_sa,697
samara,willing,,,cool inda,concord,3765,nsw,19270204.0,1045315,71051,samara,willing,,cool inda,concord,nsw,1970-01-01,3765,3765_wi,698
jade,browne,12.0,noble clse,circle h,avoca,3180,qld,19921015.0,1314590,63346,jade,browne,noble clse,circle h,avoca,qld,1970-01-01,3180,3180_br,699
,,24.0,,woorinyan,riverwood,3749,qld,19180205.0,9341716,13932,,,,woorinyan,riverwood,qld,1970-01-01,3749,3749_,700
casey,dent,61.0,lubuma place,tressing fields,st ives,5171,vic,19210430.0,8293083,32157,casey,dent,lubuma place,tressing fields,st ives,vic,1970-01-01,5171,5171_de,637
william,mcclelland,45.0,sparkes close,opal cove resort,bowen mountain,6100,wa,19620103.0,1937435,70974,william,mcclelland,sparkes close,opal cove resort,bowen mountain,wa,1970-01-01,6100,6100_mc,701
joshua,harbottle,1.0,mainwaring rich circuit,uralgurral,belmont,5098,qld,19930324.0,2785166,32279,joshua,harbottle,mainwaring rich circuit,uralgurral,belmont,qld,1970-01-01,5098,5098_ha,702
rosa,prar,40.0,nicholson crescent,vill 32,mountf evelyn,2200,nsw,19080409.0,8467968,88643,rosa,prar,nicholson crescent,vill 32,mountf evelyn,nsw,1970-01-01,2200,2200_pr,703
beau,tongyode,195.0,dingo flats,tourist park,gray,3620,vic,19071010.0,8299710,41844,beau,tongyode,dingo flats,tourist park,gray,vic,1970-01-01,3620,3620_to,704
karla,rump,39.0,hilder street,killarney,normanhurst,3219,wa,19010414.0,4005188,21599,karla,rump,hilder street,killarney,normanhurst,wa,1970-01-01,3219,3219_ru,705
zachary,owerko,4.0,bendigo street,maroubra beach,maclean,2756,vic,19470101.0,4914201,26114,zachary,owerko,bendigo street,maroubra beach,maclean,vic,1970-01-01,2756,2756_ow,706
parr,rosa,40.0,nicholson crescent,villa 32,mount evelyn,2200,nsw,19080409.0,8467968,51211,parr,rosa,nicholson crescent,villa 32,mount evelyn,nsw,1970-01-01,2200,2200_ro,707
shelbey,matthews,48.0,learmonth drive,dolphin arcade,sanctuary point,2289,nsw,19440419.0,3598907,19909,shelbey,matthews,learmonth drive,dolphin arcade,sanctuary point,nsw,1970-01-01,2289,2289_ma,708
lucsa,ryan,71.0,walker crescent,brackengrae,belrose,5024,vic,19840323.0,6371124,96973,lucsa,ryan,walker crescent,brackengrae,belrose,vic,1970-01-01,5024,5024_ry,709
tyler,morrison,22.0,captain cook crescent,warraberry,rowville,6056,qld,19840630.0,1518425,27714,tyler,morrison,captain cook crescent,warraberry,rowville,qld,1970-01-01,6056,6056_mo,710
jassim,pasaricek,20.0,carron street,posetto,yunta,2210,sa,19861109.0,8613365,92599,jassim,pasaricek,carron street,posetto,yunta,sa,1970-01-01,2210,2210_pa,711
,kiss,21.0,pialligo avenue,caravn park,,2530,vic,19310218.0,3431125,65644,,kiss,pialligo avenue,caravn park,,vic,1970-01-01,2530,2530_ki,712
webb,xani,5.0,len water ss ctreet,willmont park,boweral,2615,wa,19911101.0,8286026,14304,webb,xani,len water ss ctreet,willmont park,boweral,wa,1970-01-01,2615,2615_xa,713
jenna,rodaro,,livingston avenue,st franis room,mooroolbark,3977,qls,19830926.0,8979554,34871,jenna,rodaro,livingston avenue,st franis room,mooroolbark,qls,1970-01-01,3977,3977_ro,714
aidan,blackcwell,2.0,crosshills,eddy crescent,white patch,2121,vic,19980911.0,5406026,65498,aidan,blackcwell,crosshills,eddy crescent,white patch,vic,1970-01-01,2121,2121_bl,715
campbell,matthews,95.0,derrington crescent,the meajdows,centennial park,2073,nsw,19750315.0,3771528,1612,campbell,matthews,derrington crescent,the meajdows,centennial park,nsw,1970-01-01,2073,2073_ma,716
chloe,lovelock,52.0,healy street,wandary hill,springvale south,2528,act,19370419.0,8539701,41698,chloe,lovelock,healy street,wandary hill,springvale south,act,1970-01-01,2528,2528_lo,717
annabdlle,weetra,4.0,firbank close,fronda,riverhills,2025,sa,19490420.0,4285598,3355,annabdlle,weetra,firbank close,fronda,riverhills,sa,1970-01-01,2025,2025_we,636
luke,snelling,134.0,postle circuit,white lodge,penrith,2283,nsw,19310131.0,3695855,56513,luke,snelling,postle circuit,white lodge,penrith,nsw,1970-01-01,2283,2283_sn,718
joel,bishop,15.0,mcluckie crescent,allawah flats,branxton,2340,,19880214.0,5188002,62561,joel,bishop,mcluckie crescent,allawah flats,branxton,,1970-01-01,2340,2340_bi,719
maddisvn,braithwaite,15.0,rosman circuit,,nhill,7237,nsw,19080131.0,9913172,27777,maddisvn,braithwaite,rosman circuit,,nhill,nsw,1970-01-01,7237,7237_br,720
ella,cannell,18.0,mainwaring rich circuit,kincumber nautical vlge,asquith,4075,nsw,19570915.0,2076456,6287,ella,cannell,mainwaring rich circuit,kincumber nautical vlge,asquith,nsw,1970-01-01,4075,4075_ca,721
kelsy,ketelaars,19.0,eldershaw place,brindabella specialist centre,burrum heads,7249,qld,19200423.0,9930712,61266,kelsy,ketelaars,eldershaw place,brindabella specialist centre,burrum heads,qld,1970-01-01,7249,7249_ke,722
marcus,rei,290.0,geil s court,cambri vlge,narembjrn,6020,nsw,19400624.0,3592731,31190,marcus,rei,geil s court,cambri vlge,narembjrn,nsw,1970-01-01,6020,6020_re,393
liam,laing,7.0,theodore street,,padstow,6004,vic,19391123.0,4137134,42858,liam,laing,theodore street,,padstow,vic,1970-01-01,6004,6004_la,723
sonja,kleve,28.0,dallachy place,copely,keon park,4362,nsw,19880528.0,7042108,67571,sonja,kleve,dallachy place,copely,keon park,nsw,1970-01-01,4362,4362_kl,724
george,blam,15.0,mcdonald street,burnside,mount eliza,6567,vic,19730806.0,3873535,34729,george,blam,mcdonald street,burnside,mount eliza,vic,1970-01-01,6567,6567_bl,725
joel,ejlak,61.0,eppalock street,brentwood vlge,taigum,2644,nsw,19351102.0,1021508,48160,joel,ejlak,eppalock street,brentwood vlge,taigum,nsw,1970-01-01,2644,2644_ej,726
natalia,george,22.0,glenview,woollum street,morweul,6056,wa,19540306.0,7746839,47005,natalia,george,glenview,woollum street,morweul,wa,1970-01-01,6056,6056_ge,727
isabella,nguyen,16.0,wilshire street,erinsvale,rose bay,6207,vic,19760517.0,8693348,56066,isabella,nguyen,wilshire street,erinsvale,rose bay,vic,1970-01-01,6207,6207_ng,728
meg,fauser,2.0,bimbiang crescent,garden creek,labrador,4034,qld,,3103165,73677,meg,fauser,bimbiang crescent,garden creek,labrador,qld,,4034,4034_fa,729
liersch,michael,29.0,hallstrom circuit,,northampton,4405,nsw,19360816.0,8185284,26811,liersch,michael,hallstrom circuit,,northampton,nsw,1970-01-01,4405,4405_mi,730
danik a,alhabsji,2.0,ewing street,oak dale,toowoomba,2161,vic,19020325.0,2643761,42258,danik a,alhabsji,ewing street,oak dale,toowoomba,vic,1970-01-01,2161,2161_al,731
connor,rawlings,70.0,corin pace,oxford,kuraby,4216,qld,19330925.0,2464828,45835,connor,rawlings,corin pace,oxford,kuraby,qld,1970-01-01,4216,4216_ra,732
bailey,dogg,,atherton street,golden lea,orange,6014,vic,19470823.0,3660677,9146,bailey,dogg,atherton street,golden lea,orange,vic,1970-01-01,6014,6014_do,733
elton,waller,37.0,blacket street,,st kilda east,3221,wq,19920706.0,7876568,66255,elton,waller,blacket street,,st kilda east,wq,1970-01-01,3221,3221_wa,734
joshua,leppard,4.0,murranji street,villa 19,erindale,6057,vic,19490620.0,2307117,96856,joshua,leppard,murranji street,villa 19,erindale,vic,1970-01-01,6057,6057_le,735
bradley,bishop,14.0,newman morris circuit,shiloah,wickepih,2711,wa,19420604.0,2961403,34202,bradley,bishop,newman morris circuit,shiloah,wickepih,wa,1970-01-01,2711,2711_bi,736
demie,madigan,,fawkne street,evergreen,bunyip,6007,sa,19940729.0,5071854,91777,demie,madigan,fawkne street,evergreen,bunyip,sa,1970-01-01,6007,6007_ma,737
timothy,ebert,8.0,devonport street,mount patrick,somerset,6105,nsw,19450222.0,4573952,1606,timothy,ebert,devonport street,mount patrick,somerset,nsw,1970-01-01,6105,6105_eb,738
emiily,bullock,57.0,ivo whitto n circuit,kacadoo,blackburn north,3746,nsw,19470901.0,2457694,84562,emiily,bullock,ivo whitto n circuit,kacadoo,blackburn north,nsw,1970-01-01,3746,3746_bu,739
kyle,bizjak,60.0,ferrier place,yarrimbah,boyanup,3074,nsw,19701103.0,5773280,31750,kyle,bizjak,ferrier place,yarrimbah,boyanup,nsw,1970-01-01,3074,3074_bi,740
zachary,owerko,4.0,bendigo ttreet,maroubra beach,maclean,2756,vic,19470101.0,4914201,38961,zachary,owerko,bendigo ttreet,maroubra beach,maclean,vic,1970-01-01,2756,2756_ow,706
mackenzie,nicolle,16.0,snowden place,windsor lodge,greenhill,2152,nsw,19420118.0,2858815,68136,mackenzie,nicolle,snowden place,windsor lodge,greenhill,nsw,1970-01-01,2152,2152_ni,741
izaac,quill,10.0,lexcen avenue,lochenfels,redbank plains,2731,wa,19600320.0,9582347,10149,izaac,quill,lexcen avenue,lochenfels,redbank plains,wa,1970-01-01,2731,2731_qu,742
tahlia,vacchiani,67.0,newland street,tahmoor,blackbutt,2304,qld,19041007.0,5476244,44153,tahlia,vacchiani,newland street,tahmoor,blackbutt,qld,1970-01-01,2304,2304_va,743
grossman,tara,1.0,denovan circuit,greigs flat,eastern heights,2560,qld,19500910.0,2324149,8977,grossman,tara,denovan circuit,greigs flat,eastern heights,qld,1970-01-01,2560,2560_ta,744
williiam,dowley,15.0,terewah circuit,,poolaijelo,4108,sa,19230716.0,7001131,23311,williiam,dowley,terewah circuit,,poolaijelo,sa,1970-01-01,4108,4108_do,745
olivia,felmingham,32.0,anglissp lace,cranbrook,annandale,2604,nsw,19860811.0,5148092,84761,olivia,felmingham,anglissp lace,cranbrook,annandale,nsw,1970-01-01,2604,2604_fe,746
jasmyn,seehusen,198.0,alfred hill drive,sun city resort,elwood,3496,vic,19440409.0,4444319,93336,jasmyn,seehusen,alfred hill drive,sun city resort,elwood,vic,1970-01-01,3496,3496_se,620
joshua,villeiqrs,273.0,goyder street,loughmore,adelaide,2484,vic,19730628.0,9653869,15329,joshua,villeiqrs,goyder street,loughmore,adelaide,vic,1970-01-01,2484,2484_vi,747
joshuaz,parr,36.0,,corcoran,bungwahl,2777,vic,19950525.0,7710315,79755,joshuaz,parr,,corcoran,bungwahl,vic,1970-01-01,2777,2777_pa,748
benjamin,akkermans,20.0,macedon crescent,,regentville,4507,sa,19940816.0,6687966,88993,benjamin,akkermans,macedon crescent,,regentville,sa,1970-01-01,4507,4507_ak,749
dominic,flockhart,2.0,oxley street,clear creek,norhtgate,3000,wa,19890621.0,5173538,60536,dominic,flockhart,oxley street,clear creek,norhtgate,wa,1970-01-01,3000,3000_fl,149
seamus,nguyen,98.0,,chobe,yarraville,2107,wa,19960816.0,9574103,21985,seamus,nguyen,,chobe,yarraville,wa,1970-01-01,2107,2107_ng,750
zachary,clarke,2.0,port jackson circuit,masonic memorila village,minchinbury,4470,sa,19731003.0,4301419,55083,zachary,clarke,port jackson circuit,masonic memorila village,minchinbury,sa,1970-01-01,4470,4470_cl,751
david,huddy,40.0,mina wylie crescent,,thornbury,3281,qld,19840327.0,3069553,46832,david,huddy,mina wylie crescent,,thornbury,qld,1970-01-01,3281,3281_hu,752
tyler,statton,4.0,paul coe crescent,belgrave arcade,kingston,3179,vic,19701224.0,9336789,47169,tyler,statton,paul coe crescent,belgrave arcade,kingston,vic,1970-01-01,3179,3179_st,753
benjamin,brock,25.0,rossarden street,north road,mosman,3953,qld,19601113.0,6718212,80875,benjamin,brock,rossarden street,north road,mosman,qld,1970-01-01,3953,3953_br,754
kirra,berry,199.0,davenport street,bryntirion,rylstone,4703,wa,19530221.0,1915716,7072,kirra,berry,davenport street,bryntirion,rylstone,wa,1970-01-01,4703,4703_be,755
jade,zimmermann,33.0,nepean place,holloway haven,scarborough,4573,nsw,19351222.0,8890859,83244,jade,zimmermann,nepean place,holloway haven,scarborough,nsw,1970-01-01,4573,4573_zi,756
lachlan,mcgregor,,,ocean star villas,eastwood,2615,nsw,19051211.0,2003775,90747,lachlan,mcgregor,,ocean star villas,eastwood,nsw,1970-01-01,2615,2615_mc,757
carlin,dabinet,8.0,holden ipace,park lane estate,southern river,2730,sa,19550806.0,9757461,28793,carlin,dabinet,holden ipace,park lane estate,southern river,sa,1970-01-01,2730,2730_da,758
chloy,mcphie,5.0,robertson street,langleigh,swanwick,4262,qld,19340310.0,5324627,62928,chloy,mcphie,robertson street,langleigh,swanwick,qld,1970-01-01,4262,4262_mc,759
oscar,ferris,1.0,shore place,leisure living vlge,hamilton,3128,nt,19080521.0,3835190,24953,oscar,ferris,shore place,leisure living vlge,hamilton,nt,1970-01-01,3128,3128_fe,760
stella,chandker,50.0,ebden street,rosetta village,harbord,6304,vic,19741215.0,8164610,87729,stella,chandker,ebden street,rosetta village,harbord,vic,1970-01-01,6304,6304_ch,34
flynn,weller,23.0,woollum street,allu nga,surreyh ills,2870,qld,19700106.0,9438862,12778,flynn,weller,woollum street,allu nga,surreyh ills,qld,1970-01-01,2870,2870_we,761
melanie,bourras,74.0,inwood place,gorgecreek rchards,hoppers crossing,2203,nsw,19971016.0,9221934,43518,melanie,bourras,inwood place,gorgecreek rchards,hoppers crossing,nsw,1970-01-01,2203,2203_bo,762
noah,campbell,9.0,pryor place,,montagu bay,4059,vic,19290211.0,5025398,55929,noah,campbell,pryor place,,montagu bay,vic,1970-01-01,4059,4059_ca,763
benjamin,weller,33.0,swanton street,morago,,7305,nsw,19540118.0,7771880,18319,benjamin,weller,swanton street,morago,,nsw,1970-01-01,7305,7305_we,764
de vmga,kayne,25.0,canna n crescent,glen rock,rivett,4020,vic,19581106.0,7272068,87642,de vmga,kayne,canna n crescent,glen rock,rivett,vic,1970-01-01,4020,4020_ka,765
morrison,grace,66.0,quinlivan crescent,greengrove,caulfield north,4120,vic,19460909.0,3999669,53885,morrison,grace,quinlivan crescent,greengrove,caulfield north,vic,1970-01-01,4120,4120_gr,766
joshua,beadle,19.0,williamson street,lignum,orange,3193,vic,19570308.0,1429771,51334,joshua,beadle,williamson street,lignum,orange,vic,1970-01-01,3193,3193_be,767
jemma,vincent,4.0,bangalay crescent,rivergum van park,wentworth falls,2572,sa,19480628.0,5700864,65295,jemma,vincent,bangalay crescent,rivergum van park,wentworth falls,sa,1970-01-01,2572,2572_vi,768
kaela,webb,85.0,mehaffey crescent,palestine,surry hills,3194,nsw,,8660997,83953,kaela,webb,mehaffey crescent,palestine,surry hills,nsw,,3194,3194_we,769
anton,miles,45.0,de little c ircuit,hamilton park,cooroy,4202,vic,19100212.0,9909697,89139,anton,miles,de little c ircuit,hamilton park,cooroy,vic,1970-01-01,4202,4202_mi,770
caleb,challenor,1.0,wellingtfn street,kinrossfarm,cronulla,5109,vic,19600213.0,2694239,79256,caleb,challenor,wellingtfn street,kinrossfarm,cronulla,vic,1970-01-01,5109,5109_ch,771
isabella,clarke,59.0,gillespie street,flr 5 john flynnkmedical centre,mount victoria,2147,act,19950110.0,4409764,8006,isabella,clarke,gillespie street,flr 5 john flynnkmedical centre,mount victoria,act,1970-01-01,2147,2147_cl,772
ethan,callahan,298.0,meyrickplace,,tarragindi,3961,nsw,19901001.0,4525246,73161,ethan,callahan,meyrickplace,,tarragindi,nsw,1970-01-01,3961,3961_ca,773
imogen,doody,33.0,byrnes place,,kilsyth,2176,tas,19220807.0,7959638,29049,imogen,doody,byrnes place,,kilsyth,tas,1970-01-01,2176,2176_do,774
jack,artis,49.0,macfarland crescent,tulla burra,springfield,4019,vic,19810320.0,5959224,52058,jack,artis,macfarland crescent,tulla burra,springfield,vic,1970-01-01,4019,4019_ar,775
liam,grubb,63.0,rowell place,argyle,kotara south,3002,qld,19660416.0,6643838,19308,liam,grubb,rowell place,argyle,kotara south,qld,1970-01-01,3002,3002_gr,776
madisoen,welller,11.0,coplanddrive,,birmingha m gardens,4350,wa,19341024.0,6281502,54845,madisoen,welller,coplanddrive,,birmingha m gardens,wa,1970-01-01,4350,4350_we,777
jake,grosser,3.0,lexcen avenue,horseshoe bend,bomaderry,2161,vic,19670227.0,8695287,33435,jake,grosser,lexcen avenue,horseshoe bend,bomaderry,vic,1970-01-01,2161,2161_gr,118
riley,george,2.0,alice jackson crescent,jewells medical centre,athelstone,3912,,19901121.0,9927435,89303,riley,george,alice jackson crescent,jewells medical centre,athelstone,,1970-01-01,3912,3912_ge,778
lily,sideris,16.0,hallstrom circuit,joro be,surry hills,6012,nsw,19150910.0,9848730,38260,lily,sideris,hallstrom circuit,joro be,surry hills,nsw,1970-01-01,6012,6012_si,327
tristan,ca rp,222.0,marchant circuit,georgdeale,campbelltown,2193,nsw,19281204.0,1421166,15879,tristan,ca rp,marchant circuit,georgdeale,campbelltown,nsw,1970-01-01,2193,2193_ca,779
cameron,bishop,4.0,chillagoe street,edith hall,numeralla,6152,sa,19290325.0,8928429,49039,cameron,bishop,chillagoe street,edith hall,numeralla,sa,1970-01-01,6152,6152_bi,502
coleman,jack,312.0,andersom street,,north sydney,2486,nsw,19851226.0,3498401,37701,coleman,jack,andersom street,,north sydney,nsw,1970-01-01,2486,2486_ja,780
indyana,stagoll,13.0,stockdale street,norfolk park,morwell,4101,qld,19951122.0,3143553,60116,indyana,stagoll,stockdale street,norfolk park,morwell,qld,1970-01-01,4101,4101_st,781
noah,gamlin,18.0,canning street,villa 183,mosman,7202,sa,19091023.0,6692641,27013,noah,gamlin,canning street,villa 183,mosman,sa,1970-01-01,7202,7202_ga,782
isabella,whitei,,monaro highway,jarara,beaumaris,2619,nsw,19521225.0,6048503,40355,isabella,whitei,monaro highway,jarara,beaumaris,nsw,1970-01-01,2619,2619_wh,783
drechsler,samantha,52.0,mara place,tower b rockdale,rochedale south,5495,nsw,19330422.0,8882745,40043,drechsler,samantha,mara place,tower b rockdale,rochedale south,nsw,1970-01-01,5495,5495_sa,784
andrew,gilbertson,12.0,anembo street,apt 312 the rock wall,nedlands,4702,nsw,19460513.0,1862712,60159,andrew,gilbertson,anembo street,apt 312 the rock wall,nedlands,nsw,1970-01-01,4702,4702_gi,449
riddell,kirra,27.0,rene wtreet,medical centre,burpengary,2747,qld,19140824.0,2031732,48834,riddell,kirra,rene wtreet,medical centre,burpengary,qld,1970-01-01,2747,2747_ki,785
holly,stoker,5.0,ballumbiw street,chetwyhd,kirrawee,6009,vic,19300121.0,8123371,20996,holly,stoker,ballumbiw street,chetwyhd,kirrawee,vic,1970-01-01,6009,6009_st,786
hugh,rusack,19.0,biddell place,kolora,carlingford,4744,nsw,19970623.0,7482555,72298,hugh,rusack,biddell place,kolora,carlingford,nsw,1970-01-01,4744,4744_ru,787
emalcene,ryan,26.0,lance hill avenue,cameroo,forest hill,3070,nsw,19720615.0,5185238,6171,emalcene,ryan,lance hill avenue,cameroo,forest hill,nsw,1970-01-01,3070,3070_ry,788
sophie,butlock,6.0,boolee street,,port fairy,6076,sa,19361014.0,3859714,88732,sophie,butlock,boolee street,,port fairy,sa,1970-01-01,6076,6076_bu,377
domenique,paterson,15.0,merewether pu blic school,lubum aplace,greensborough,3138,qld,19160017.0,4957843,71300,domenique,paterson,merewether pu blic school,lubum aplace,greensborough,qld,1970-01-01,3138,3138_pa,37
alicia,webb,1215.0,fisken crescent,,hurlstone park,2144,qld,19990527.0,9846267,69880,alicia,webb,fisken crescent,,hurlstone park,qld,1970-01-01,2144,2144_we,789
connor,rawlings,70.0,corin place,oxford,kuraby,4216,qld,19330925.0,2464828,78481,connor,rawlings,corin place,oxford,kuraby,qld,1970-01-01,4216,4216_ra,732
davi d,huddy,1.0,mina wylie crescent,arthella,thornbury,3281,qld,19840327.0,3069553,91055,davi d,huddy,mina wylie crescent,arthella,thornbury,qld,1970-01-01,3281,3281_hu,752
madeline,belling,14.0,jackie howe crescent,golambio cottage,picnic point,4053,nsw,19600218.0,8795054,30829,madeline,belling,jackie howe crescent,golambio cottage,picnic point,nsw,1970-01-01,4053,4053_be,790
aleish,mcelwee,34.0,osburn drive,parraweena,condell park,5237,act,19440525.0,2532051,15094,aleish,mcelwee,osburn drive,parraweena,condell park,act,1970-01-01,5237,5237_mc,71
samuel,ryan,512.0,hilder street,state bank arcade,davistown,2300,sa,19830613.0,5653742,15685,samuel,ryan,hilder street,state bank arcade,davistown,sa,1970-01-01,2300,2300_ry,791
ethan,pringle,2.0,o'connell street,,urana,5108,qld,19510914.0,6472293,93422,ethan,pringle,o'connell street,,urana,qld,1970-01-01,5108,5108_pr,693
mikaela,white,4.0,anzac park,villa 5,blair athol,4557,vic,19811017.0,4853274,64284,mikaela,white,anzac park,villa 5,blair athol,vic,1970-01-01,4557,4557_wh,792
jacob,marampon,39.0,lowanna street,glenveagh,keysborough,3806,vic,19820914.0,7380723,55584,jacob,marampon,lowanna street,glenveagh,keysborough,vic,1970-01-01,3806,3806_ma,793
cooper,coxon,8.0,downard sstreet,homew ood,laaneocorie,3128,sa,19070923.0,5430172,79755,cooper,coxon,downard sstreet,homew ood,laaneocorie,sa,1970-01-01,3128,3128_co,748
riley,lodge,22.0,chuculba c rescent,yarramine park,lower tempelstowe,2199,vic,19580921.0,7498288,62817,riley,lodge,chuculba c rescent,yarramine park,lower tempelstowe,vic,1970-01-01,2199,2199_lo,794
sophie,mason,26.0,untz1,may mills close,craigomre,2622,nsw,19700207.0,1317086,19797,sophie,mason,untz1,may mills close,craigomre,nsw,1970-01-01,2622,2622_ma,795
tara,grossman,1.0,denovan circuit,greigs flat,eastern heights,2560,qld,19500910.0,2324149,45197,tara,grossman,denovan circuit,greigs flat,eastern heights,qld,1970-01-01,2560,2560_gr,796
jonah,nguyen,8.0,dalley crescent,,kingaroy,2607,nsw,19591019.0,9550440,27842,jonah,nguyen,dalley crescent,,kingaroy,nsw,1970-01-01,2607,2607_ng,157
samatnha,drechsler,52.0,mara place,tower b rockdale,rochedale south,5459,nsw,19330422.0,8882745,65403,samatnha,drechsler,mara place,tower b rockdale,rochedale south,nsw,1970-01-01,5459,5459_dr,797
henry,bloomfield,20.0,bendigo retirement village,mcdougal lstreet,rosebud,4563,wa,19321112.0,1646845,76126,henry,bloomfield,bendigo retirement village,mcdougal lstreet,rosebud,wa,1970-01-01,4563,4563_bl,798
aloysius,jolly,14.0,morehead street,gleneira,scarborough,4078,qld,19170308.0,2866938,18246,aloysius,jolly,morehead street,gleneira,scarborough,qld,1970-01-01,4078,4078_jo,799
indiana,goonan,4.0,sparkes close,corinell aglen,carnegie,3135,nsw,19610313.0,9556041,35532,indiana,goonan,sparkes close,corinell aglen,carnegie,nsw,1970-01-01,3135,3135_go,800
tyler,george,41.0,murrung crescent,elizabeth residential village,beaconsfield upper,5606,nsw,19870504.0,7345262,69803,tyler,george,murrung crescent,elizabeth residential village,beaconsfield upper,nsw,1970-01-01,5606,5606_ge,801
jackson,eglinron,840.0,mountview,fowles treet,burlei gh heads,2803,sa,19830807.0,2932837,67843,jackson,eglinron,mountview,fowles treet,burlei gh heads,sa,1970-01-01,2803,2803_eg,802
jackaon,prestia,29.0,priddle sjtreet,mirilla,graceville,3012,qld,19260601.0,5613219,8310,jackaon,prestia,priddle sjtreet,mirilla,graceville,qld,1970-01-01,3012,3012_pr,303
connor,beckwith,10.0,heard street,,mill park,5031,nsw,19081103.0,2209091,64221,connor,beckwith,heard street,,mill park,nsw,1970-01-01,5031,5031_be,803
eboni,pantazooulos,20.0,allottj place,wyoming park,aldgate,2235,sa,19860807.0,9030076,88250,eboni,pantazooulos,allottj place,wyoming park,aldgate,sa,1970-01-01,2235,2235_pa,804
coby,berry,27.0,heagney crescent,,cremorne,3078,qld,19260518.0,1390881,13339,coby,berry,heagney crescent,,cremorne,qld,1970-01-01,3078,3078_be,285
james,orchard,3.0,carnall close,kooyong,ballina,3095,qld,19970331.0,7947155,63124,james,orchard,carnall close,kooyong,ballina,qld,1970-01-01,3095,3095_or,805
bethany,glennon,17.0,davice place,,robinson,2502,nsw,19111117.0,9197460,89786,bethany,glennon,davice place,,robinson,nsw,1970-01-01,2502,2502_gl,806
ethan,stubbs,9.0,prichard circuit,garden creek,sefton,4207,vic,19390912.0,7508887,72265,ethan,stubbs,prichard circuit,garden creek,sefton,vic,1970-01-01,4207,4207_st,807
christopher,vilums,10.0,rene street,,crows nest,4754,sa,19851127.0,5181141,78008,christopher,vilums,rene street,,crows nest,sa,1970-01-01,4754,4754_vi,808
rile,meadows,212.0,chuculbaic rescent,yarraminr park,lower templestowe,2199,vic,19580921.0,7498288,82563,rile,meadows,chuculbaic rescent,yarraminr park,lower templestowe,vic,1970-01-01,2199,2199_me,809
harley,mccarthy,177.0,pridham street,milton,marsden,3167,nsw,19080419.0,6089216,39470,harley,mccarthy,pridham street,milton,marsden,nsw,1970-01-01,3167,3167_mc,810
jake,grosser,3.0,lexcen avenue,horseshoe bend,bomaderry,2161,vic,19670227.0,6467209,5469,jake,grosser,lexcen avenue,horseshoe bend,bomaderry,vic,1970-01-01,2161,2161_gr,811
william,shepherd,,horsley crescent,annesley,clayton,2203,qld,19920927.0,8560358,70708,william,shepherd,horsley crescent,annesley,clayton,qld,1970-01-01,2203,2203_sh,812
sophie,samios,101.0,pridham street,calandra,cronulla,2580,wa,19591009.0,3827802,1464,sophie,samios,pridham street,calandra,cronulla,wa,1970-01-01,2580,2580_sa,813
westbrook,jake,24.0,booroondara street,ascot park,salisbury east,2704,nsw,19001115.0,2330929,34721,westbrook,jake,booroondara street,ascot park,salisbury east,nsw,1970-01-01,2704,2704_ja,814
ella,eyles,30.0,cinema centrd bldg,roothqlace,yeronag,3730,nsw,19550910.0,8011704,30665,ella,eyles,cinema centrd bldg,roothqlace,yeronag,nsw,1970-01-01,3730,3730_ey,815
joel,ejlak,61.0,brentwot d vlge,eppalock street,taigum,2644,nsw,19351102.0,1021508,83392,joel,ejlak,brentwot d vlge,eppalock street,taigum,nsw,1970-01-01,2644,2644_ej,816
madisn,matthews,4.0,sugarloaf circuit,bonny doon,burpengary,2090,vic,19290710.0,1552042,11369,madisn,matthews,sugarloaf circuit,bonny doon,burpengary,vic,1970-01-01,2090,2090_ma,817
dillon,meaers,40.0,murphy street,the swamp,salisbury east,7305,sa,19851018.0,8097614,65655,dillon,meaers,murphy street,the swamp,salisbury east,sa,1970-01-01,7305,7305_me,818
brooklyn,naar-cafentas,210.0,duffy street,tourist psrk,berwick,2481,nsw,,3624304,9751,brooklyn,naar cafentas,duffy street,tourist psrk,berwick,nsw,,2481,2481_na,819
kathleen,povey,63.0,ashburner street,rsde 668,revesby,2902,nsw,19710923.0,9885750,99483,kathleen,povey,ashburner street,rsde 668,revesby,nsw,1970-01-01,2902,2902_po,602
tanar,nguyen,8.0,jerrabomberraavenue,brentwood village,broome,4022,vic,19011002.0,5998380,63302,tanar,nguyen,jerrabomberraavenue,brentwood village,broome,vic,1970-01-01,4022,4022_ng,820
marley,hentze,94.0,tardent street,loma langie,seabton,2758,nsw,19510221.0,9837981,41628,marley,hentze,tardent street,loma langie,seabton,nsw,1970-01-01,2758,2758_he,821
victoria,soden,10.0,ainslie avenue,wildefell,karridale,3130,sa,19870610.0,2663036,46111,victoria,soden,ainslie avenue,wildefell,karridale,sa,1970-01-01,3130,3130_so,822
breeanne,dibben,6.0,collicott circuit,berkley lodge,loganholme,2317,nsw,19241203.0,6261894,71734,breeanne,dibben,collicott circuit,berkley lodge,loganholme,nsw,1970-01-01,2317,2317_di,823
bianca,dixon,12.0,bingley crescent,baptist retirement,woodbridge,6021,wa,19921029.0,3197244,78675,bianca,dixon,bingley crescent,baptist retirement,woodbridge,wa,1970-01-01,6021,6021_di,824
jacob,,58.0,solomon crescent,curtin house,harbord,2602,nsw,19741113.0,5508111,37094,jacob,,solomon crescent,curtin house,harbord,nsw,1970-01-01,2602,2602_,825
mason,campbell,12.0,waratah st reet,st francis vlge,bull creek,3401,nsw,19660827.0,4225051,19887,mason,campbell,waratah street reet,st francis vlge,bull creek,nsw,1970-01-01,3401,3401_ca,826
sophie,hobson,113.0,wilkins street,,padstow,3429,vic,19251103.0,4286830,97527,sophie,hobson,wilkins street,,padstow,vic,1970-01-01,3429,3429_ho,827
lard,slape,,lamingtnn street,rosehill,albany creek,6002,wa,19010927.0,2204911,36264,lard,slape,lamingtnn street,rosehill,albany creek,wa,1970-01-01,6002,6002_sl,828
renee,white,22.0,warrego circuit,burnsid e,bayswater,3040,nt,19160822.0,2502613,35032,renee,white,warrego circuit,burnsid e,bayswater,nt,1970-01-01,3040,3040_wh,829
sachin,garcia,36.0,tanderra crescent,villa 2,geraldton,2705,sa,19320919.0,2886997,24547,sachin,garcia,tanderra crescent,villa 2,geraldton,sa,1970-01-01,2705,2705_ga,830
mitchell,corbin,450.0,magenta square,rsl building,goornong,6051,qld,19120407.0,6571360,79955,mitchell,corbin,magenta square,rsl building,goornong,qld,1970-01-01,6051,6051_co,831
aimee,fitzpatrick,7.0,rubbo crescent,kookaburra village,annandale,3150,nsw,19800311.0,8534023,40299,aimee,fitzpatrick,rubbo crescent,kookaburra village,annandale,nsw,1970-01-01,3150,3150_fi,832
taylah,manson,10.0,withers place,broadwater caravn park,bunbury,2125,nsw,19220325.0,5517253,42451,taylah,manson,withers place,broadwater caravn park,bunbury,nsw,1970-01-01,2125,2125_ma,833
toby,maczkowiack,8.0,kanooka street,carinya vlge,canley vale,3219,,19000328.0,7799632,5215,toby,maczkowiack,kanooka street,carinya vlge,canley vale,,1970-01-01,3219,3219_ma,153
adele,bullock,9.0,shepherdson place,rosedale,camira,2170,vic,19071006.0,1839802,42763,adele,bullock,shepherdson place,rosedale,camira,vic,1970-01-01,2170,2170_bu,834
ryan,emiily,9.0,barlow street,,condon,4030,nsw,19830414.0,7013840,76014,ryan,emiily,barlow street,,condon,nsw,1970-01-01,4030,4030_em,835
chloe,davdi,1.0,glenbrae,mcluckie crescent,murdoch,3143,sa,19320323.0,8644609,14730,chloe,davdi,glenbrae,mcluckie crescent,murdoch,sa,1970-01-01,3143,3143_da,836
kira,tereund,24.0,baradacrescent,,dulwich cill,2529,nsw,19250222.0,3054502,46558,kira,tereund,baradacrescent,,dulwich cill,nsw,1970-01-01,2529,2529_te,594
zane,wilkins,,jervois street,cerbrus,coolaroo,6208,nsw,19471017.0,7918563,98408,zane,wilkins,jervois street,cerbrus,coolaroo,nsw,1970-01-01,6208,6208_wi,837
carmne,brakhn,40.0,madigan street,,ekibwin,3196,nsw,19700723.0,7357958,75330,carmne,brakhn,madigan street,,ekibwin,nsw,1970-01-01,3196,3196_br,838
beau,mcdermid,24.0,london circuit,terawah station,clareville,3677,nsw,19630721.0,2005942,98811,beau,mcdermid,london circuit,terawah station,clareville,nsw,1970-01-01,3677,3677_mc,839
shepherd,sea,7.0,beazleykcrescent,tintagel,broadford,4076,act,19561005.0,2726910,77851,shepherd,sea,beazleykcrescent,tintagel,broadford,act,1970-01-01,4076,4076_se,840
rees,zachary,4.0,hicks street,ferndale,camira,3016,vic,19660116.0,8690395,94248,rees,zachary,hicks street,ferndale,camira,vic,1970-01-01,3016,3016_za,841
jesse,tenant,33.0,baldwin drive,anzac house (cnr archer s street,mansfield,2500,nsw,19760607.0,9948416,99286,jesse,tenant,baldwin drive,anzac house cnr archer s street,mansfield,nsw,1970-01-01,2500,2500_te,842
lauren,frahn,5.0,solomon crescent,stoney creek,leichhardt,2570,vic,19180701.0,3134475,53385,lauren,frahn,solomon crescent,stoney creek,leichhardt,vic,1970-01-01,2570,2570_fr,843
sophie,,113.0,wilkins street,envi rona,papdstow,3429,vic,19251103.0,4286830,96673,sophie,,wilkins street,envi rona,papdstow,vic,1970-01-01,3429,3429_,844
,moody,7.0,mceachern crescent,bryntirion,cooma,2299,nsw,19731116.0,8269253,4634,,moody,mceachern crescent,bryntirion,cooma,nsw,1970-01-01,2299,2299_mo,845
david,knapman,66.0,blamey crescent,mira monte,mount pleasant,4103,wa,19631011.0,6091304,52886,david,knapman,blamey crescent,mira monte,mount pleasant,wa,1970-01-01,4103,4103_kn,846
callum,doody,11.0,emery s treet,texas station,orange,7021,sa,19760824.0,8675169,42602,callum,doody,emery s treet,texas station,orange,sa,1970-01-01,7021,7021_do,847
cooper,boyle,10.0,degraves crescent,,adaminaby,2232,nsw,19901020.0,5310288,20196,cooper,boyle,degraves crescent,,adaminaby,nsw,1970-01-01,2232,2232_bo,848
annabelle,weetra,4.0,firbank close,,riverhills,2025,sa,19490420.0,4285598,40777,annabelle,weetra,firbank close,,riverhills,sa,1970-01-01,2025,2025_we,636
lukar,rees,364.0,solly place,wyoming park,strathbogie,2327,vic,19000103.0,3099843,67353,lukar,rees,solly place,wyoming park,strathbogie,vic,1970-01-01,2327,2327_re,849
camerln,bishop,4.0,chillagoe street,edit heall,numeralla,6153,sa,19290325.0,8928429,67919,camerln,bishop,chillagoe street,edit heall,numeralla,sa,1970-01-01,6153,6153_bi,850
sophie,reid,37.0,hawkins close,greenhils,toowong,2268,wa,19210624.0,9022097,59631,sophie,reid,hawkins close,greenhils,toowong,wa,1970-01-01,2268,2268_re,172
teneille,lamprey,36.0,forrest place,terra nsotra,bayswater north,4160,vic,19281101.0,9687938,75103,teneille,lamprey,forrest place,terra nsotra,bayswater north,vic,1970-01-01,4160,4160_la,851
,kidsoey,18.0,disney court,ramano esttae locn 1,labrador,2281,vic,19450301.0,2092869,51870,,kidsoey,disney court,ramano esttae locn 1,labrador,vic,1970-01-01,2281,2281_ki,852
erni,humphreys,11.0,endeavour street,lake macqupride vlge,umina beach,4873,nsw,19670519.0,5094045,92653,erni,humphreys,endeavour street,lake macqupride vlge,umina beach,nsw,1970-01-01,4873,4873_hu,853
emiily,redmond,10.0,woodhouse place,wahronga,firle,2483,vic,19381023.0,3563291,37290,emiily,redmond,woodhouse place,wahronga,firle,vic,1970-01-01,2483,2483_re,854
tate,hingston,159.0,oxley street,,kurri kurri,5045,nsw,19680521.0,1954716,68678,tate,hingston,oxley street,,kurri kurri,nsw,1970-01-01,5045,5045_hi,86
nathan,daehn,204.0,sternberg crescent,home vsle,adamstown,2617,vic,19110417.0,4227775,65499,nathan,daehn,sternberg crescent,home vsle,adamstown,vic,1970-01-01,2617,2617_da,514
james,quinzi,6.0,fawkner street,streanshalh,yass,3142,tas,19860208.0,9289559,68023,james,quinzi,fawkner street,streanshalh,yass,tas,1970-01-01,3142,3142_qu,855
pettigrove,georgia,5.0,sinclair street,pinda,prairie,2478,nsw,19231019.0,9695933,44081,pettigrove,georgia,sinclair street,pinda,prairie,nsw,1970-01-01,2478,2478_ge,856
breony,dixvon,39.0,downard street,,kellyville,4224,vic,19351022.0,7462490,72751,breony,dixvon,downard street,,kellyville,vic,1970-01-01,4224,4224_di,857
aiden,ryan,292.0,gundulu place,honey patch,mosman,3076,wa,19360524.0,3804933,7242,aiden,ryan,gundulu place,honey patch,mosman,wa,1970-01-01,3076,3076_ry,858
tynan,blacklow,15.0,annear place,nioka,rheola,4034,nsw,19690520.0,8046280,79993,tynan,blacklow,annear place,nioka,rheola,nsw,1970-01-01,4034,4034_bl,859
jacob,white,24.0,hacke place,belgrade park,bayview heights,2229,vic,19590228.0,8872631,28413,jacob,white,hacke place,belgrade park,bayview heights,vic,1970-01-01,2229,2229_wh,860
samuel,walls,74.0,shoalhaven avenue,clear creek,raceview,3223,nsw,19370409.0,4859969,81979,samuel,walls,shoalhaven avenue,clear creek,raceview,nsw,1970-01-01,3223,3223_wa,243
riley,lodge,221.0,chuculba crescent,yarramine park,lower templestowe,2199,vic,19580921.0,7498288,18368,riley,lodge,chuculba crescent,yarramine park,lower templestowe,vic,1970-01-01,2199,2199_lo,794
kirra,ryan,5.0,powers place,sawtell vet hosptl & clnc,barwon heads,4551,qld,19741118.0,8504134,77383,kirra,ryan,powers place,sawtell vet hosptl clnc,barwon heads,qld,1970-01-01,4551,4551_ry,861
karli,mlilar,1.0,bonney street,st francix vlge,preston,4814,vic,19730813.0,3731194,25307,karli,mlilar,bonney street,st francix vlge,preston,vic,1970-01-01,4814,4814_ml,862
kiera,green,,jervoisstreet,,coolar oo,6208,nsw,19471017.0,7918563,41877,kiera,green,jervoisstreet,,coolar oo,nsw,1970-01-01,6208,6208_gr,863
nicholas,shepherd,36.0,jerrabomberra avenue,sec 1,altona north,3123,nsw,19441101.0,3789481,46726,nicholas,shepherd,jerrabomberra avenue,sec 1,altona north,nsw,1970-01-01,3123,3123_sh,864
kyle,richmond,38.0,hammond close,oakdale,lindum,6110,sa,19420519.0,7435722,10522,kyle,richmond,hammond close,oakdale,lindum,sa,1970-01-01,6110,6110_ri,865
benjamin,mugo,302.0,arlington,peat place,frankston,4518,nsw,19101008.0,5994946,65871,benjamin,mugo,arlington,peat place,frankston,nsw,1970-01-01,4518,4518_mu,866
joshua,nguyen,11.0,howie court,border park,seven hills,6163,sa,19730730.0,8078358,981,joshua,nguyen,howie court,border park,seven hills,sa,1970-01-01,6163,6163_ng,867
danny,petersen,12.0,rawdon hill,cade place,minto,3029,wa,19441022.0,6090944,92211,danny,petersen,rawdon hill,cade place,minto,wa,1970-01-01,3029,3029_pe,868
nathsn,morrison,59.0,peppin place,,eaglehawk,6172,qld,19471203.0,5567390,44409,nathsn,morrison,peppin place,,eaglehawk,qld,1970-01-01,6172,6172_mo,869
jayden,glass,250.0,warrego circuit,sec 202,frankston,6210,qld,19640219.0,6764035,93461,jayden,glass,warrego circuit,sec 202,frankston,qld,1970-01-01,6210,6210_gl,870
macy,klemm,20.0,bonython street,,aitkenvale,2485,vic,19970312.0,7990048,41515,macy,klemm,bonython street,,aitkenvale,vic,1970-01-01,2485,2485_kl,871
caresse,lyden,13.0,nemarang crescent,,,3199,sa,19250803.0,3017029,59582,caresse,lyden,nemarang crescent,,,sa,1970-01-01,3199,3199_ly,872
charlotte,glass,3.0,sculptor street,green fafrm mates,hahndorf,2581,qld,19510713.0,3792276,21049,charlotte,glass,sculptor street,green fafrm mates,hahndorf,qld,1970-01-01,2581,2581_gl,873
brooke,nguyen,,truganini place,tallingap ark,chelsea heights,6062,vic,19240812.0,8781682,57208,brooke,nguyen,truganini place,tallingap ark,chelsea heights,vic,1970-01-01,6062,6062_ng,874
max,campbell,18.0,axon ftreet,wandana,vermont,4128,vic,19640314.0,5229727,97799,max,campbell,axon ftreet,wandana,vermont,vic,1970-01-01,4128,4128_ca,875
courtney,brain,72.0,bailey place,bandera,goovigen,7330,vic,19480711.0,7816261,66866,courtney,brain,bailey place,bandera,goovigen,vic,1970-01-01,7330,7330_br,876
lily,petersen,13.0,bissenberger crescent,,melville,2250,,19020326.0,3851424,82627,lily,petersen,bissenberger crescent,,melville,,1970-01-01,2250,2250_pe,877
,matthew,1.0,gellibrand street,grandview,carnegie,4011,nsw,19710126.0,5651019,70434,,matthew,gellibrand street,grandview,carnegie,nsw,1970-01-01,4011,4011_ma,878
anita,catherwood,5.0,nish fplace,talonmane,emerald,3073,nsw,19420708.0,7373271,11018,anita,catherwood,nish fplace,talonmane,emerald,nsw,1970-01-01,3073,3073_ca,879
sian,beelitz,3.0,ashkanasy crescent,miowdra,sylvania,5042,nsw,19510904.0,3279804,41845,sian,beelitz,ashkanasy crescent,miowdra,sylvania,nsw,1970-01-01,5042,5042_be,141
fraser,tadege,,mcinnes treet,,scarborough,2870,nsw,19001013.0,3817644,27915,fraser,tadege,mcinnes treet,,scarborough,nsw,1970-01-01,2870,2870_ta,128
millr,egan,162.0,fergusson crescent,john flynn meidcal centre,como,5280,nsw,19700305.0,5022596,11334,millr,egan,fergusson crescent,john flynn meidcal centre,como,nsw,1970-01-01,5280,5280_eg,880
oliver,blake,8.0,outtrim avenue,hd allenby,st luia,2298,qld,19891203.0,4307988,82447,oliver,blake,outtrim avenue,hd allenby,st luia,qld,1970-01-01,2298,2298_bl,881
emma,lablack,15.0,henrys treet,,drysdale,2570,nt,19500212.0,1009364,43837,emma,lablack,henrys treet,,drysdale,nt,1970-01-01,2570,2570_la,882
tynan,abera,16.0,hainesstreet,,ballarat,2303,nws,19370412.0,6873174,98365,tynan,abera,hainesstreet,,ballarat,nws,1970-01-01,2303,2303_ab,883
demie,madigan,,fawkner ktreet,evergreen,buny ip,6076,sa,19940729.0,5071854,70251,demie,madigan,fawkner ktreet,evergreen,buny ip,sa,1970-01-01,6076,6076_ma,548
chloe,mcphie,5.0,robertson street,langleigh,swanwick,4226,qld,19340310.0,5476545,70586,chloe,mcphie,robertson street,langleigh,swanwick,qld,1970-01-01,4226,4226_mc,884
jessiva,rivera,14.0,quick street,jasmine lodge,kingstoxrpe,5056,vic,19620906.0,1054434,9015,jessiva,rivera,quick street,jasmine lodge,kingstoxrpe,vic,1970-01-01,5056,5056_ri,885
hinks,brandon,,goossensg place,allanvale,rostrevor,4109,vic,19101121.0,7142384,38865,hinks,brandon,goossensg place,allanvale,rostrevor,vic,1970-01-01,4109,4109_br,886
josha,campbell,12.0,ballumbirstreet,hornby lighthouse,harbord,3198,vic,19670227.0,6114246,86646,josha,campbell,ballumbirstreet,hornby lighthouse,harbord,vic,1970-01-01,3198,3198_ca,887
charlotte,mccracken,5.0,,flr 5 john flynn medical centre,woronary,4814,nsw,19570529.0,6092940,26882,charlotte,mccracken,,flr 5 john flynn medical centre,woronary,nsw,1970-01-01,4814,4814_mc,888
jared,jolly,84.0,macarthur avenue,nareen gardens hostel,floreat,2290,nsw,19281125.0,7406558,3108,jared,jolly,macarthur avenue,nareen gardens hostel,floreat,nsw,1970-01-01,2290,2290_jo,889
olivia,artis,12.0,marcus clarke street,lake road,mill park,3173,nsw,19190302.0,2211444,36572,olivia,artis,marcus clarke street,lake road,mill park,nsw,1970-01-01,3173,3173_ar,618
thomas,shaft,10.0,wattle street,tureevale,orford,3579,qld,19390822.0,1282782,76331,thomas,shaft,wattle street,tureevale,orford,qld,1970-01-01,3579,3579_sh,890
kyle,bullock,7.0,carnegie crescent,berri cottage hmes,westmeadows,3400,qld,19861006.0,2675703,89421,kyle,bullock,carnegie crescent,berri cottage hmes,westmeadows,qld,1970-01-01,3400,3400_bu,891
domenique,paterson,15.0,lubumaplace,merewether public school,greensborough,3138,qld,19161017.0,4975843,72135,domenique,paterson,lubumaplace,merewether public school,greensborough,qld,1970-01-01,3138,3138_pa,892
belinda,blackwelxl,89.0,willcock place,sec 5 97,nedlands,2145,sa,19610102.0,4046672,69402,belinda,blackwelxl,willcock place,sec 5 97,nedlands,sa,1970-01-01,2145,2145_bl,893
amy,artis,24.0,jansz crescent,watchorns hill,brighton,4567,nsw,19391007.0,7212915,53555,amy,artis,jansz crescent,watchorns hill,brighton,nsw,1970-01-01,4567,4567_ar,894
john,banelcs,5.0,sexton ftreet,glenhurst,auburn,3140,vic,19981006.0,8328210,59064,john,banelcs,sexton ftreet,glenhurst,auburn,vic,1970-01-01,3140,3140_ba,299
samantha,rachwal,5.0,stubbs crescent,rosetta village,myrtleford,5070,vic,19220601.0,5437912,83665,samantha,rachwal,stubbs crescent,rosetta village,myrtleford,vic,1970-01-01,5070,5070_ra,895
sophe,reid,11.0,hoad place,lockwood,beachuere,4106,nsw,19030704.0,2982434,63024,sophe,reid,hoad place,lockwood,beachuere,nsw,1970-01-01,4106,4106_re,896
aimee,fitzpatrick,,rubbo crescent,kookaburra village,annakdale,3105,nsw,19800311.0,8534023,63529,aimee,fitzpatrick,rubbo crescent,kookaburra village,annakdale,nsw,1970-01-01,3105,3105_fi,897
joel,ryan,45.0,wisdom street,warbinya,pymble,4605,wa,19220524.0,5522329,75019,joel,ryan,wisdom street,warbinya,pymble,wa,1970-01-01,4605,4605_ry,898
sophie,quan,4.0,milari street,cascina,ripley,2060,vic,19600125.0,8214496,921,sophie,quan,milari street,cascina,ripley,vic,1970-01-01,2060,2060_qu,899
tyler,froud,8.0,burramurra avenue,kmart p plaza,san remo,3670,sa,19800916.0,7812219,77438,tyler,froud,burramurra avenue,kmart p plaza,san remo,sa,1970-01-01,3670,3670_fr,900
juliana,petersen,25.0,currong syreet,admiralty quays,glenside,4068,nsw,19610510.0,1726629,92200,juliana,petersen,currong syreet,admiralty quays,glenside,nsw,1970-01-01,4068,4068_pe,901
holly,shepherd,3.0,stillwell place,elston,albion park rail,6210,vic,19800323.0,4620818,41728,holly,shepherd,stillwell place,elston,albion park rail,vic,1970-01-01,6210,6210_sh,537
ellie,hoffman,31.0,captain cook crescent,dorothy lodge,carrara,2281,nsw,19151114.0,4882507,99528,ellie,hoffman,captain cook crescent,dorothy lodge,carrara,nsw,1970-01-01,2281,2281_ho,902
meaguan,watkins-yall,97.0,clancy street,,broken hill,4169,sa,19860817.0,5297907,81522,meaguan,watkins yall,clancy street,,broken hill,sa,1970-01-01,4169,4169_wa,903
ashley,carbone,13.0,louis lodercstreet,john flynn medical centre,blacktown,2430,vic,19260703.0,4119196,55022,ashley,carbone,louis lodercstreet,john flynn medical centre,blacktown,vic,1970-01-01,2430,2430_ca,904
tyron,herbert,29.0,mackenzie street,scottish masonic village,shoalhaven heads,5069,vic,19131211.0,8358339,53827,tyron,herbert,mackenzie street,scottish masonic village,shoalhaven heads,vic,1970-01-01,5069,5069_he,905
matthew,webb,3.0,forbes street,kinnoul,rowville,5044,wa,19091203.0,3652823,71227,matthew,webb,forbes street,kinnoul,rowville,wa,1970-01-01,5044,5044_we,906
melinda,sehrin,103.0,conley kdrive,,macmasters beach,3226,vic,19511104.0,9615557,60069,melinda,sehrin,conley kdrive,,macmasters beach,vic,1970-01-01,3226,3226_se,907
mia,stephenson,37.0,nivison place,treeto ps,knoxfield,3137,sa,19631225.0,2780926,20146,mia,stephenson,nivison place,treeto ps,knoxfield,sa,1970-01-01,3137,3137_st,908
jack,green,27.0,octy place,springbanks,ringwood north,3087,wa,19870222.0,5097391,59125,jack,green,octy place,springbanks,ringwood north,wa,1970-01-01,3087,3087_gr,909
kasey,every,22.0,kinkead street,pineview farm,kurri kurri,2069,nsw,19400814.0,9893706,49987,kasey,every,kinkead street,pineview farm,kurri kurri,nsw,1970-01-01,2069,2069_ev,910
benwedict,coleman,23.0,huntawyle,summervill e crescent,avondale heights,4560,wa,19380327.0,1480351,76268,benwedict,coleman,huntawyle,summervill e crescent,avondale heights,wa,1970-01-01,4560,4560_co,911
finley,vincent,59.0,galway place,pieracle,,2420,vic,19900423.0,9566651,98288,finley,vincent,galway place,pieracle,,vic,1970-01-01,2420,2420_vi,522
mia,tamasauskas,11.0,rollston street,riverview terraces,northnridge,6147,nsw,19372109.0,5670356,25908,mia,tamasauskas,rollston street,riverview terraces,northnridge,nsw,1970-01-01,6147,6147_ta,912
shantal,mckinnpll,1.0,mceachern crescent,blueberry,ruse,2324,qld,19620715.0,5127261,69434,shantal,mckinnpll,mceachern crescent,blueberry,ruse,qld,1970-01-01,2324,2324_mc,913
bradley,bishop,13.0,newman morris circuit,shikoah,wickepin,2711,wa,19420604.0,2961043,20463,bradley,bishop,newman morris circuit,shikoah,wickepin,wa,1970-01-01,2711,2711_bi,914
tansy,nekar,69.0,boddington crescent,eulong,campie,2650,nsw,19190804.0,5994069,90931,tansy,nekar,boddington crescent,eulong,campie,nsw,1970-01-01,2650,2650_ne,915
mocrom,zachariah,8.0,dixon d rive,bletchly park,toowoomba,2068,wa,19020803.0,1961455,45052,mocrom,zachariah,dixon d rive,bletchly park,toowoomba,wa,1970-01-01,2068,2068_za,916
wilson,pinto,11.0,boustead circuit,jewellsmed ical centre,granville,3161,qld,19971229.0,8930019,55595,wilson,pinto,boustead circuit,jewellsmed ical centre,granville,qld,1970-01-01,3161,3161_pi,16
max,campbell,18.0,axon street,wandana,vermont,4128,vic,19640314.0,5229727,15522,max,campbell,axon street,wandana,vermont,vic,1970-01-01,4128,4128_ca,875
lydia,mccaryhy,6.0,mckilloplcircuit,telemon orchards,mountpleasant,4670,nsw,19751220.0,1835068,28932,lydia,mccaryhy,mckilloplcircuit,telemon orchards,mountpleasant,nsw,1970-01-01,4670,4670_mc,917
harriet,haeg,40.0,togo p lace,carav park,vale park,2300,nsw,19950203.0,1149839,18597,harriet,haeg,togo p lace,carav park,vale park,nsw,1970-01-01,2300,2300_ha,918
braicen,ewald,7.0,kambah exchange street,petriwil,yangebup,4074,vic,19631104.0,9333629,51646,braicen,ewald,kambah exchange street,petriwil,yangebup,vic,1970-01-01,4074,4074_ew,919
timothy,masdn,18.0,barrierwstreet,sec 443 bellamour,parkholme,2029,wa,19061024.0,5623275,51873,timothy,masdn,barrierwstreet,sec 443 bellamour,parkholme,wa,1970-01-01,2029,2029_ma,920
heathoer,white,97.0,doonkuna street,millenium towers,vermont,3822,vic,19741923.0,6026159,70316,heathoer,white,doonkuna street,millenium towers,vermont,vic,1970-01-01,3822,3822_wh,921
priest,lily,29.0,nemarang crescent,yellow dam,westmead,2205,tas,19401205.0,2293160,17060,priest,lily,nemarang crescent,yellow dam,westmead,tas,1970-01-01,2205,2205_li,922
luke,lowe,15.0,mofflin street,barwite,,2287,nsw,19400601.0,4960719,43689,luke,lowe,mofflin street,barwite,,nsw,1970-01-01,2287,2287_lo,923
christopher,vilums,14.0,renestreet,,crowsm nest,4754,sa,19851127.0,5181141,69811,christopher,vilums,renestreet,,crowsm nest,sa,1970-01-01,4754,4754_vi,808
ayden,white,7.0,wittenoom crescent,ocean park towers,garrsn,2506,vic,19390830.0,7585098,81249,ayden,white,wittenoom crescent,ocean park towers,garrsn,vic,1970-01-01,2506,2506_wh,924
luke,goldsworthy,50.0,wheeler crescent,glenburn,ingleburn,6042,nsw,19760711.0,7624230,82464,luke,goldsworthy,wheeler crescent,glenburn,ingleburn,nsw,1970-01-01,6042,6042_go,925
oliver,bendyk,42.0,tallar parkway,yarragin,queenscliff,2184,vic,19100310.0,5851063,67469,oliver,bendyk,tallar parkway,yarragin,queenscliff,vic,1970-01-01,2184,2184_be,926
rosie,runlde,50.0,sturtalvenue,talonmane,bundaberg,2263,nt,19751109.0,9092692,62429,rosie,runlde,sturtalvenue,talonmane,bundaberg,nt,1970-01-01,2263,2263_ru,92
emiioy,berry,3.0,tenison-woods circuit,,ashfield,6169,nsw,19780527.0,6459366,61937,emiioy,berry,tenison woods circuit,,ashfield,nsw,1970-01-01,6169,6169_be,60
emma,pollidorou,90.0,messenger street,hinton brook,bacchus marsh,2868,nsw,19710829.0,4644221,68604,emma,pollidorou,messenger street,hinton brook,bacchus marsh,nsw,1970-01-01,2868,2868_po,927
xani,green,2.0,phillip avenue,abbey green,armidale,5108,nsw,19390410.0,9201057,31807,xani,green,phillip avenue,abbey green,armidale,nsw,1970-01-01,5108,5108_gr,928
kyle,bizjak,60.0,ferrier p lace,yarrimbah,boyanup,3074,nsw,19701103.0,5773280,11825,kyle,bizjak,ferrier p lace,yarrimbah,boyanup,nsw,1970-01-01,3074,3074_bi,740
oliver,siviour,22.0,mcgowan street,omeo,brinkin,2642,qld,19730331.0,4617976,88096,oliver,siviour,mcgowan street,omeo,brinkin,qld,1970-01-01,2642,2642_si,929
sana,ryan,17.0,magenta square,never-never lodge,jamboree heights,2065,vic,19210605.0,3868578,55922,sana,ryan,magenta square,never never lodge,jamboree heights,vic,1970-01-01,2065,2065_ry,930
emmet,geor ge,,curtin shoping centre,palmlake resort,newington,4860,sa,19860806.0,4029448,43495,emmet,geor ge,curtin shoping centre,palmlake resort,newington,sa,1970-01-01,4860,4860_ge,588
emiily,redmond,10.0,woodhouse place,wahonga,firle,3717,vic,19381023.0,3563291,78359,emiily,redmond,woodhouse place,wahonga,firle,vic,1970-01-01,3717,3717_re,931
samuel,colemqan,60.0,backhouse street,barwala,quorn,3147,nsw,19541004.0,8477487,49854,samuel,colemqan,backhouse street,barwala,quorn,nsw,1970-01-01,3147,3147_co,670
tahni,reid,50.0,noarlunga crescent,bowan downs,batlow,2906,qld,19100130.0,6483683,92077,tahni,reid,noarlunga crescent,bowan downs,batlow,qld,1970-01-01,2906,2906_re,932
richmond,sarsha,135.0,pepper tree,kalgoorlie crescent,lilydale,3031,nsw,19590607.0,5444497,90364,richmond,sarsha,pepper tree,kalgoorlie crescent,lilydale,nsw,1970-01-01,3031,3031_sa,933
charlotte,robson,3.0,dickinson street,,nareklan,4551,wa,19850330.0,3193520,1700,charlotte,robson,dickinson street,,nareklan,wa,1970-01-01,4551,4551_ro,934
lochlan,malor,10.0,albermarle place,ponderosa,woori yallock,5355,qld,19780720.0,7679335,95458,lochlan,malor,albermarle place,ponderosa,woori yallock,qld,1970-01-01,5355,5355_ma,935
noah,mason,5.0,,stjames,burwood,2142,sa,19100103.0,8983319,64041,noah,mason,,stjames,burwood,sa,1970-01-01,2142,2142_ma,936
trey,ballanfyne,425.0,wynter p lace,belmore river,laberouche,4124,vic,19960209.0,3163579,22617,trey,ballanfyne,wynter p lace,belmore river,laberouche,vic,1970-01-01,4124,4124_ba,937
webbo,jasper,16.0,balala place,tourist caravn park,osborne park,5032,vic,19401203.0,9777818,19985,webbo,jasper,balala place,tourist caravn park,osborne park,vic,1970-01-01,5032,5032_ja,938
nicole,carbone,46.0,schlich street,simpson arm ybarracks,toowong,3000,wa,19030926.0,8190756,16158,nicole,carbone,schlich street,simpson arm ybarracks,toowong,wa,1970-01-01,3000,3000_ca,939
jacob,ryan,172.0,davidson wtreet,,brisbane,6167,nsw,19960531.0,9826543,18272,jacob,ryan,davidson wtreet,,brisbane,nsw,1970-01-01,6167,6167_ry,443
madeline,purtell,110.0,denns street,,frankuin,4570,qld,19811121.0,3603598,84330,madeline,purtell,denns street,,frankuin,qld,1970-01-01,4570,4570_pu,940
isabelle,soave,64.0,bonnor close,bayford cottage,wallan,2144,vic,19080327.0,6209100,44082,isabelle,soave,bonnor close,bayford cottage,wallan,vic,1970-01-01,2144,2144_so,941
abby,toseland,55.0,haines street,hilldale,mosman,8277,sa,19100830.0,4439847,8457,abby,toseland,haines street,hilldale,mosman,sa,1970-01-01,8277,8277_to,942
kailet,kooymans,35.0,la perouse street,masonic memorial village,redhill,2131,sa,19310813.0,4609850,79569,kailet,kooymans,la perouse street,masonic memorial village,redhill,sa,1970-01-01,2131,2131_ko,943
robin,morrisn,14.0,markham street,balmaincove,broadmeadops,6169,vic,19250124.0,1191533,64428,robin,morrisn,markham street,balmaincove,broadmeadops,vic,1970-01-01,6169,6169_mo,944
isabella,theodore,269.0,,nikoa,rena,2446,vic,19711102.0,2898842,43848,isabella,theodore,,nikoa,rena,vic,1970-01-01,2446,2446_th,945
charlee,hugelamnn,8.0,martley circuit,eddington,mosman,4802,sa,19490921.0,6939061,91708,charlee,hugelamnn,martley circuit,eddington,mosman,sa,1970-01-01,4802,4802_hu,946
grace,mason,44.0,henty street,,port macquarie,2370,tas,19200330.0,6370721,24255,grace,mason,henty street,,port macquarie,tas,1970-01-01,2370,2370_ma,586
,clarke,97.0,merfieldplace,the meadows,bull creek,2830,act,,2257500,59180,,clarke,merfieldplace,the meadows,bull creek,act,,2830,2830_cl,947
katelyn,colegate,55.0,fiveash street,retirement village,londonderry,2195,nsw,19280828.0,4406201,76083,katelyn,colegate,fiveash street,retirement village,londonderry,nsw,1970-01-01,2195,2195_co,948
jameg,mccarthy,121.0,tillyarddrive,amherst village,,5268,qld,19350714.0,6283744,46853,jameg,mccarthy,tillyarddrive,amherst village,,qld,1970-01-01,5268,5268_mc,949
matthew,webb,61.0,napier close,,noble park,2079,nsw,19850108.0,9087171,65233,matthew,webb,napier close,,noble park,nsw,1970-01-01,2079,2079_we,950
tommy,spinato,29.0,howiec urt,pinnacles caravn park,mooloolaba,3356,nsw,19821129.0,4527826,84857,tommy,spinato,howiec urt,pinnacles caravn park,mooloolaba,nsw,1970-01-01,3356,3356_sp,951
rosie,stanley,352.0,lowrie street,rowethorpe,albury,3194,nsw,19030424.0,5324210,65032,rosie,stanley,lowrie street,rowethorpe,albury,nsw,1970-01-01,3194,3194_st,952
finlhy,white,15.0,goodwinstreet,meemar,salisbury heights,4228,qld,19700309.0,1233617,30686,finlhy,white,goodwinstreet,meemar,salisbury heights,qld,1970-01-01,4228,4228_wh,953
taars,pegg,32.0,edmondson street,crowden,kiara,2528,qld,19090425.0,5385357,31766,taars,pegg,edmondson street,crowden,kiara,qld,1970-01-01,2528,2528_pe,954
caitlin,couzens,2.0,kurundi place,abbey fields,sandhill,3043,nsw,19321204.0,5062974,10461,caitlin,couzens,kurundi place,abbey fields,sandhill,nsw,1970-01-01,3043,3043_co,955
sach,jasmwine,1.0,goble street,renown,gawler west,2301,nsw,19791109.0,2530372,71189,sach,jasmwine,goble street,renown,gawler west,nsw,1970-01-01,2301,2301_ja,956
stephanie,dinh,607.0,mackay crescent,bowan downs,kilsyth,2196,nsw,19700811.0,5229088,46984,stephanie,dinh,mackay crescent,bowan downs,kilsyth,nsw,1970-01-01,2196,2196_di,957
caitlin,cronshaw,88.0,sturdee crescent,,bundaberg,5290,vic,19741125.0,2415300,16448,caitlin,cronshaw,sturdee crescent,,bundaberg,vic,1970-01-01,5290,5290_cr,958
joshua,kirimovs,19.0,slessor cbrescent,anglican guest village,christie downs,5041,vic,19320714.0,6007331,12800,joshua,kirimovs,slessor cbrescent,anglican guest village,christie downs,vic,1970-01-01,5041,5041_ki,959
olivia,shepherd,39.0,burnage place,rowethorpe,winston hills,3183,nsw,19320907.0,5731308,96114,olivia,shepherd,burnage place,rowethorpe,winston hills,nsw,1970-01-01,3183,3183_sh,960
ciaarn,nguyen,12.0,woollum dthreet,molinev illage,berwick,6157,qld,19860814.0,9056035,90475,ciaarn,nguyen,woollum dthreet,molinev illage,berwick,qld,1970-01-01,6157,6157_ng,367
chelsea,rees,69.0,shumack street,flt 40,tongala,4300,wa,19550204.0,3457135,97811,chelsea,rees,shumack street,flt 40,tongala,wa,1970-01-01,4300,4300_re,961
rourke,hoffman,49.0,ainslie avenue,rockleigh cottage,barooga,3018,vic,19391226.0,7810166,12765,rourke,hoffman,ainslie avenue,rockleigh cottage,barooga,vic,1970-01-01,3018,3018_ho,962
jasmine,sah,1.0,goble street,renown,gawler west,2031,nsw,19791109.0,2530372,74915,jasmine,sah,goble street,renown,gawler west,nsw,1970-01-01,2031,2031_sa,225
william,panagaris,39.0,dryandra street,,teesdale,5554,vic,19240824.0,3853153,4623,william,panagaris,dryandra street,,teesdale,vic,1970-01-01,5554,5554_pa,963
darcie,priest,66.0,sid barnes crescent,kinglakec entral,dianeola,3011,vic,19570911.0,5032187,78581,darcie,priest,sid barnes crescent,kinglakec entral,dianeola,vic,1970-01-01,3011,3011_pr,964
meaagn,mcphie,3.0,groom stieet,wonba,box hill south,4350,qld,19391002.0,7916971,95889,meaagn,mcphie,groom stieet,wonba,box hill south,qld,1970-01-01,4350,4350_mc,965
samantha,green,46.0,malindi place,harbison vlge,dromana,3131,wa,19200328.0,9704392,91547,samantha,green,malindi place,harbison vlge,dromana,wa,1970-01-01,3131,3131_gr,966
ethan,campbell,,reuther street,,moorook,4709,nsw,19331009.0,3430363,26577,ethan,campbell,reuther street,,moorook,nsw,1970-01-01,4709,4709_ca,967
adam,eveston,11.0,kirkladn circuit,warrawong,,2192,act,19940623.0,7493662,60100,adam,eveston,kirkladn circuit,warrawong,,act,1970-01-01,2192,2192_ev,968
tara,ngyen,8.0,dalley crescent,the palms village,kingaroy,2607,nsw,19591019.0,9550440,29589,tara,ngyen,dalley crescent,the palms village,kingaroy,nsw,1970-01-01,2607,2607_ng,969
melaniye,bouras,74.0,gorge cree k orchards,inwood place,hoppers crssing,2203,nsw,19971016.0,9221934,69182,melaniye,bouras,gorge cree k orchards,inwood place,hoppers crssing,nsw,1970-01-01,2203,2203_bo,970
lara,plovanic,14.0,marcus clarke street,pleasant acres,seven hills,4567,nsw,19020827.0,1438726,6564,lara,plovanic,marcus clarke street,pleasant acres,seven hills,nsw,1970-01-01,4567,4567_pl,971
mitchell,palachicky,10.0,adinda street,wiltona,st clair,3021,qld,19200502.0,1803053,65442,mitchell,palachicky,adinda street,wiltona,st clair,qld,1970-01-01,3021,3021_pa,972
imogen,braithwaite,15.0,rosman circuit,,nhill,7173,qld,19080131.0,9913172,3698,imogen,braithwaite,rosman circuit,,nhill,qld,1970-01-01,7173,7173_br,973
joel,ejlak,61.0,eppalock street,,taigum,2644,nsw,19351102.0,1021508,95880,joel,ejlak,eppalock street,,taigum,nsw,1970-01-01,2644,2644_ej,726
silas,noble,235.0,ainsworth street,yongala,clayton,2281,wa,19211208.0,6885608,32326,silas,noble,ainsworth street,yongala,clayton,wa,1970-01-01,2281,2281_no,974
joshua,clarke,25.0,kingsford smith drive,,taig um,6108,vic,19961109.0,1596405,56344,joshua,clarke,kingsford smith drive,,taig um,vic,1970-01-01,6108,6108_cl,272
carlin,dabinet,8.0,holden place,swinger hill,southern river,2730,sa,19550806.0,9757461,99992,carlin,dabinet,holden place,swinger hill,southern river,sa,1970-01-01,2730,2730_da,758
maddison,green,36.0,knoke avenue,kimberley,mount eliza,4067,wa,19860821.0,8493896,11191,maddison,green,knoke avenue,kimberley,mount eliza,wa,1970-01-01,4067,4067_gr,975
troy,laing,55.0,tidbinbilla road,tourist park,huonville,2088,vic,19061028.0,5565222,18027,troy,laing,tidbinbilla road,tourist park,huonville,vic,1970-01-01,2088,2088_la,976
madeleine,bibb,22.0,henty street,walea,nambour,5400,tas,19970902.0,9875423,85473,madeleine,bibb,henty street,walea,nambour,tas,1970-01-01,5400,5400_bi,977
holly,shepherd,44.0,castlereagh crescent,dalkeith cottage,eaton,6060,vic,19980816.0,1917978,50352,holly,shepherd,castlereagh crescent,dalkeith cottage,eaton,vic,1970-01-01,6060,6060_sh,208
blake,aldous,4.0,yambina crescent,north dara,west perth,3805,nsw,19811017.0,2067414,36486,blake,aldous,yambina crescent,north dara,west perth,nsw,1970-01-01,3805,3805_al,978
victoria,pulford,7.0,summerville crescent,,black rock,2315,vic,19240707.0,6151307,75879,victoria,pulford,summerville crescent,,black rock,vic,1970-01-01,2315,2315_pu,979
,rundle,2.0,eaglemont retreat,laalgaryhs,prospect,6168,qld,19070103.0,7881088,38468,,rundle,eaglemont retreat,laalgaryhs,prospect,qld,1970-01-01,6168,6168_ru,236
william,pascoe,4.0,messenger street,browne's reef,coffs harbour,4670,nsw,19440720.0,6935665,91878,william,pascoe,messenger street,browne's reef,coffs harbour,nsw,1970-01-01,4670,4670_pa,980
aidan,horsley,25.0,rosenthal street,wattlesbrae,irvingdale,3082,vic,19161004.0,9900834,24298,aidan,horsley,rosenthal street,wattlesbrae,irvingdale,vic,1970-01-01,3082,3082_ho,680
holly,nguyen,1.0,pope street,kilnacrott,westfield,5253,nsw,19211120.0,8240957,97717,holly,nguyen,pope street,kilnacrott,westfield,nsw,1970-01-01,5253,5253_ng,981
quinn,godfrey,21.0,duffy ytreet,arders ier,highton,3165,vci,19450122.0,3298961,70994,quinn,godfrey,duffy ytreet,arders ier,highton,vci,1970-01-01,3165,3165_go,68
joel,ryan,62.0,lance hill avenue,cameiroo,forets hill,370,nsw,19720615.0,9499826,15491,joel,ryan,lance hill avenue,cameiroo,forets hill,nsw,1970-01-01,0370,0370_ry,982
xavier,david,10.0,mcluckie qcrescent,glenbrae,murdoch,3143,sa,19320323.0,8644609,77116,xavier,david,mcluckie qcrescent,glenbrae,murdoch,sa,1970-01-01,3143,3143_da,467
emiily,,173.0,star close,silverweir,yarram,4505,vic,19950402.0,5928066,7911,emiily,,star close,silverweir,yarram,vic,1970-01-01,4505,4505_,983
emma,golder,381.0,fullerton crescent,careybpark,campsie,2107,qld,19260419.0,1677968,56243,emma,golder,fullerton crescent,careybpark,campsie,qld,1970-01-01,2107,2107_go,241
brydee,westermann,13.0,burkitt street,mlc cent re,banks,3350,vic,19910126.0,1387695,48980,brydee,westermann,burkitt street,mlc cent re,banks,vic,1970-01-01,3350,3350_we,984
tohmas,white,706.0,monaro crescent,birrablila,point lonsdale,2098,vic,19310818.0,5855559,72268,tohmas,white,monaro crescent,birrablila,point lonsdale,vic,1970-01-01,2098,2098_wh,985
emiily,morrison,15.0,jinka street,tillabudgery,st andrews,4812,vic,19431121.0,8314914,60564,emiily,morrison,jinka street,tillabudgery,st andrews,vic,1970-01-01,4812,4812_mo,986
,white,20.0,parker street,m o,calliope,4514,sa,19430329.0,3459225,81405,,white,parker street,m o,calliope,sa,1970-01-01,4514,4514_wh,987
cooper,dandie,54.0,coates place,the manor garden,pakenham,6210,vic,19490201.0,7002450,59551,cooper,dandie,coates place,the manor garden,pakenham,vic,1970-01-01,6210,6210_da,988
cathwrine,graue,88.0,maranboy street,walhalla,brookfield,2207,nsw,19070917.0,3555719,45560,cathwrine,graue,maranboy street,walhalla,brookfield,nsw,1970-01-01,2207,2207_gr,989
kylee,papageorgiou,320.0,bunton place,wyoming park,northbridge,2700,vic,19360919.0,7078377,80152,kylee,papageorgiou,bunton place,wyoming park,northbridge,vic,1970-01-01,2700,2700_pa,990
timothy,bellchambers,,,medical cdntre,pymbld,2323,vic,19210723.0,6606450,25674,timothy,bellchambers,,medical cdntre,pymbld,vic,1970-01-01,2323,2323_be,751
juliana,petersen,25.0,currong sotreet,admiralty quays,glenside,5280,nsw,19610510.0,1726629,35050,juliana,petersen,currong sotreet,admiralty quays,glenside,nsw,1970-01-01,5280,5280_pe,218
madeline,gudelj,21.0,mailey retreat,brentwood vlge,north gregory,3030,qld,19881103.0,2928659,33574,madeline,gudelj,mailey retreat,brentwood vlge,north gregory,qld,1970-01-01,3030,3030_gu,991
oliver,seo,15.0,outtrim avenue,hd allenby,emerald,2298,qld,19891203.0,4307988,86938,oliver,seo,outtrim avenue,hd allenby,emerald,qld,1970-01-01,2298,2298_se,992
sachin,garcia,20.0,tanderra crescent,villa 2,geraldton,2705,sa,19320919.0,2886997,30463,sachin,garcia,tanderra crescent,villa 2,geraldton,sa,1970-01-01,2705,2705_ga,830
kranz,alex,35.0,ogden close,aitnre,kirribilli,5209,vic,19951022.0,8620763,76110,kranz,alex,ogden close,aitnre,kirribilli,vic,1970-01-01,5209,5209_al,993
,baillie,27.0,agnewstreet,cuthberts court,nichlls,3109,qld,19191108.0,2602138,82202,,baillie,agnewstreet,cuthberts court,nichlls,qld,1970-01-01,3109,3109_ba,994
xavier,matson,10.0,marchant circuit,rankin park,kellyville,2085,vic,19620202.0,6169819,43305,xavier,matson,marchant circuit,rankin park,kellyville,vic,1970-01-01,2085,2085_ma,995
blake,thiesseh,6.0,kilburn close,wandarri,sandfly,2576,nsw,19210321.0,9632907,51157,blake,thiesseh,kilburn close,wandarri,sandfly,nsw,1970-01-01,2576,2576_th,593
benjamih,white,1.0,kitchener street,greenhills,minchinbury,4109,wa,19269828.0,1069868,27392,benjamih,white,kitchener street,greenhills,minchinbury,wa,1970-01-01,4109,4109_wh,996
olivia,green,47.0,mugga way,dunoon (cnr acmpt r road,avenel lheights,6148,vic,19051029.0,6438790,91426,olivia,green,mugga way,dunoon cnr acmpt r road,avenel lheights,vic,1970-01-01,6148,6148_gr,997
danielle,rollins,325.0,kleinig street,killarney,the basin,4300,nsw,19550517.0,2790104,57128,danielle,rollins,kleinig street,killarney,the basin,nsw,1970-01-01,4300,4300_ro,998
bethanie,reid,48.0,rosedale,maxworthy street,koongal,4210,qld,19641127.0,1011753,11332,bethanie,reid,rosedale,maxworthy street,koongal,qld,1970-01-01,4210,4210_re,999
joshua,hoh,97.0,sommerald place,coralyn,eight mile plains,3178,vic,19260422.0,6588717,69127,joshua,hoh,sommerald place,coralyn,eight mile plains,vic,1970-01-01,3178,3178_ho,1000
eliza,sherriff,30.0,a'beckett street,,emerald,4280,nsw,19471027.0,9700056,16852,eliza,sherriff,a'beckett street,,emerald,nsw,1970-01-01,4280,4280_sh,422
,gillard,62.0,matina street,,newocmb,4107,wa,19760203.0,3510130,2130,,gillard,matina street,,newocmb,wa,1970-01-01,4107,4107_gi,1001
boake,aldous,4.0,yambina crescent,north dara,west perth,3805,nsw,19811017.0,2067414,2545,boake,aldous,yambina crescent,north dara,west perth,nsw,1970-01-01,3805,3805_al,978
camefon,clarke,39.0,fihelly street,,,2200,nsw,19821218.0,1553578,26775,camefon,clarke,fihelly street,,,nsw,1970-01-01,2200,2200_cl,1002
annabelle,weetra,4.0,firbank close,fronda,riverhills,2025,sa,19490420.0,4285598,20610,annabelle,weetra,firbank close,fronda,riverhills,sa,1970-01-01,2025,2025_we,636
lachlan,steinmetz,37.0,hodgson crescent,anzac house (cnr archer s street,smithfield plains,2500,tas,19560605.0,6790018,70628,lachlan,steinmetz,hodgson crescent,anzac house cnr archer s street,smithfield plains,tas,1970-01-01,2500,2500_st,1003
nathan,kunvik,15.0,bunduluk crescent,aremar,ashfild,3149,nsw,19100926.0,5880341,52100,nathan,kunvik,bunduluk crescent,aremar,ashfild,nsw,1970-01-01,3149,3149_ku,1004
ella,burnell,30.0,adkinson close,leith,auburn,4558,qld,19360319.0,9860719,15163,ella,burnell,adkinson close,leith,auburn,qld,1970-01-01,4558,4558_bu,1005
matthew,brookhouse,,goodparla street,timdooli n,highett,2170,nsw,19101115.0,6804612,28675,matthew,brookhouse,goodparla street,timdooli n,highett,nsw,1970-01-01,2170,2170_br,235
courtney,schuster,12.0,conigrave place,cuthberts court,echunga,4380,nsw,19801118.0,3652641,27416,courtney,schuster,conigrave place,cuthberts court,echunga,nsw,1970-01-01,4380,4380_sc,1006
alka,wilknis,,jervois street,cerbru,coolaroo,6298,nsw,19471017.0,7918563,15892,alka,wilknis,jervois street,cerbru,coolaroo,nsw,1970-01-01,6298,6298_wi,1007
lachlan-john,rivers,5.0,perier place,oakdale,ringwood,4313,nsw,19960904.0,8718844,3208,lachlan john,rivers,perier place,oakdale,ringwood,nsw,1970-01-01,4313,4313_ri,1008
edward,millar,48.0,oster place,lockwood,somerton park,6509,vic,19390413.0,8066475,90178,edward,millar,oster place,lockwood,somerton park,vic,1970-01-01,6509,6509_mi,1009
reid,elana,96.0,vallanc e place,allandale aged care facility,somerton park,2821,nsw,19630226.0,3425250,27952,reid,elana,vallanc e place,allandale aged care facility,somerton park,nsw,1970-01-01,2821,2821_el,1010
tara,pegg,32.0,edmondson street,crowden,kiara,2528,qld,19090425.0,5385357,41382,tara,pegg,edmondson street,crowden,kiara,qld,1970-01-01,2528,2528_pe,954
amy,chaneler,65.0,plant road,blck 1 089,findom,2086,,19510715.0,1609739,59124,amy,chaneler,plant road,blck 1 089,findom,,1970-01-01,2086,2086_ch,432
amber,mckiernan,381.0,crommelin place,sec 487 moorooroo,port macquarie,2257,qld,19920907.0,7659996,50196,amber,mckiernan,crommelin place,sec 487 moorooroo,port macquarie,qld,1970-01-01,2257,2257_mc,1011
kelsey,ferris,11.0,champion p lace,rosebrook,boronia heights,2063,nsw,19130601.0,8154296,46511,kelsey,ferris,champion p lace,rosebrook,boronia heights,nsw,1970-01-01,2063,2063_fe,1012
pascoe,samant ha,4.0,messenge r street,brown'es reef,coffs haebour,4670,nsw,19448720.0,6935665,92517,pascoe,samant ha,messenge r street,brown'es reef,coffs haebour,nsw,1970-01-01,4670,4670_sa,1013
lachlan-john,rivers,5.0,perier place,oakdlae,ringwood,4313,nsw,19960904.0,8718844,30129,lachlan john,rivers,perier place,oakdlae,ringwood,nsw,1970-01-01,4313,4313_ri,1008
noble,lillian,2.0,mcclelland avenue,vilal 2,cable ebach,4211,wa,19650716.0,9102917,93894,noble,lillian,mcclelland avenue,vilal 2,cable ebach,wa,1970-01-01,4211,4211_li,1014
indiana,goonan,4.0,sparkes close,corinella glen,carndgie,3135,nsw,19610313.0,9556041,34869,indiana,goonan,sparkes close,corinella glen,carndgie,nsw,1970-01-01,3135,3135_go,800
spyke,karlsen,4.0,northam street,,southbank,2320,wa,19641029.0,5567470,33937,spyke,karlsen,northam street,,southbank,wa,1970-01-01,2320,2320_ka,1015
imogen,braithw aite,779.0,rosman circuit,summerdale mepdical centre,nhill,7173,qld,19080131.0,9913172,63123,imogen,braithw aite,rosman circuit,summerdale mepdical centre,nhill,qld,1970-01-01,7173,7173_br,973
judah,jeffries,,newman morrix circuit,tinaro ofalls,canterbury,2162,nsw,19350906.0,6982133,72948,judah,jeffries,newman morrix circuit,tinaro ofalls,canterbury,nsw,1970-01-01,2162,2162_je,1016
adriana,agius,19.0,wakelinc ircuit,,werrington,4670,vic,19740613.0,1644235,7080,adriana,agius,wakelinc ircuit,,werrington,vic,1970-01-01,4670,4670_ag,1017
jacobie,tilleq,,studley steet,rose avle,riverwood,4869,qld,,4137877,77571,jacobie,tilleq,studley steet,rose avle,riverwood,qld,,4869,4869_ti,1018
willism,rudd,10.0,blacklock close,,springvale south,4680,nsw,19260805.0,4968439,34466,willism,rudd,blacklock close,,springvale south,nsw,1970-01-01,4680,4680_ru,216
brodee,brain,25.0,kitchener street,,ashgrove,6123,vic,19250623.0,3821503,15006,brodee,brain,kitchener street,,ashgrove,vic,1970-01-01,6123,6123_br,1019
amber,kexel,49.0,daintree crxescent,,new farm,4016,vic,,9952722,65283,amber,kexel,daintree crxescent,,new farm,vic,,4016,4016_ke,1020
jake,wesbtrook,15.0,booroondara street,ascot park,salisbury east,2074,nsw,19001115.0,2330929,73297,jake,wesbtrook,booroondara street,ascot park,salisbury east,nsw,1970-01-01,2074,2074_we,1021
braitwaite,imogen,15.0,rosman c ircuit,,tarigna,7173,qld,19080131.0,9913172,64587,braitwaite,imogen,rosman c ircuit,,tarigna,qld,1970-01-01,7173,7173_im,1022
connor,moerlakd,38.0,arthur circle,red cros s units,greenwpod,2680,wa,19351222.0,6169561,75837,connor,moerlakd,arthur circle,red cros s units,greenwpod,wa,1970-01-01,2680,2680_mo,1023
abby,drechsler,16.0,nicholson crescent,villa32,mount evelyn,2200,nsw,19080409.0,8467968,36,abby,drechsler,nicholson crescent,villa32,mount evelyn,nsw,1970-01-01,2200,2200_dr,1024
jarvis,mattgews,95.0,derrington crescent,the medaows,centennial park,2073,nsw,19750315.0,3771528,73226,jarvis,mattgews,derrington crescent,the medaows,centennial park,nsw,1970-01-01,2073,2073_ma,1025
waller,hugh,50.0,jalanga c rescent,grangmeore,rye,4740,qld,19020220.0,7632247,78817,waller,hugh,jalanga c rescent,grangmeore,rye,qld,1970-01-01,4740,4740_hu,1026
kai,white,8.0,cockcroft avenue,allunga,parramatta,4179,,19551009.0,5791016,57815,kai,white,cockcroft avenue,allunga,parramatta,,1970-01-01,4179,4179_wh,1027
dillon,stubns,40.0,murphy ktreet,,salisburyeast,7305,sa,19851018.0,8097614,44871,dillon,stubns,murphy ktreet,,salisburyeast,sa,1970-01-01,7305,7305_st,1028
alisha,myles,38.0,shumack street,greengrove,fadden,2835,qld,19540929.0,3291913,11631,alisha,myles,shumack street,greengrove,fadden,qld,1970-01-01,2835,2835_my,1029
roy,royle,7.0,endeavour street,lake kennedy street,cowell,2580,nsw,19250529.0,3753041,26748,roy,royle,endeavour street,lake kennedy street,cowell,nsw,1970-01-01,2580,2580_ro,1030
jasmin,bocchino,3.0,brickhill place,lake chatsworth,roxburgh park,6101,nsw,19860603.0,3223580,9816,jasmin,bocchino,brickhill place,lake chatsworth,roxburgh park,nsw,1970-01-01,6101,6101_bo,1031
joanna,dooley,35.0,cleeve place,warra-gan,bethania,2220,qld,19930513.0,4843681,15016,joanna,dooley,cleeve place,warra gan,bethania,qld,1970-01-01,2220,2220_do,1032
alec,mason,18.0,barrier srreet,sec 443 bellamour,park holme,2029,wa,19061024.0,5623275,91167,alec,mason,barrier srreet,sec 443 bellamour,park holme,wa,1970-01-01,2029,2029_ma,289
neve,kiss,232.0,mcmaster treet,brinjarry,belmont north,3134,qld,19901230.0,7760403,64022,neve,kiss,mcmaster treet,brinjarry,belmont north,qld,1970-01-01,3134,3134_ki,1033
lauren,heenna,15.0,warland place,belbee,st clakr,3630,sa,19490630.0,2210907,15225,lauren,heenna,warland place,belbee,st clakr,sa,1970-01-01,3630,3630_he,1034
lachlan,tebbutt,457.0,jim pike avenue,bendarra,lemon tree passage,3233,nsw,19680108.0,5276246,33450,lachlan,tebbutt,jim pike avenue,bendarra,lemon tree passage,nsw,1970-01-01,3233,3233_te,1035
reekah,modystach,34.0,tauss place,pyramid c ara park,revesyb,2216,nsw,19341113.0,8796023,66372,reekah,modystach,tauss place,pyramid c ara park,revesyb,nsw,1970-01-01,2216,2216_mo,1036
sam,webb,5.0,deamer cerscent,belaradah,west lakes shore,2570,wa,19361215.0,4408444,37709,sam,webb,deamer cerscent,belaradah,west lakes shore,wa,1970-01-01,2570,2570_we,156
elixa,mason,57.0,kennedy street,brentwoodl vlge,bundabma,4076,tas,19071124.0,3004030,93041,elixa,mason,kennedy street,brentwoodl vlge,bundabma,tas,1970-01-01,4076,4076_ma,1037
lucas,rya,71.0,walker xrescent,brackenrgae,belrose,5024,vic,19840323.0,6371124,68205,lucas,rya,walker xrescent,brackenrgae,belrose,vic,1970-01-01,5024,5024_ry,709
alexandra,,8.0,anembo s treet,glenlee,frankston,4818,nsw,19930305.0,2128447,91239,alexandra,,anembo s treet,glenlee,frankston,nsw,1970-01-01,4818,4818_,1038
brooklyn,rees,77.0,kingsmill street,willandra,cabramatta,2035,vic,19841205.0,9676405,7653,brooklyn,rees,kingsmill street,willandra,cabramatta,vic,1970-01-01,2035,2035_re,1039
joshua,belperio,5.0,castlereagh crescent,manor court,maryborough,7310,nsw,19061028.0,6447360,97747,joshua,belperio,castlereagh crescent,manor court,maryborough,nsw,1970-01-01,7310,7310_be,1040
joshua,parr,63.0,,corcoran,bungwahl,6251,vic,19950525.0,7710315,5199,joshua,parr,,corcoran,bungwahl,vic,1970-01-01,6251,6251_pa,1041
natalia,nguyen,,parer street,mayo specialist medical centre cnr comme,hawthorn,3021,wa,19670219.0,7662064,75076,natalia,nguyen,parer street,mayo specialist medical centre cnr comme,hawthorn,wa,1970-01-01,3021,3021_ng,1042
christopher,vilums,14.0,rene street,,crows nest,4754,sa,19851127.0,5181141,7544,christopher,vilums,rene street,,crows nest,sa,1970-01-01,4754,4754_vi,808
cassandra,leoanrdi,,clarkson street,yandar ms 582,ringwood,2281,nsw,19030404.0,2485158,54393,cassandra,leoanrdi,clarkson street,yandar ms 582,ringwood,nsw,1970-01-01,2281,2281_le,464
aidan,horsley,25.0,rosenthal street,wattle brae,irvingdale,3082,vic,19161004.0,9900834,52259,aidan,horsley,rosenthal street,wattle brae,irvingdale,vic,1970-01-01,3082,3082_ho,680
reuben,edgecombe,6.0,ashburton circuit,north avenue,palmerston,4213,vic,19920512.0,8642119,80674,reuben,edgecombe,ashburton circuit,north avenue,palmerston,vic,1970-01-01,4213,4213_ed,1043
raquel,leslie,37.0,medley street,tamar arcade,athelstone,4308,sa,19900328.0,5816513,57566,raquel,leslie,medley street,tamar arcade,athelstone,sa,1970-01-01,4308,4308_le,1044
sarah,mchenr,528.0,,john flynn medical centre,batlow,4564,vic,19020515.0,2024964,16641,sarah,mchenr,,john flynn medical centre,batlow,vic,1970-01-01,4564,4564_mc,1045
cassandra,udr,3025.0,gundara street,,st albans,3020,wa,19270701.0,7377790,55822,cassandra,udr,gundara street,,st albans,wa,1970-01-01,3020,3020_ud,1046
lucy,clarke,1.0,kriewaldt circuit,rosehill,torquay,3084,sa,,4309304,99854,lucy,clarke,kriewaldt circuit,rosehill,torquay,sa,,3084,3084_cl,1047
brooke,wyllie,40.0,rumker place,huntington,woodcroft,4655,nsw,19700409.0,4282147,7529,brooke,wyllie,rumker place,huntington,woodcroft,nsw,1970-01-01,4655,4655_wy,600
papp-horvath,emma,115.0,appel rescent,glen-moria,allamie,2222,nsw,19620713.0,5409983,64074,papp horvath,emma,appel rescent,glen moria,allamie,nsw,1970-01-01,2222,2222_em,1048
holly,benger,84.0,trenwith close,country house 5 milton park,east maitland,5540,,19480115.0,5142221,93579,holly,benger,trenwith close,country house 5 milton park,east maitland,,1970-01-01,5540,5540_be,1049
hannah,reeh,11.0,badenoch crescent,kayannie,springwood,3019,nsw,19070725.0,6073191,63560,hannah,reeh,badenoch crescent,kayannie,springwood,nsw,1970-01-01,3019,3019_re,1050
finlay,rivers,5.0,crisp circuit,kersey's outh,newstead,2071,vic,19111130.0,1094276,12822,finlay,rivers,crisp circuit,kersey's outh,newstead,vic,1970-01-01,2071,2071_ri,322
kristen,redmond,55.0,chowne street,,christies beach,3802,nsw,19710416.0,7382810,40481,kristen,redmond,chowne street,,christies beach,nsw,1970-01-01,3802,3802_re,1051
noah,weller,67.0,swanton street,morago,valentine,7307,nsw,19440703.0,7771880,76460,noah,weller,swanton street,morago,valentine,nsw,1970-01-01,7307,7307_we,1052
lauren,heenan,15.0,warland place,belbee,st clair,3630,sa,19490630.0,2210907,67124,lauren,heenan,warland place,belbee,st clair,sa,1970-01-01,3630,3630_he,1034
james,croker,109.0,aston crescent,loma langie,coober pedy,4305,nsw,19170923.0,9477785,36874,james,croker,aston crescent,loma langie,coober pedy,nsw,1970-01-01,4305,4305_cr,1053
harry,stubbs,1.0,mountain creek road,nuffield village,eaton,7310,vic,19721113.0,8317467,41593,harry,stubbs,mountain creek road,nuffield village,eaton,vic,1970-01-01,7310,7310_st,6
jarvis,matthews,95.0,derringtonc rescent,the meadows,centennial park,2073,nsw,19750315.0,3771528,18085,jarvis,matthews,derringtonc rescent,the meadows,centennial park,nsw,1970-01-01,2073,2073_ma,1054
luke,goldsworthy,50.0,wheelercrdscent,glenburn,ingleburn,6042,nsw,19760711.0,7624230,62972,luke,goldsworthy,wheelercrdscent,glenburn,ingleburn,nsw,1970-01-01,6042,6042_go,1055
molly,mccarthy,63.0,kanbi lace,,osborne park,2166,nsw,19400529.0,6158276,32935,molly,mccarthy,kanbi lace,,osborne park,nsw,1970-01-01,2166,2166_mc,1056
shanaye,robson,56.0,anzac park,,ettalong,3149,qld,19840131.0,7511641,86652,shanaye,robson,anzac park,,ettalong,qld,1970-01-01,3149,3149_ro,1057
daniel,jardine,16.0,lanley square,,normanton,2580,act,19331130.0,1885743,80892,daniel,jardine,lanley square,,normanton,act,1970-01-01,2580,2580_ja,579
jake,rudkiewicz,15.0,booroondars street,ascot park,salisbury east,2074,nsw,19001115.0,2330929,4157,jake,rudkiewicz,booroondars street,ascot park,salisbury east,nsw,1970-01-01,2074,2074_ru,1058
campbell,abbey,81.0,adair street,arcadai,wantirna,6051,sa,19211108.0,1327917,37812,campbell,abbey,adair street,arcadai,wantirna,sa,1970-01-01,6051,6051_ab,1059
heath,nicoloe,4.0,bennelong cfescent,,pagr,850,nsw,19510117.0,8094711,94402,heath,nicoloe,bennelong cfescent,,pagr,nsw,1970-01-01,0850,0850_ni,1060
lauren,noack,41.0,miago court,clisby farm,combara,6722,sa,19020919.0,2241605,20172,lauren,noack,miago court,clisby farm,combara,sa,1970-01-01,6722,6722_no,1061
callum,jankus,132.0,wyncliffe,mcgivern crescent,sylvania,3187,nsw,19930925.0,7640889,52973,callum,jankus,wyncliffe,mcgivern crescent,sylvania,nsw,1970-01-01,3187,3187_ja,1062
jack,mcgurk,33.0,marrawa h street,,frenchs forest,3462,nsw,19940814.0,7084883,49687,jack,mcgurk,marrawa h street,,frenchs forest,nsw,1970-01-01,3462,3462_mc,599
catherine,graue,88.0,maranboy street,walhalla,brookfield,2207,nsw,19070917.0,4424731,36214,catherine,graue,maranboy street,walhalla,brookfield,nsw,1970-01-01,2207,2207_gr,1063
aiden,velkovska,51.0,yarrawong a street,edinburgh caravan,oakleigh,2485,wa,19220610.0,9618318,26066,aiden,velkovska,yarrawong a street,edinburgh caravan,oakleigh,wa,1970-01-01,2485,2485_ve,1064
lily,nguyen,43.0,hirschfeldcrescent,afflexian,milperra,2084,wa,19270126.0,3183110,52284,lily,nguyen,hirschfeldcrescent,afflexian,milperra,wa,1970-01-01,2084,2084_ng,1065
jonah,thorpe,644.0,monkman street,wonga square,canley heights,5025,vic,19580420.0,6699959,1662,jonah,thorpe,monkman street,wonga square,canley heights,vic,1970-01-01,5025,5025_th,378
wilson,mao,16.0,duterrau crescent,warrambucca garden,glenden,3232,wa,19171125.0,5984860,76784,wilson,mao,duterrau crescent,warrambucca garden,glenden,wa,1970-01-01,3232,3232_ma,1066
kylee,stepehndon,81.0,rose scott circuit,cordobak anor,ashfield,4226,vic,19461101.0,4783085,14349,kylee,stepehndon,rose scott circuit,cordobak anor,ashfield,vic,1970-01-01,4226,4226_st,1067
matteus,hobson,32.0,oxley street,mountview,pitt town,2041,nsw,19151125.0,7931592,88094,matteus,hobson,oxley street,mountview,pitt town,nsw,1970-01-01,2041,2041_ho,1068
alyssa,dixon,11.0,halford crescent,willandra,edgecliff,4101,nsw,19860103.0,3916772,26656,alyssa,dixon,halford crescent,willandra,edgecliff,nsw,1970-01-01,4101,4101_di,1069
connor,millar,70.0,corin p lace,,kuraby,4216,qld,19330925.0,2464828,33592,connor,millar,corin p lace,,kuraby,qld,1970-01-01,4216,4216_mi,1070
john,banelis,5.0,sextonstreet,glenhrust,auburn,3140,vic,19981006.0,7246085,3407,john,banelis,sextonstreet,glenhrust,auburn,vic,1970-01-01,3140,3140_ba,1071
stella,chandler,50.0,ebden s treet,rosettamvillage,coffs harbour,6304,vic,19741215.0,8164610,99670,stella,chandler,ebden s treet,rosettamvillage,coffs harbour,vic,1970-01-01,6304,6304_ch,34
,stanlye,9.0,eaglemontpretreat,kimb erley,brighton-he-sands,4107,tas,19710422.0,5818249,39443,,stanlye,eaglemontpretreat,kimb erley,brighton he sands,tas,1970-01-01,4107,4107_st,1072
samantha,moskwa,28.0,phillip avenue,riverpark,bacchus marsh,2282,sa,19560206.0,4255152,21299,samantha,moskwa,phillip avenue,riverpark,bacchus marsh,sa,1970-01-01,2282,2282_mo,1073
walch,meligda,433.0,cresden1 2182,sage close,toowong,2549,vic,19220419.0,4495651,63080,walch,meligda,cresden1 2182,sage close,toowong,vic,1970-01-01,2549,2549_me,1074
alexandra,clarke,184.0,sadlier street,yakatoon,frankston,2756,qld,19190129.0,3045502,62571,alexandra,clarke,sadlier street,yakatoon,frankston,qld,1970-01-01,2756,2756_cl,1075
jard,mccarthy,18.0,kanbi place,thehomestead,osborne park,2166,nsw,19400529.0,6158276,71428,jard,mccarthy,kanbi place,thehomestead,osborne park,nsw,1970-01-01,2166,2166_mc,1076
leon,haar,24.0,inwood lace,brindabella speicalist centre,newcadtle,4091,vic,19930327.0,5674799,88988,leon,haar,inwood lace,brindabella speicalist centre,newcadtle,vic,1970-01-01,4091,4091_ha,1077
luke,stephenson,11.0,lomman place,marwara,booragul,820,vic,19851007.0,2640373,75923,luke,stephenson,lomman place,marwara,booragul,vic,1970-01-01,0820,0820_st,1078
jacob,webbr,33.0,geeves court,,bayswatber,2536,nsw,19931007.0,2283689,13995,jacob,webbr,geeves court,,bayswatber,nsw,1970-01-01,2536,2536_we,1079
samuel,marousakis,109.0,carrodus street,tulla burra,young,3400,wa,19441201.0,5839575,21693,samuel,marousakis,carrodus street,tulla burra,young,wa,1970-01-01,3400,3400_ma,1080
nicholas,hand,10.0,lansell circuit,kilberry,dareton,2088,vic,19141012.0,1335792,13114,nicholas,hand,lansell circuit,kilberry,dareton,vic,1970-01-01,2088,2088_ha,1081
april,shepherdson,2.0,oxley street,medical centre,warooka,4118,vic,19550216.0,5167601,66179,april,shepherdson,oxley street,medical centre,warooka,vic,1970-01-01,4118,4118_sh,328
aiden,coleman,12.0,dumas street,brentwood vlge,carnegie,6210,vic,19510323.0,3457125,6537,aiden,coleman,dumas street,brentwood vlge,carnegie,vic,1970-01-01,6210,6210_co,1082
brooke,ryan,46.0,hodgson crescent,karalta park,sale,3055,nsw,19830207.0,6860717,51848,brooke,ryan,hodgson crescent,karalta park,sale,nsw,1970-01-01,3055,3055_ry,499
harry,clarke,43.0,hyndescsecent,royal brisbane hospital,homebush,4805,nsw,19971021.0,6391399,47719,harry,clarke,hyndescsecent,royal brisbane hospital,homebush,nsw,1970-01-01,4805,4805_cl,1083
flynn,weller,23.0,woollum street,allunga,surrey hills,2870,qld,19700106.0,9438862,4399,flynn,weller,woollum street,allunga,surrey hills,qld,1970-01-01,2870,2870_we,761
walls,samuel,74.0,shoalhavn avenue,clear crreek,raceview,3223,nsw,19370409.0,4859969,63797,walls,samuel,shoalhavn avenue,clear crreek,raceview,nsw,1970-01-01,3223,3223_sa,1084
caleb,hage,34.0,mcdermotts treet,dallym,yamba,4350,act,19110405.0,5267604,85419,caleb,hage,mcdermotts treet,dallym,yamba,act,1970-01-01,4350,4350_ha,1085
blake,ebert,36.0,archibald street,eden park,stretton,2431,tas,19440107.0,4379369,90621,blake,ebert,archibald street,eden park,stretton,tas,1970-01-01,2431,2431_eb,1086
hannah,white,3.0,furphy place,the sandys,granville,4211,vic,19180122.0,9593475,26363,hannah,white,furphy place,the sandys,granville,vic,1970-01-01,4211,4211_wh,1087
tahla,vacchiani,,newland street,tahmoor,smithfield,2304,qld,19041007.0,5476244,83947,tahla,vacchiani,newland street,tahmoor,smithfield,qld,1970-01-01,2304,2304_va,743
aaron,hemminfs,3.0,henry street,oakey isle sallis lke off,poor aka,3168,qld,19050907.0,6432157,64438,aaron,hemminfs,henry street,oakey isle sallis lke off,poor aka,qld,1970-01-01,3168,3168_he,1088
andrew,gielen,315.0,hayward place,santa lucille,caulfield north,6450,vic,19441228.0,8670610,64376,andrew,gielen,hayward place,santa lucille,caulfield north,vic,1970-01-01,6450,6450_gi,1089
jonah,browne,6.0,bingley crescent,,pindimar,3182,nsw,19250413.0,8328406,60482,jonah,browne,bingley crescent,,pindimar,nsw,1970-01-01,3182,3182_br,1090
adriana,pinto,64.0,dryandra street,,brunswich west,5417,qld,19450702.0,1729257,83064,adriana,pinto,dryandra street,,brunswich west,qld,1970-01-01,5417,5417_pi,1091
aida,webb,24.0,eddycreuscent,crosshills,white patch,2121,vic,19980911.0,5406026,99814,aida,webb,eddycreuscent,crosshills,white patch,vic,1970-01-01,2121,2121_we,1092
,blake,60.0,endeavour street,sheep station,redehad,7105,qld,19860920.0,1267880,46217,,blake,endeavour street,sheep station,redehad,qld,1970-01-01,7105,7105_bl,1093
shepherdosn,harvey,34.0,lumholtz place,maranui,wilsn,6403,qld,19711002.0,3913959,14841,shepherdosn,harvey,lumholtz place,maranui,wilsn,qld,1970-01-01,6403,6403_ha,1094
blake,thiessen,16.0,kilburn close,wanda rri,sanufly,4807,nsw,19210321.0,9632907,47461,blake,thiessen,kilburn close,wanda rri,sanufly,nsw,1970-01-01,4807,4807_th,219
bradley,clsrke,40.0,sharwood crescent,lynd hurat,ringwood,3959,wa,19510302.0,8586164,2160,bradley,clsrke,sharwood crescent,lynd hurat,ringwood,wa,1970-01-01,3959,3959_cl,164
jessica,baillie,26.0,custance street,tarcolla retirement village,tweed heads,4184,nsw,19281031.0,4053650,38937,jessica,baillie,custance street,tarcolla retirement village,tweed heads,nsw,1970-01-01,4184,4184_ba,1095
benjamin,novak,39.0,port jackson circuit,sherwood,dapto,6163,nt,19010630.0,6037054,66406,benjamin,novak,port jackson circuit,sherwood,dapto,nt,1970-01-01,6163,6163_no,1096
zane,miles,18.0,millen street,valencia park,aspendale gardens,3133,nsw,19270730.0,2284718,79299,zane,miles,millen street,valencia park,aspendale gardens,nsw,1970-01-01,3133,3133_mi,1097
lily,clarke,14.0,torrens street,wal 53581,orange,2756,nsw,19460126.0,7261178,25919,lily,clarke,torrens street,wal 53581,orange,nsw,1970-01-01,2756,2756_cl,1098
archie,clake,162.0,nangor street,oaru,westmead,2251,vic,19780909.0,5273648,11411,archie,clake,nangor street,oaru,westmead,vic,1970-01-01,2251,2251_cl,1099
isabella,white,74.0,beasley street,short st (cnr first ave) & albion park r,para hills,3149,sa,19380127.0,1518649,32446,isabella,white,beasley street,short st cnr first ave albion park r,para hills,sa,1970-01-01,3149,3149_wh,1100
noblke,daniel,519.0,blakey close,farm cottage,bellevue hill,4035,vci,,8724523,90376,noblke,daniel,blakey close,farm cottage,bellevue hill,vci,,4035,4035_da,1101
hamish,gilles,23.0,godfrey street,cassdaareen,cape paterson,2370,nsw,19180822.0,6415612,53366,hamish,gilles,godfrey street,cassdaareen,cape paterson,nsw,1970-01-01,2370,2370_gi,1102
travis,stubbs,42.0,scardon street,st john of god hospital,calen,2156,nsw,19010228.0,5893718,8484,travis,stubbs,scardon street,st john of god hospital,calen,nsw,1970-01-01,2156,2156_st,1103
michael,grafton,3.0,prescott street,brastaggi,newcomb,3039,nsw,19221021.0,2437126,59418,michael,grafton,prescott street,brastaggi,newcomb,nsw,1970-01-01,3039,3039_gr,1104
ebony,white,25.0,kay place,corinella,padstow,6007,wa,19450613.0,2538692,58591,ebony,white,kay place,corinella,padstow,wa,1970-01-01,6007,6007_wh,1105
grace,morrison,66.0,quinlivan crescent,greengrove,caulfield north,4102,vic,19460909.0,3999669,55430,grace,morrison,quinlivan crescent,greengrove,caulfield north,vic,1970-01-01,4102,4102_mo,482
casey,tunstpall,1.0,strahan row,villa 2,yagoina,3038,sa,19110402.0,4047509,19790,casey,tunstpall,strahan row,villa 2,yagoina,sa,1970-01-01,3038,3038_tu,1106
nathan,allegretto,17.0,wanaga place,cranbrook,penguin,2200,nsw,19560506.0,2120045,22511,nathan,allegretto,wanaga place,cranbrook,penguin,nsw,1970-01-01,2200,2200_al,1107
,kidsley,18.0,disney court,ramano estate locn 1,labrador,2281,vic,19450301.0,2092869,84006,,kidsley,disney court,ramano estate locn 1,labrador,vic,1970-01-01,2281,2281_ki,852
jake,culph,79.0,doherty place,rosedale,sunny corner,5039,vic,19681226.0,2532945,41388,jake,culph,doherty place,rosedale,sunny corner,vic,1970-01-01,5039,5039_cu,1108
brodie,oats,89.0,hugh mckay crescent,la villades pins,o'connor,3931,tas,19390421.0,9634430,47913,brodie,oats,hugh mckay crescent,la villades pins,o'connor,tas,1970-01-01,3931,3931_oa,1109
lachlan-john,rivdrs,5.0,perire place,oakiale,ringwood,4313,nsw,19960904.0,8718844,31791,lachlan john,rivdrs,perire place,oakiale,ringwood,nsw,1970-01-01,4313,4313_ri,1008
alexandra,kiss,15.0,shellshear place,yambira,mclaren vale,2209,wa,19601231.0,4154698,54679,alexandra,kiss,shellshear place,yambira,mclaren vale,wa,1970-01-01,2209,2209_ki,1110
charles,mahon,67.0,gurubun close,iona downs,armidale,7210,nsw,19850928.0,5505345,82655,charles,mahon,gurubun close,iona downs,armidale,nsw,1970-01-01,7210,7210_ma,1111
beelitz,siawn,3.0,ashkanasy crescent,miowera,sylvania,5042,nsw,19510904.0,3279804,19860,beelitz,siawn,ashkanasy crescent,miowera,sylvania,nsw,1970-01-01,5042,5042_si,1112
nathan,morrison,59.0,peppin place,,eaglehawk,6172,qld,,5567390,38298,nathan,morrison,peppin place,,eaglehawk,qld,,6172,6172_mo,1113
bianca,shepherd,22.0,newdegate street,burbong cottage,fairy fill,2069,qld,19060315.0,3375779,11955,bianca,shepherd,newdegate street,burbong cottage,fairy fill,qld,1970-01-01,2069,2069_sh,1114
bradley,bishop,13.0,newman morris circuit,shiloah,wickepin,2711,wa,19420604.0,2961043,64549,bradley,bishop,newman morris circuit,shiloah,wickepin,wa,1970-01-01,2711,2711_bi,914
jack,browne,23.0,hartley street,macdonald downs station old homestead,st albans,3055,qld,19530825.0,8223201,24003,jack,browne,hartley street,macdonald downs station old homestead,st albans,qld,1970-01-01,3055,3055_br,1115
xepheren,everett,90.0,packer sgreet,yonda pines,bulimba,4376,wa,19750202.0,6641961,88885,xepheren,everett,packer sgreet,yonda pines,bulimba,wa,1970-01-01,4376,4376_ev,1116
jed,mcfadden,4.0,frencham place,wychwood,bongaree,810,vic,19610503.0,1096232,82071,jed,mcfadden,frencham place,wychwood,bongaree,vic,1970-01-01,0810,0810_mc,1117
domenique,paterson,15.0,lubum a place,merewether pub lic school,greensborough,3138,qld,19161017.0,4975843,83636,domenique,paterson,lubum a place,merewether pub lic school,greensborough,qld,1970-01-01,3138,3138_pa,892
jacob,bowerman,39.0,lowannas treet,glenvdagh,keysborough,3806,vic,19820914.0,7380723,60207,jacob,bowerman,lowannas treet,glenvdagh,keysborough,vic,1970-01-01,3806,3806_bo,1118
kimberly,baillie,27.0,agnew street,,nicholls,3109,qld,19191108.0,2602138,54172,kimberly,baillie,agnew street,,nicholls,qld,1970-01-01,3109,3109_ba,1119
trey,white,10.0,needham place,mcivor house,lilydale,4810,qld,19740724.0,7008048,61967,trey,white,needham place,mcivor house,lilydale,qld,1970-01-01,4810,4810_wh,1120
kaitlin,fitzpatrick,4.0,tenison-woosd circuit,navil us,corrimal east,2099,vic,19790109.0,4932458,73408,kaitlin,fitzpatrick,tenison woosd circuit,navil us,corrimal east,vic,1970-01-01,2099,2099_fi,1121
mia,stephenson,37.0,nivison lpace,treetops,knoxfield,3137,sa,19631225.0,2780936,11734,mia,stephenson,nivison lpace,treetops,knoxfield,sa,1970-01-01,3137,3137_st,1122
kia,white,8.0,allunga,cockcroft avenue,parramatta,4179,,19551009.0,5791061,17990,kia,white,allunga,cockcroft avenue,parramatta,,1970-01-01,4179,4179_wh,1123
james,warneke,56.0,namadgi ccircuit,carrangprra,dalby,3000,nsw,19140410.0,5449129,14084,james,warneke,namadgi ccircuit,carrangprra,dalby,nsw,1970-01-01,3000,3000_wa,503
kyle,pringle,72.0,carrodus street,wattle brae,labrador,3280,wa,19930218.0,3589735,6322,kyle,pringle,carrodus street,wattle brae,labrador,wa,1970-01-01,3280,3280_pr,1124
maddison,walch,7.0,leahy close,loxley hse mdcl centre,wynyard,4559,sa,19911221.0,4972239,74134,maddison,walch,leahy close,loxley hse mdcl centre,wynyard,sa,1970-01-01,4559,4559_wa,1125
jacoxb,kopievsky,24.0,downward place,banksia village,bunbry,4671,qld,19470530.0,3777070,92475,jacoxb,kopievsky,downward place,banksia village,bunbry,qld,1970-01-01,4671,4671_ko,1126
wil,clarke,51.0,severne crescent,hazelwood garden,coodanup,5070,sa,19400516.0,4621214,46526,wil,clarke,severne crescent,hazelwood garden,coodanup,sa,1970-01-01,5070,5070_cl,1127
arabella,weller,78.0,westbury circuit,,,4814,vic,19641224.0,6208929,41944,arabella,weller,westbury circuit,,,vic,1970-01-01,4814,4814_we,1128
whit,nacoya,16.0,blake place,st johnof god hospital,yount,3228,nsw,19260826.0,3012061,84463,whit,nacoya,blake place,st johnof god hospital,yount,nsw,1970-01-01,3228,3228_na,1129
sarsha,thorpe,2.0,macleay street,bega flats,torquay,3197,nsw,19200510.0,9195865,7973,sarsha,thorpe,macleay street,bega flats,torquay,nsw,1970-01-01,3197,3197_th,1130
caresse,,13.0,nemarang crescent,sunnyspot farm,nunawading,7021,sa,19250803.0,3017029,9072,caresse,,nemarang crescent,sunnyspot farm,nunawading,sa,1970-01-01,7021,7021_,1131
ella,coulston,12.0,weston sgreet,locheio,hinchinbrook,2212,wa,19080328.0,2624790,86953,ella,coulston,weston sgreet,locheio,hinchinbrook,wa,1970-01-01,2212,2212_co,1132
michael,gabbeft,42.0,jandamar ra street,goolwa octtage,rochedal esouth,4113,nsw,19800705.0,6966974,95722,michael,gabbeft,jandamar ra street,goolwa octtage,rochedal esouth,nsw,1970-01-01,4113,4113_ga,1133
thomas,curthoys,25.0,lawrence crescent,,williamstown,3151,qld,19171213.0,1060104,92895,thomas,curthoys,lawrence crescent,,williamstown,qld,1970-01-01,3151,3151_cu,1134
jadd,dixon,20.0,leven street,francis ch ambers,toronto,3228,nsw,19250415.0,5898510,77479,jadd,dixon,leven street,francis ch ambers,toronto,nsw,1970-01-01,3228,3228_di,1135
alec,mason,18.0,barrier street,sec 443 bellamour,park holme,2029,wa,19061024.0,5623275,86565,alec,mason,barrier street,sec 443 bellamour,park holme,wa,1970-01-01,2029,2029_ma,289
daniel,nguyen,9.0,,south macroom,st johns park,5157,sa,19620518.0,8870477,81199,daniel,nguyen,,south macroom,st johns park,sa,1970-01-01,5157,5157_ng,282
rachel,byers,17.0,hilder street,berowra,palmerston,4740,nsw,19550530.0,6410415,98705,rachel,byers,hilder street,berowra,palmerston,nsw,1970-01-01,4740,4740_by,1136
lauren,blaschke,27.0,eggleston crescent,marx hill street,bittern,4169,vic,19130618.0,7472975,10703,lauren,blaschke,eggleston crescent,marx hill street,bittern,vic,1970-01-01,4169,4169_bl,1137
bayden,lamborn,85.0,capella crescent,wilga,currimundi,5098,vic,19701214.0,6030277,68069,bayden,lamborn,capella crescent,wilga,currimundi,vic,1970-01-01,5098,5098_la,1138
luke,laurier,16.0,dryandra street,ruthven street,craigmore,4217,nsw,19171211.0,8542355,52805,luke,laurier,dryandra street,ruthven street,craigmore,nsw,1970-01-01,4217,4217_la,1139
joel,tynre,25.0,corringle uclose,little sha lford,yoogalki,3081,wa,19831216.0,7644003,75781,joel,tynre,corringle uclose,little sha lford,yoogalki,wa,1970-01-01,3081,3081_ty,1140
lara,kinnane,36.0,spigl street,villa 5,swan hill,2829,nsw,19261001.0,6781465,55701,lara,kinnane,spigl street,villa 5,swan hill,nsw,1970-01-01,2829,2829_ki,1141
kyle,vijiaraj,26.0,moon p lace,cro wer,chinchilla,5453,qld,19875031.0,7277540,33698,kyle,vijiaraj,moon p lace,cro wer,chinchilla,qld,1970-01-01,5453,5453_vi,1142
eliza,lucyko,7.0,kallara close,,old beach,4213,nsw,19410915.0,9271844,58335,eliza,lucyko,kallara close,,old beach,nsw,1970-01-01,4213,4213_lu,1143
connor,mayman,40.0,marengo place,wilga,toowoomba,2025,nsw,19651018.0,8203430,41200,connor,mayman,marengo place,wilga,toowoomba,nsw,1970-01-01,2025,2025_ma,97
lachlan,carmody,6.0,sheehan atreet,avenel,terrigal,2767,wa,19870722.0,7537783,79888,lachlan,carmody,sheehan atreet,avenel,terrigal,wa,1970-01-01,2767,2767_ca,1144
jack,clapham,121.0,hadleigh circuit,school residence,somerton park,2714,qld,19960523.0,1214270,74214,jack,clapham,hadleigh circuit,school residence,somerton park,qld,1970-01-01,2714,2714_cl,1145
jack,patafta,695.0,leahy close,red hills,sheldon,3134,vic,19400728.0,8570924,15659,jack,patafta,leahy close,red hills,sheldon,vic,1970-01-01,3134,3134_pa,1146
jenna,tregoning,1.0,doyle terrace,airlie,bateman,5605,nt,19430925.0,7371715,93780,jenna,tregoning,doyle terrace,airlie,bateman,nt,1970-01-01,5605,5605_tr,1147
hirotxa,demie,19.0,suttor street,namarva sagtion,dulwich hill,4551,qld,19370501.0,2070669,41606,hirotxa,demie,suttor street,namarva sagtion,dulwich hill,qld,1970-01-01,4551,4551_de,1148
bianca,matthews,5.0,wentworth avenue,mtpleasant,tooowomba,6743,nsw,19140128.0,1935299,23758,bianca,matthews,wentworth avenue,mtpleasant,tooowomba,nsw,1970-01-01,6743,6743_ma,1149
wil,vincent,81.0,slessor crescent,tulliallan,mountisa,2076,nsw,19570306.0,7747820,99323,wil,vincent,slessor crescent,tulliallan,mountisa,nsw,1970-01-01,2076,2076_vi,1150
yasmin,morcom,11.0,amess place,domain prk,dromana,3289,qld,19760828.0,7776110,45142,yasmin,morcom,amess place,domain prk,dromana,qld,1970-01-01,3289,3289_mo,1151
andrea,brokenshire,3.0,sturdee crescent,,birmingham gardens,2455,nsw,19450619.0,2384532,14442,andrea,brokenshire,sturdee crescent,,birmingham gardens,nsw,1970-01-01,2455,2455_br,1152
destynii,bowerman,12.0,halfordcrescent,sutton,nollamara,2431,qld,19880821.0,6089424,24274,destynii,bowerman,halfordcrescent,sutton,nollamara,qld,1970-01-01,2431,2431_bo,1153
kayne,gillard,168.0,bursaria street,,leeton,2621,nsw,19340427.0,3871937,41834,kayne,gillard,bursaria street,,leeton,nsw,1970-01-01,2621,2621_gi,1154
rebecca,trenerry,,ashburne r street,little glencoe,roxburgh park,2000,wa,19050103.0,7814962,56570,rebecca,trenerry,ashburne r street,little glencoe,roxburgh park,wa,1970-01-01,2000,2000_tr,1155
millie,chandler,11.0,woodgate street,yatcha,middleton beach,3525,nsw,19090413.0,9769153,73333,millie,chandler,woodgate street,yatcha,middleton beach,nsw,1970-01-01,3525,3525_ch,1156
kailey,kooymans,35.0,la perouse street,masonic memroial village,redhill,2131,sa,19310813.0,4609850,7843,kailey,kooymans,la perouse street,masonic memroial village,redhill,sa,1970-01-01,2131,2131_ko,943
magnus,mazzone,22.0,ingham place,halfmoon station,,2285,nt,19650426.0,3684075,5716,magnus,mazzone,ingham place,halfmoon station,,nt,1970-01-01,2285,2285_ma,1157
james,farnham,3.0,wanganeen avenue,marjidin,port broughton,2107,sa,19011012.0,3915581,67217,james,farnham,wanganeen avenue,marjidin,port broughton,sa,1970-01-01,2107,2107_fa,1158
nicholas,white,10.0,fortitude street,,st kilda east,2298,nt,19651025.0,8437365,92843,nicholas,white,fortitude street,,st kilda east,nt,1970-01-01,2298,2298_wh,1159
lochlan,grosser,5.0,yapunyah street,youralla,gingin,5276,nsw,19530210.0,5071722,91930,lochlan,grosser,yapunyah street,youralla,gingin,nsw,1970-01-01,5276,5276_gr,165
sohpie,reid,11.0,hoad place,lockwood,beachemre,4106,nsw,19030704.0,2982434,44508,sohpie,reid,hoad place,lockwood,beachemre,nsw,1970-01-01,4106,4106_re,896
caleb,priest,48.0,temperley street,sunres t styd,north narrabeen,3895,wa,19831118.0,1585410,12099,caleb,priest,temperley street,sunres t styd,north narrabeen,wa,1970-01-01,3895,3895_pr,1160
kate,wheatley,,tanderrafcrescent,the willows,forest hill,2472,tas,19560728.0,5603742,74515,kate,wheatley,tanderrafcrescent,the willows,forest hill,tas,1970-01-01,2472,2472_wh,1161
benjamin,foottit,10.0,macrobertson street,bowan brae,nunawading,4814,vic,19350513.0,9447822,10108,benjamin,foottit,macrobertson street,bowan brae,nunawading,vic,1970-01-01,4814,4814_fo,1162
emiily,petersen,11.0,traynor court,warraberry,stanmore,4122,vic,19180202.0,6202849,41031,emiily,petersen,traynor court,warraberry,stanmore,vic,1970-01-01,4122,4122_pe,1163
ned,mason,19.0,brain street,weetabella,,2044,vic,19391219.0,8134652,93458,ned,mason,brain street,weetabella,,vic,1970-01-01,2044,2044_ma,1164
alexandra,grosvenor,8.0,anembo street,glen lee,frankston,4818,nsw,19930305.0,2128447,45245,alexandra,grosvenor,anembo street,glen lee,frankston,nsw,1970-01-01,4818,4818_gr,193
zeo,reid,2400.0,newman mo rris circuit,the lodge,dolls ppoint,2550,nsw,19001031.0,8054503,12158,zeo,reid,newman mo rris circuit,the lodge,dolls ppoint,nsw,1970-01-01,2550,2550_re,1165
shana,lanye,164.0,whalan place,shadoofl odge,preston,5280,vic,19231230.0,4329053,8325,shana,lanye,whalan place,shadoofl odge,preston,vic,1970-01-01,5280,5280_la,1166
alia,tippins,232.0,mcmaste r street,brinjarry,belmont north,3134,qld,19901230.0,7760403,98592,alia,tippins,mcmaste r street,brinjarry,belmont north,qld,1970-01-01,3134,3134_ti,1167
elijah,bastiaans,140.0,zadow place,kyeema,south melbourne,3198,vic,19801211.0,1724003,60083,elijah,bastiaans,zadow place,kyeema,south melbourne,vic,1970-01-01,3198,3198_ba,1168
edward,dalo ia,21.0,geeves court,john flynn me dical centre,ballarat,2146,vic,19260410.0,9952484,46960,edward,dalo ia,geeves court,john flynn me dical centre,ballarat,vic,1970-01-01,2146,2146_da,576
anastasia,green,,erindale drive,villa 102,portarlnigton,2285,nsw,19720728.0,3163862,52296,anastasia,green,erindale drive,villa 102,portarlnigton,nsw,1970-01-01,2285,2285_gr,1169
samuel,ryan,512.0,hilder street,state bank arcade,elizabeih grove,2020,sa,19830613.0,5653742,36122,samuel,ryan,hilder street,state bank arcade,elizabeih grove,sa,1970-01-01,2020,2020_ry,1170
samantha,westbrook,86.0,blamey crescent,,toowoomba,2173,qld,19800506.0,7854676,78490,samantha,westbrook,blamey crescent,,toowoomba,qld,1970-01-01,2173,2173_we,1171
olivef,green,22.0,fisken crescent,brackesgrae,camp hill,2270,qld,19531002.0,3509865,36061,olivef,green,fisken crescent,brackesgrae,camp hill,qld,1970-01-01,2270,2270_gr,1172
sonja,kleve,28.0,dallach y place,copely,keon park,4362,nsw,19880528.0,7042108,83523,sonja,kleve,dallach y place,copely,keon park,nsw,1970-01-01,4362,4362_kl,724
harrison,schumann,24.0,monaro crescent,donnelly rvr villg,oakleigh,2820,nsw,19991013.0,9551413,9672,harrison,schumann,monaro crescent,donnelly rvr villg,oakleigh,nsw,1970-01-01,2820,2820_sc,1173
rosa,matthews,9.0,jindivik place,corinda park,bellevue hill,3087,wa,19151228.0,3132742,56246,rosa,matthews,jindivik place,corinda park,bellevue hill,wa,1970-01-01,3087,3087_ma,1174
,nguyen,8.0,dalleycrescent,the palms village,edgewaetr,2607,nsw,19591019.0,9550440,26236,,nguyen,dalleycrescent,the palms village,edgewaetr,nsw,1970-01-01,2607,2607_ng,1175
amber,hoffman,3.0,haystack crescent,pinnacles caravn park,,2226,qld,19491028.0,8257097,37389,amber,hoffman,haystack crescent,pinnacles caravn park,,qld,1970-01-01,2226,2226_ho,1176
dayna,stephegnson,20.0,fellowsstreet,tubbarubba,pallara,4059,qld,19201111.0,9364184,56543,dayna,stephegnson,fellowsstreet,tubbarubba,pallara,qld,1970-01-01,4059,4059_st,1177
caleb,white,8.0,araluen street,,coralville,2114,qld,19131103.0,4312580,73886,caleb,white,araluen street,,coralville,qld,1970-01-01,2114,2114_wh,1178
jessica,baillie,26.0,custance street,tarcolla retirwment village,tweed heads,4184,nsw,19281031.0,4053650,68495,jessica,baillie,custance street,tarcolla retirwment village,tweed heads,nsw,1970-01-01,4184,4184_ba,1095
georgia,hunting,22.0,jerrabomberra avenue,elamon c ottage,toronto,4873,qld,19430818.0,3644846,14009,georgia,hunting,jerrabomberra avenue,elamon c ottage,toronto,qld,1970-01-01,4873,4873_hu,1179
cehlea,meaows,,,,surfers paradise,7352,vic,19651103.0,7080277,12056,cehlea,meaows,,,surfers paradise,vic,1970-01-01,7352,7352_me,1180
john,banelis,41.0,sexton street,glenhurst,auburn,3140,vic,19981006.0,8328210,88018,john,banelis,sexton street,glenhurst,auburn,vic,1970-01-01,3140,3140_ba,299
jonahy,thorpe,644.0,monkman street,wonga square,canleyh eights,5025,vic,19580420.0,6699959,39517,jonahy,thorpe,monkman street,wonga square,canleyh eights,vic,1970-01-01,5025,5025_th,378
lachlan,boxhall,7.0,newman morris circuit,ballyboy,annandale,2219,qld,19680923.0,1304613,53903,lachlan,boxhall,newman morris circuit,ballyboy,annandale,qld,1970-01-01,2219,2219_bo,1181
,weaver,183.0,plant road,,floreat,4700,vic,19140117.0,3887002,84506,,weaver,plant road,,floreat,vic,1970-01-01,4700,4700_we,1182
jacob,wellburn,33.0,geeves ourt,wandoo stud,bayswater,2536,nsq,19931007.0,2283689,82143,jacob,wellburn,geeves ourt,wandoo stud,bayswater,nsq,1970-01-01,2536,2536_we,1079
katie,polowy,65.0,,,keysborough,5255,vic,19990516.0,7701614,68458,katie,polowy,,,keysborough,vic,1970-01-01,5255,5255_po,1183
marley,hentze,94.0,tardent street,loma labngie,seaton,2759,nsw,19510221.0,9837981,82825,marley,hentze,tardent street,loma labngie,seaton,nsw,1970-01-01,2759,2759_he,1184
jayden,,75.0,woronorastreet,wande arah,leslie vale,3101,nsw,19410117.0,4643316,23972,jayden,,woronorastreet,wande arah,leslie vale,nsw,1970-01-01,3101,3101_,1185
silas,noblge,253.0,ainsworth street,yongala,clayton,2281,wa,19211208.0,6885608,61391,silas,noblge,ainsworth street,yongala,clayton,wa,1970-01-01,2281,2281_no,974
,,5.0,edmondson street,baringavcottage,gorokan,3023,nsw,19460413.0,4197267,7177,,,edmondson street,baringavcottage,gorokan,nsw,1970-01-01,3023,3023_,1186
,nguyen,16.0,wilshir e street,erinsvale,rose bay,6207,vic,19760517.0,8693348,48774,,nguyen,wilshir e street,erinsvale,rose bay,vic,1970-01-01,6207,6207_ng,1187
nicholas,boyle,3.0,wilkins street,cottesbrook,east sydney,3219,vic,19771011.0,1609171,88158,nicholas,boyle,wilkins street,cottesbrook,east sydney,vic,1970-01-01,3219,3219_bo,1188
,voy,6.0,nott street,,graceville,4889,vic,19511208.0,3546400,70311,,voy,nott street,,graceville,vic,1970-01-01,4889,4889_vo,1189
,campbll,19.0,loder place,eden park,rowville,3040,sa,19570115.0,4301812,26789,,campbll,loder place,eden park,rowville,sa,1970-01-01,3040,3040_ca,1190
zachary,rollins,16.0,fimister crcuit,wathonga,brown hill,5032,nsw,,2423787,14730,zachary,rollins,fimister crcuit,wathonga,brown hill,nsw,,5032,5032_ro,836
alexandra,noble,53.0,tytherleight street,,bibra lake,7900,tas,19720015.0,3043242,30876,alexandra,noble,tytherleight street,,bibra lake,tas,1970-01-01,7900,7900_no,1191
jonah,nguyen,8.0,dalley crescent,the palms village,kingaroy,2607,nsw,19591019.0,9550440,10315,jonah,nguyen,dalley crescent,the palms village,kingaroy,nsw,1970-01-01,2607,2607_ng,157
patrkck,vincent,21.0,outtrim avenue,glendower,willrtton,2213,nsw,19510921.0,9836975,11154,patrkck,vincent,outtrim avenue,glendower,willrtton,nsw,1970-01-01,2213,2213_vi,1192
madison,boxhall,10.0,kookabutra village,yandas treet,dapto,4703,sa,19170926.0,7262746,82148,madison,boxhall,kookabutra village,yandas treet,dapto,sa,1970-01-01,4703,4703_bo,1193
jessica,coleman,116.0,jerrabomberra avenue,plainbrook,boondall,6162,vic,19800418.0,1022326,37489,jessica,coleman,jerrabomberra avenue,plainbrook,boondall,vic,1970-01-01,6162,6162_co,1194
,de paoli,12.0,neumayer street,riverland village,prosepct,2452,nsw,19990313.0,1420240,7408,,de paoli,neumayer street,riverland village,prosepct,nsw,1970-01-01,2452,2452_de,404
dante,white,23.0,pokana circuit,strauss,noble park,6170,vic,19210605.0,3590013,28681,dante,white,pokana circuit,strauss,noble park,vic,1970-01-01,6170,6170_wh,1195
xani,michelmore,,blackwell circuit,downland stud,granville,2452,wa,19640808.0,8996076,59877,xani,michelmore,blackwell circuit,downland stud,granville,wa,1970-01-01,2452,2452_mi,1196
cameron,jessup,19.0,spofforth street,,moree,2208,qld,19561117.0,6804360,38100,cameron,jessup,spofforth street,,moree,qld,1970-01-01,2208,2208_je,1197
jenna,pasalic,679.0,tarana street,,osborne,4342,vic,19541124.0,7730932,82550,jenna,pasalic,tarana street,,osborne,vic,1970-01-01,4342,4342_pa,241
alexandra,,4.0,brunswick circuit,keith payne hstl,mount aophia,5024,nsw,19470726.0,5974014,22980,alexandra,,brunswick circuit,keith payne hstl,mount aophia,nsw,1970-01-01,5024,5024_,1198
bethanie,roche,24.0,maxworthy street,rosedale,koongal,4210,qld,19641127.0,1011573,48639,bethanie,roche,maxworthy street,rosedale,koongal,qld,1970-01-01,4210,4210_ro,1199
alexandra,white,302.0,winter street,,wanneroo,3153,nsw,19460615.0,3244945,9180,alexandra,white,winter street,,wanneroo,nsw,1970-01-01,3153,3153_wh,1200
hokly,stoker,5.0,ballumbir street,chetwynd,kirrawee,6009,vic,19300121.0,8123371,59467,hokly,stoker,ballumbir street,chetwynd,kirrawee,vic,1970-01-01,6009,6009_st,786
william,stubs,3.0,kingsmill street,lambar,cantefbury,2260,wa,19340903.0,9667086,94987,william,stubs,kingsmill street,lambar,cantefbury,wa,1970-01-01,2260,2260_st,1201
megan,campbell,16.0,eyrestreet,cypress garden,cardiff,2026,nsw,19630721.0,2580398,75985,megan,campbell,eyrestreet,cypress garden,cardiff,nsw,1970-01-01,2026,2026_ca,1202
jordvan,plane,,austin steret,leetsvale caravan park,st johns park,3015,vic,19730321.0,5757351,61195,jordvan,plane,austin steret,leetsvale caravan park,st johns park,vic,1970-01-01,3015,3015_pl,1203
alyssa,clarke,97.0,merfieldplace,the meadows,bull creek,2830,act,19219503.0,2257500,89677,alyssa,clarke,merfieldplace,the meadows,bull creek,act,1970-01-01,2830,2830_cl,1204
angus,stanley,6.0,lazar place,koobeja,flora hill,7008,qld,19971003.0,1076050,68772,angus,stanley,lazar place,koobeja,flora hill,qld,1970-01-01,7008,7008_st,41
chelsea,banasevich,142.0,grieve place,,boggakbilla,2400,sa,19400330.0,8359979,77779,chelsea,banasevich,grieve place,,boggakbilla,sa,1970-01-01,2400,2400_ba,430
olivia,berry,16.0,newman morris circuit,true rise,bonnet bay,6108,qld,,8074345,96282,olivia,berry,newman morris circuit,true rise,bonnet bay,qld,,6108,6108_be,1205
callum,finlay,1.0,ebenezer street,arcadia,craigmore,4461,nsw,19810911.0,2783111,77044,callum,finlay,ebenezer street,arcadia,craigmore,nsw,1970-01-01,4461,4461_fi,1206
irene,campbjell,11.0,lott place,brandywinre stud,kingston,3125,nsw,19310829.0,2258776,7544,irene,campbjell,lott place,brandywinre stud,kingston,nsw,1970-01-01,3125,3125_ca,808
felicity,huxley,11.0,saunders street,,calista,3971,sa,,6912302,76276,felicity,huxley,saunders street,,calista,sa,,3971,3971_hu,1207
lachlan,hyland,16.0,colebatchu place,penquite road,cape paterson,4305,qld,19340129.0,6484756,55499,lachlan,hyland,colebatchu place,penquite road,cape paterson,qld,1970-01-01,4305,4305_hy,1208
karissa,creten,158.0,beattie crgescent,birrabilla,moranbah,2525,nsw,19360703.0,2328993,39042,karissa,creten,beattie crgescent,birrabilla,moranbah,nsw,1970-01-01,2525,2525_cr,63
trent,brain,40.0,madigan street,,ekibin,3196,nsw,19700723.0,7357958,60891,trent,brain,madigan street,,ekibin,nsw,1970-01-01,3196,3196_br,290
georgia,nguyen,38.0,cullen street,balmoral garden,emu plains,4068,nsw,19401127.0,9581805,90086,georgia,nguyen,cullen street,balmoral garden,emu plains,nsw,1970-01-01,4068,4068_ng,1209
fraser,tadege,1.0,mcinnes street,,scarboruogh,2870,nsw,19001013.0,3817644,51657,fraser,tadege,mcinnes street,,scarboruogh,nsw,1970-01-01,2870,2870_ta,128
yasmin,spagnoletti,29.0,hallenc lose,kings apmts,charlesgown,2756,nsw,19260409.0,3971103,91274,yasmin,spagnoletti,hallenc lose,kings apmts,charlesgown,nsw,1970-01-01,2756,2756_sp,1210
ayden,white,7.0,dines place,ocean park towers,garean,2506,vic,19390830.0,7585098,49793,ayden,white,dines place,ocean park towers,garean,vic,1970-01-01,2506,2506_wh,1211
zoe,gajda,35.0,eddison place,rosebrook,concord,6058,nsw,19600545.0,2599162,96242,zoe,gajda,eddison place,rosebrook,concord,nsw,1970-01-01,6058,6058_ga,622
dylan,campbell,10.0,mackey place,cypress garden,tyalgum,2640,vic,19900718.0,4147733,64660,dylan,campbell,mackey place,cypress garden,tyalgum,vic,1970-01-01,2640,2640_ca,1212
berry,emiily,3.0,tenison-woods circuit,,ashfield,6169,nsw,19380101.0,6459366,13574,berry,emiily,tenison woods circuit,,ashfield,nsw,1970-01-01,6169,6169_em,1213
lachlan,campbell,11.0,officer crescent,rainbow downs,parramatta,6163,vic,19461129.0,2287322,30571,lachlan,campbell,officer crescent,rainbow downs,parramatta,vic,1970-01-01,6163,6163_ca,1214
owen,coxon,111.0,brindabella stn,norillee,byford,3165,qld,19370218.0,1040781,44621,owen,coxon,brindabella stn,norillee,byford,qld,1970-01-01,3165,3165_co,1215
elli,mccarthy,35.0,druitt place,myalpa,penshurst,4551,nsw,19681114.0,7638218,36629,elli,mccarthy,druitt place,myalpa,penshurst,nsw,1970-01-01,4551,4551_mc,1216
benjamin,campbell,11.0,lott place,brandywine stud,kingston,3125,nsw,19080113.0,2258776,16284,benjamin,campbell,lott place,brandywine stud,kingston,nsw,1970-01-01,3125,3125_ca,1217
caleb,glass,284.0,warrego crcuit,sec 202,frankston,6210,qld,19640219.0,6764035,2007,caleb,glass,warrego crcuit,sec 202,frankston,qld,1970-01-01,6210,6210_gl,1218
georia,blake,7.0,huntly,bristn,jesmond,830,wa,19470129.0,4756378,26014,georia,blake,huntly,bristn,jesmond,wa,1970-01-01,0830,0830_bl,1219
jacqueline,matthews,50.0,callaghab street,narla vlge,punchbowl,3815,qld,19210324.0,2110260,35121,jacqueline,matthews,callaghab street,narla vlge,punchbowl,qld,1970-01-01,3815,3815_ma,1220
naco ya,white,16.0,blake pkace,st johnof god hospital,young,3228,nsw,19260826.0,3012061,10578,naco ya,white,blake pkace,st johnof god hospital,young,nsw,1970-01-01,3228,3228_wh,1221
maddison,quilliam,57.0,bedford street,rosall,surrey hills,6525,nsw,19460730.0,6408479,30438,maddison,quilliam,bedford street,rosall,surrey hills,nsw,1970-01-01,6525,6525_qu,1222
madeleine,green,20.0,weetman place,hopeview,orange,2125,vic,19911013.0,5184902,1236,madeleine,green,weetman place,hopeview,orange,vic,1970-01-01,2125,2125_gr,1223
,,14.0,teakle place,thebowery,yarram,2299,sa,19100817.0,4968103,8891,,,teakle place,thebowery,yarram,sa,1970-01-01,2299,2299_,1224
triwtan,carp,222.0,marchantcircuit,georgdeale,campbelwltown,2913,nsw,19281204.0,1421166,76821,triwtan,carp,marchantcircuit,georgdeale,campbelwltown,nsw,1970-01-01,2913,2913_ca,1225
erin,kyriacou,32.0,holmes crescent,ferncliff,horsley,2138,vic,19900510.0,5417288,4615,erin,kyriacou,holmes crescent,ferncliff,horsley,vic,1970-01-01,2138,2138_ky,1226
silas,edhouse,13.0,fincham crescent,gateway vlge caravn park,terrigal,2720,nsw,19460712.0,6281089,636,silas,edhouse,fincham crescent,gateway vlge caravn park,terrigal,nsw,1970-01-01,2720,2720_ed,1227
kristrn,capurso,67.0,bosworth curcuit,monier square,magra,4057,vic,19170201.0,7204184,34862,kristrn,capurso,bosworth curcuit,monier square,magra,vic,1970-01-01,4057,4057_ca,1228
zack,berry,80.0,athertonb xtreet,cantlay farm,hamilton,7315,vic,19310124.0,1934867,47759,zack,berry,athertonb xtreet,cantlay farm,hamilton,vic,1970-01-01,7315,7315_be,1229
danielle,reid,17.0,kootara crescent,cave hill creek,wanniassa,4220,wa,19530118.0,3310083,7700,danielle,reid,kootara crescent,cave hill creek,wanniassa,wa,1970-01-01,4220,4220_re,1230
ashleigh,whiteway,,cotton street,,park orchards,3123,vic,19500916.0,5163016,22006,ashleigh,whiteway,cotton street,,park orchards,vic,1970-01-01,3123,3123_wh,1231
helena,ebert,745.0,garratt sxreet,brakburn,aspley,2024,vic,19710327.0,2510937,84567,helena,ebert,garratt sxreet,brakburn,aspley,vic,1970-01-01,2024,2024_eb,608
archie,priest,1.0,temperley street,sunrest stud,northnarrabeen,3995,wa,19831118.0,1585410,86084,archie,priest,temperley street,sunrest stud,northnarrabeen,wa,1970-01-01,3995,3995_pr,1232
mitchell,bellamy,,arthurdircle,bolsro,coonalypn,6210,vic,19710203.0,1090549,77087,mitchell,bellamy,arthurdircle,bolsro,coonalypn,vic,1970-01-01,6210,6210_be,1233
noa,homa nn,30.0,cowper svgreet,,toorak,3556,vic,19940914.0,5103979,96449,noa,homa nn,cowper svgreet,,toorak,vic,1970-01-01,3556,3556_ho,1234
diamond,bishop,22.0,mcbryde crescent,camara,valley view,2049,nsw,,1088643,13253,diamond,bishop,mcbryde crescent,camara,valley view,nsw,,2049,2049_bi,1235
joshua,campbell,12.0,ballumbir street,hornbylihgthouse,harbvord,3189,vic,19670227.0,6114426,20290,joshua,campbell,ballumbir street,hornbylihgthouse,harbvord,vic,1970-01-01,3189,3189_ca,1236
benjamin,larg,2.0,wilson street,suunybrae,belrose,2067,tas,19451103.0,9646332,25780,benjamin,larg,wilson street,suunybrae,belrose,tas,1970-01-01,2067,2067_la,1237
mikhaili,cooksno,2.0,turner plce,kapeka,salisbury east,3840,qld,19530305.0,2134191,12424,mikhaili,cooksno,turner plce,kapeka,salisbury east,qld,1970-01-01,3840,3840_co,1238
sebastian,petersuen,,chinner crescent,dorothy gensers vlge,dapto,3016,wa,19290524.0,2315376,35458,sebastian,petersuen,chinner crescent,dorothy gensers vlge,dapto,wa,1970-01-01,3016,3016_pe,1239
james,watelrow,484.0,brigalow street,,coffs harbour,3167,nsw,19420525.0,6912540,11021,james,watelrow,brigalow street,,coffs harbour,nsw,1970-01-01,3167,3167_wa,1240
tahni,murton,11.0,macfarland crescent,berkeley vlge,rydr,3220,,19231110.0,4111794,43587,tahni,murton,macfarland crescent,berkeley vlge,rydr,,1970-01-01,3220,3220_mu,1241
benjamin,santangelo,8.0,roseglen,case place,winthrop,3020,vic,19140729.0,2496528,39001,benjamin,santangelo,roseglen,case place,winthrop,vic,1970-01-01,3020,3020_sa,1242
lucas,campbell,2.0,caldwell street,moriah,st kilda east,5016,nsw,19880726.0,8310648,48788,lucas,campbell,caldwell street,moriah,st kilda east,nsw,1970-01-01,5016,5016_ca,1243
daniel,gibb,,warragamba avenue,qbd bldg,ceduna,6065,vic,19070224.0,9071156,42603,daniel,gibb,warragamba avenue,qbd bldg,ceduna,vic,1970-01-01,6065,6065_gi,1244
tiarna,stanley,69.0,fremantle drive,inveraray,killara,6285,act,19680130.0,5776556,47210,tiarna,stanley,fremantle drive,inveraray,killara,act,1970-01-01,6285,6285_st,1245
emiily,milburn,7.0,cuscaden crescent,danric lodge,albion park,6275,qld,19340317.0,3499772,92861,emiily,milburn,cuscaden crescent,danric lodge,albion park,qld,1970-01-01,6275,6275_mi,1246
eboni,moscatt,255.0,sid barnes crescent,brambletye vinyard,kyabram,7249,tas,19050313.0,2993780,84201,eboni,moscatt,sid barnes crescent,brambletye vinyard,kyabram,tas,1970-01-01,7249,7249_mo,1247
samuel,clarke,9.0,clint place,,corrimal,2594,nsw,19491205.0,1610220,20333,samuel,clarke,clint place,,corrimal,nsw,1970-01-01,2594,2594_cl,1248
jamie,jugovac,15.0,rainbow place,springmount,paddington,2082,vic,19140722.0,5660630,91466,jamie,jugovac,rainbow place,springmount,paddington,vic,1970-01-01,2082,2082_ju,1249
,leslie,5.0,edmondson street,baringa octtage,gorokan,3023,nsw,19460413.0,4197267,88063,,leslie,edmondson street,baringa octtage,gorokan,nsw,1970-01-01,3023,3023_le,1250
lily,les,14.0,learmont drive,,patterson lakes,2031,tas,19181114.0,2396732,53392,lily,les,learmont drive,,patterson lakes,tas,1970-01-01,2031,2031_le,1251
dylan,zilm,43.0,blamey crescent,condinup,wattle glen,4211,vic,19671229.0,4892613,5511,dylan,zilm,blamey crescent,condinup,wattle glen,vic,1970-01-01,4211,4211_zi,1252
robin,morrison,14.0,markham pstreet,balmaincove,north ydney,6169,vic,19250124.0,8539119,2126,robin,morrison,markham pstreet,balmaincove,north ydney,vic,1970-01-01,6169,6169_mo,590
isabella,quilty,247.0,rubicon street,banksia village,kogarah,2440,tas,19400829.0,1676720,22348,isabella,quilty,rubicon street,banksia village,kogarah,tas,1970-01-01,2440,2440_qu,1253
harley,mccarthy,177.0,pridham tstreet,milton,marsden,3165,nsw,19080419.0,6089216,56487,harley,mccarthy,pridham tstreet,milton,marsden,nsw,1970-01-01,3165,3165_mc,1
tohmas,priets,29.0,nemarang crescent,,new farm,2250,tas,19401205.0,2293160,53804,tohmas,priets,nemarang crescent,,new farm,tas,1970-01-01,2250,2250_pr,1254
jack,ban,17.0,throssell street,killarney,regents park,2570,qld,19530428.0,6593255,4502,jack,ban,throssell street,killarney,regents park,qld,1970-01-01,2570,2570_ba,1255
peta,mccarthy,15.0,barnett close,mostyn on the park,altona north,3188,nsw,19000314.0,6918773,10762,peta,mccarthy,barnett close,mostyn on the park,altona north,nsw,1970-01-01,3188,3188_mc,1256
lauren,finlay,19.0,colefaxplace,killarney,chinchilla,4870,act,19020608.0,3951342,35639,lauren,finlay,colefaxplace,killarney,chinchilla,act,1970-01-01,4870,4870_fi,1257
andrea,brokenshire,3.0,sturdee crescent,,birmingha gardens,2455,nsw,19450619.0,2381532,49092,andrea,brokenshire,sturdee crescent,,birmingha gardens,nsw,1970-01-01,2455,2455_br,210
samantha,doblinger,7.0,bangalay crescent,thehammo n dvillage,deer park,4380,nsy,19131222.0,1907245,4602,samantha,doblinger,bangalay crescent,thehammo n dvillage,deer park,nsy,1970-01-01,4380,4380_do,1258
christian,ferrar,2.0,boolee srteet,noss,doubleview,4352,nsw,19491125.0,2992541,38360,christian,ferrar,boolee srteet,noss,doubleview,nsw,1970-01-01,4352,4352_fe,1259
matthew,pavin,28.0,barlow street,wallaces ck,risdon park,2048,nsw,19781210.0,7578895,98147,matthew,pavin,barlow street,wallaces ck,risdon park,nsw,1970-01-01,2048,2048_pa,1260
jacob,ryan,172.0,davidson street,lakesidemanor,brisbane,6197,nsw,19390210.0,9826543,47554,jacob,ryan,davidson street,lakesidemanor,brisbane,nsw,1970-01-01,6197,6197_ry,1261
emiily,grimm,71.0,dumas street,pleasant acres,balcatta,2010,qld,19861227.0,5295959,73113,emiily,grimm,dumas street,pleasant acres,balcatta,qld,1970-01-01,2010,2010_gr,1262
david,knapman,66.0,blamey crescent,mira monte,floraville,4103,wa,19631011.0,6091304,5049,david,knapman,blamey crescent,mira monte,floraville,wa,1970-01-01,4103,4103_kn,846
alexa-ose,white,43.0,warrego circuit,burnside,bayswter,3041,nt,19160822.0,2502613,31827,alexa ose,white,warrego circuit,burnside,bayswter,nt,1970-01-01,3041,3041_wh,1263
sophie,mason,2.0,may mills close,unt 1,craigmore,2261,nsw,19700207.0,1317086,90189,sophie,mason,may mills close,unt 1,craigmore,nsw,1970-01-01,2261,2261_ma,1264
harley,lowe,3.0,fox place,cooee palms,gerogrey,4072,nt,19291003.0,1515266,29531,harley,lowe,fox place,cooee palms,gerogrey,nt,1970-01-01,4072,4072_lo,1265
lily,cowell,2.0,parkhill street,legacy vlge,fig tree pocket,3171,qld,19401005.0,5831380,57948,lily,cowell,parkhill street,legacy vlge,fig tree pocket,qld,1970-01-01,3171,3171_co,1266
nathsan,priest,363.0,banks street,manresa,malvern east,4570,act,19160503.0,4665603,86933,nathsan,priest,banks street,manresa,malvern east,act,1970-01-01,4570,4570_pr,340
emiily,webb,20.0,hurtle avenue,circle court,dapto,3216,qld,19080812.0,1480089,96966,emiily,webb,hurtle avenue,circle court,dapto,qld,1970-01-01,3216,3216_we,1267
,sandman,468.0,nona place,,east hills,4065,tas,19540128.0,9843714,99434,,sandman,nona place,,east hills,tas,1970-01-01,4065,4065_sa,1268
ned,lodge,32.0,karuah street,athlone,bundamba,2280,act,19510526.0,9020603,69125,ned,lodge,karuah street,athlone,bundamba,act,1970-01-01,2280,2280_lo,319
kasey,loehr,24.0,taroona place,trail view,cooma,3212,vic,19400105.0,8298067,83113,kasey,loehr,taroona place,trail view,cooma,vic,1970-01-01,3212,3212_lo,1269
louis,zierholz,6.0,manifold place,beltrasna a ngus stud,barrack heights,5520,vic,19661015.0,7022760,13747,louis,zierholz,manifold place,beltrasna a ngus stud,barrack heights,vic,1970-01-01,5520,5520_zi,1270
ella,crouch,3.0,wybalens grove,tieve tara,urangan,3072,wa,19271130.0,3031169,26098,ella,crouch,wybalens grove,tieve tara,urangan,wa,1970-01-01,3072,3072_cr,1271
lachlan,mcdermid,24.0,london i rcuit,terawah station,clareville,3677,nsw,19630721.0,2005942,21092,lachlan,mcdermid,london i rcuit,terawah station,clareville,nsw,1970-01-01,3677,3677_mc,1272
kyle,richmond,38.0,hammond close,oakdale,linudm,6110,sa,19420519.0,7435722,68178,kyle,richmond,hammond close,oakdale,linudm,sa,1970-01-01,6110,6110_ri,865
luke,browne,5.0,myles connell crescent,mirani,mount pleasant,3950,wa,19410418.0,4141703,67412,luke,browne,myles connell crescent,mirani,mount pleasant,wa,1970-01-01,3950,3950_br,1273
emiily,bradshaw,34.0,shenton crscent,heritageh est,barwon heads,2261,vic,19610622.0,6315479,40821,emiily,bradshaw,shenton crscent,heritageh est,barwon heads,vic,1970-01-01,2261,2261_br,1274
olivia,wheatley,5.0,crisp ciecuit,braemore,lake clarendon,4575,qld,19421007.0,5051083,18325,olivia,wheatley,crisp ciecuit,braemore,lake clarendon,qld,1970-01-01,4575,4575_wh,203
rebekah,modystach,34.0,tausx place,pyramid cara park,iluka,2216,nsw,19341113.0,8796023,35972,rebekah,modystach,tausx place,pyramid cara park,iluka,nsw,1970-01-01,2216,2216_mo,1036
tahni,murto m,11.0,macfarland crescent,,ryde,3220,,19231110.0,4111794,79709,tahni,murto m,macfarland crescent,,ryde,,1970-01-01,3220,3220_mu,1241
joshua,kennealy,585.0,bardolph street,garden est,killara,2500,wa,19880210.0,2571059,4402,joshua,kennealy,bardolph street,garden est,killara,wa,1970-01-01,2500,2500_ke,1275
joshua,comlan,1.0,hawkesbury xcrescent,lougmore,penola,620,qld,19010219.0,2855631,25553,joshua,comlan,hawkesbury xcrescent,lougmore,penola,qld,1970-01-01,0620,0620_co,1276
sam,clarke,85.0,couchman crescent,rosetta village,echuca west,5043,vic,19640103.0,6444384,35744,sam,clarke,couchman crescent,rosetta village,echuca west,vic,1970-01-01,5043,5043_cl,1277
lara,slape,11.0,lamingtonj street,rosehill,albany creek,6002,wa,19010927.0,2204711,97201,lara,slape,lamingtonj street,rosehill,albany creek,wa,1970-01-01,6002,6002_sl,1278
joshua,praetz,51.0,hope street,railway cottage,orange,2500,tas,19810324.0,2725904,67798,joshua,praetz,hope street,railway cottage,orange,tas,1970-01-01,2500,2500_pr,1279
benjamin,,8.0,hatters ley court,,mount isa,2480,,19040605.0,1601537,2295,benjamin,,hatters ley court,,mount isa,,1970-01-01,2480,2480_,1280
kirra,riddell,23.0,rene street,,burpengary,2747,qld,19140824.0,2031372,20881,kirra,riddell,rene street,,burpengary,qld,1970-01-01,2747,2747_ri,1281
adriana,beadle,19.0,wakelin circuit,,werrington,4670,vic,19740613.0,1644235,23355,adriana,beadle,wakelin circuit,,werrington,vic,1970-01-01,4670,4670_be,1282
charlptte,shelley,90.0,cromwell circuit,wombat hill,nobl e ark,2026,vic,19780711.0,2664293,26602,charlptte,shelley,cromwell circuit,wombat hill,nobl e ark,vic,1970-01-01,2026,2026_sh,1283
elizabeth,bartel,3.0,garradc ourt,st helens dpstoral co,broken hill,2449,vic,19831127.0,1042252,94409,elizabeth,bartel,garradc ourt,st helens dpstoral co,broken hill,vic,1970-01-01,2449,2449_ba,536
grace,timmermans,18.0,cussenstreet,,preston,2251,wa,19501207.0,6702521,55896,grace,timmermans,cussenstreet,,preston,wa,1970-01-01,2251,2251_ti,123
mauiah,rickett,148.0,sinclairstreet,brumby's run,salisbury east,3070,nsw,19020831.0,3712385,35411,mauiah,rickett,sinclairstreet,brumby's run,salisbury east,nsw,1970-01-01,3070,3070_ri,515
taliah,whites,24.0,hacke place,belgrade park,bayview heights,2299,vic,19590228.0,8872631,78018,taliah,whites,hacke place,belgrade park,bayview heights,vic,1970-01-01,2299,2299_wh,1284
geo rge,artis,,macfarland crescent,tulla burra,springfield,4019,vic,19810320.0,5959224,85840,geo rge,artis,macfarland crescent,tulla burra,springfield,vic,1970-01-01,4019,4019_ar,1285
isabelle,brookhouse,105.0,kavel street,,riverw ood,6010,wa,19200905.0,9060410,43892,isabelle,brookhouse,kavel street,,riverw ood,wa,1970-01-01,6010,6010_br,1286
kayne,gillatd,168.0,bursaria street,,leetoh,2612,nsw,19340427.0,7513599,44376,kayne,gillatd,bursaria street,,leetoh,nsw,1970-01-01,2612,2612_gi,1287
grace,futcher,70.0,burt street,clear creek,mentone,6023,nsw,19361127.0,2333144,69802,grace,futcher,burt street,clear creek,mentone,nsw,1970-01-01,6023,6023_fu,1288
joshua,robson,29.0,windich street,ind ra,lansvale,6153,nsw,19770906.0,5573069,89540,joshua,robson,windich street,ind ra,lansvale,nsw,1970-01-01,6153,6153_ro,1289
ashlie,hinkesman,101.0,melrosewdrive,,coombsbah,2171,qld,19331111.0,8950763,75663,ashlie,hinkesman,melrosewdrive,,coombsbah,qld,1970-01-01,2171,2171_hi,1290
trent,brain,40.0,madigan street,,ekibin,3225,nsw,19700723.0,7357958,59763,trent,brain,madigan street,,ekibin,nsw,1970-01-01,3225,3225_br,1291
dylan,feast,36.0,banvard place,willandra,berkeley vale,4112,vic,19551020.0,8801693,85340,dylan,feast,banvard place,willandra,berkeley vale,vic,1970-01-01,4112,4112_fe,1292
michaela,gabbert,580.0,jandamarra street,goolwa cottage,rochedale south,4113,nsw,19800705.0,6966974,19533,michaela,gabbert,jandamarra street,goolwa cottage,rochedale south,nsw,1970-01-01,4113,4113_ga,1133
jacob,campbell,70.0,beasley street,booroopki park rmb 596,inglewood,4419,nsw,19250802.0,4636616,95183,jacob,campbell,beasley street,booroopki park rmb 596,inglewood,nsw,1970-01-01,4419,4419_ca,1293
heath,nicolle,4.0,bennelong crescent,,page,850,nsw,19510117.0,8094711,50130,heath,nicolle,bennelong crescent,,page,nsw,1970-01-01,0850,0850_ni,1060
sam,web,5.0,deamer crescent,belaradah,daw park,2570,wa,19361215.0,4408444,32944,sam,web,deamer crescent,belaradah,daw park,wa,1970-01-01,2570,2570_we,156
zac,maynard,142.0,spowers circuit,clanville,nambour,3500,vic,19041015.0,8703080,71033,zac,maynard,spowers circuit,clanville,nambour,vic,1970-01-01,3500,3500_ma,1294
ella,collinson,6.0,,bracken leigh,shelley,2870,vic,19830809.0,2204367,38541,ella,collinson,,bracken leigh,shelley,vic,1970-01-01,2870,2870_co,1295
,chandler,7.0,,,greensborough,2017,vic,19900629.0,4596375,56330,,chandler,,,greensborough,vic,1970-01-01,2017,2017_ch,1296
jacob,hassall,33.0,carlile street,torbanlwa,fairzight,3623,nsw,19790619.0,6010042,84506,jacob,hassall,carlile street,torbanlwa,fairzight,nsw,1970-01-01,3623,3623_ha,1182
felicity,,16.0,stuckey place,oaklands village,slacks creek,6050,nsw,19361030.0,6452813,81652,felicity,,stuckey place,oaklands village,slacks creek,nsw,1970-01-01,6050,6050_,1297
bethany,cochrane,10.0,,the wilolws,pennant ihlls,3160,vic,19230122.0,9211271,69989,bethany,cochrane,,the wilolws,pennant ihlls,vic,1970-01-01,3160,3160_co,1298
beau,chandler,10.0,fox plnace,,burwood,4810,tas,19180422.0,4212098,75541,beau,chandler,fox plnace,,burwood,tas,1970-01-01,4810,4810_ch,1299
amper,neumann,6.0,mockridgedcrescent,rockley,hendra,2630,nsw,19881119.0,9872778,21587,amper,neumann,mockridgedcrescent,rockley,hendra,nsw,1970-01-01,2630,2630_ne,1300
anita,liesegang,139.0,fossey street,merrocroft,carole park,5070,vic,19271007.0,6982808,75182,anita,liesegang,fossey street,merrocroft,carole park,vic,1970-01-01,5070,5070_li,1301
daniel,rodaro,1.0,livingst o avenue,st francis room,mooroolbark,3977,qld,19140821.0,8979554,87414,daniel,rodaro,livingst o avenue,st francis room,mooroolbark,qld,1970-01-01,3977,3977_ro,1302
julia,mrvelj,7.0,marr street,woodleigh,keilor east,2526,vic,19590309.0,6464949,13425,julia,mrvelj,marr street,woodleigh,keilor east,vic,1970-01-01,2526,2526_mr,1303
thomas,sariago,199.0,andrew crescent,tathra,auburn,3805,nsw,19921212.0,8352483,43884,thomas,sariago,andrew crescent,tathra,auburn,nsw,1970-01-01,3805,3805_sa,1304
thomas,campbell,1.0,douglas place,bind aree,stoneville,2164,sa,19160805.0,7162936,68856,thomas,campbell,douglas place,bind aree,stoneville,sa,1970-01-01,2164,2164_ca,1305
megan,campbell,16.0,eyre street,cypress garden,cardiff,2026,nsw,19630721.0,2580398,80038,megan,campbell,eyre street,cypress garden,cardiff,nsw,1970-01-01,2026,2026_ca,1202
nell,rochr,15.0,caley crescent,morris arcade,southnperth,4870,vic,19071008.0,8899086,89239,nell,rochr,caley crescent,morris arcade,southnperth,vic,1970-01-01,4870,4870_ro,370
fergus,browne,1.0,couchman crescent,arawang,st kilda east,6023,vic,19261011.0,2020656,38578,fergus,browne,couchman crescent,arawang,st kilda east,vic,1970-01-01,6023,6023_br,1306
tyna,abea,16.0,haines street,,ballarat,2303,nsw,19370412.0,5824612,67612,tyna,abea,haines street,,ballarat,nsw,1970-01-01,2303,2303_ab,1307
ethan,mappas,7.0,wanderer court,dolphin arcade,goonellabah,4055,vic,,8181519,80557,ethan,mappas,wanderer court,dolphin arcade,goonellabah,vic,,4055,4055_ma,1308
william,rudd,10.0,blacklock close,,springvale south,4680,nsw,19260805.0,4968439,11239,william,rudd,blacklock close,,springvale south,nsw,1970-01-01,4680,4680_ru,216
caleb,lund,1.0,dookie treet,,harristown,3218,nsw,19340220.0,3084413,57051,caleb,lund,dookie treet,,harristown,nsw,1970-01-01,3218,3218_lu,1309
daniella,kropinyeri,26.0,sadlier street,mayfair,scarborough,4814,wa,19360715.0,9237540,44966,daniella,kropinyeri,sadlier street,mayfair,scarborough,wa,1970-01-01,4814,4814_kr,1310
,eglinton,24.0,currie crescent,woorinyan,riverwood,3749,qld,19180205.0,9341716,79219,,eglinton,currie crescent,woorinyan,riverwood,qld,1970-01-01,3749,3749_eg,1311
jayde,clarke,73.0,thompson place,sheep station,campbelltown,4350,qld,19690610.0,5792613,22943,jayde,clarke,thompson place,sheep station,campbelltown,qld,1970-01-01,4350,4350_cl,1312
alexander,liddy,9.0,gamban square,,ballina,5090,act,19420222.0,5733739,42100,alexander,liddy,gamban square,,ballina,act,1970-01-01,5090,5090_li,1313
dayna,noble,6.0,wyselaskie circuit,yallambee hostel,whitfield,6007,sa,19990908.0,2375673,83741,dayna,noble,wyselaskie circuit,yallambee hostel,whitfield,sa,1970-01-01,6007,6007_no,1314
heather,white,18.0,doonkuna street,millenium towers,vermiont,3822,vic,19860128.0,6026159,64971,heather,white,doonkuna street,millenium towers,vermiont,vic,1970-01-01,3822,3822_wh,921
jade,cachia,202.0,leven street,francis chambers,toronto,3228,nsw,19250415.0,5898510,51827,jade,cachia,leven street,francis chambers,toronto,nsw,1970-01-01,3228,3228_ca,1315
kaitlin,fitzpatrick,4.0,tenison-woods circuit,navillus,corrimal east,2099,vic,19790109.0,4932458,65595,kaitlin,fitzpatrick,tenison woods circuit,navillus,corrimal east,vic,1970-01-01,2099,2099_fi,1121
chloe,crosthwaite,42.0,ashkanasy crescent,rosedale,canterbury,4125,nsw,19550722.0,8848058,94408,chloe,crosthwaite,ashkanasy crescent,rosedale,canterbury,nsw,1970-01-01,4125,4125_cr,1316
nacoya,white,16.0,blake place,st johnof god hospital,young,3228,nsw,19260826.0,3012061,2094,nacoya,white,blake place,st johnof god hospital,young,nsw,1970-01-01,3228,3228_wh,1317
michaela,deese,16.0,,craigie lv agarden,,2537,nsw,19360507.0,6307936,83396,michaela,deese,,craigie lv agarden,,nsw,1970-01-01,2537,2537_de,124
isabella,pulford,80.0,monaro highway,jarara,beaumaris,2615,nsw,19521225.0,6048503,80872,isabella,pulford,monaro highway,jarara,beaumaris,nsw,1970-01-01,2615,2615_pu,1318
schkirra,walploe,4.0,namadgi icrcuit,rydellan,bibra lake,2234,vic,19560330.0,1950180,22633,schkirra,walploe,namadgi icrcuit,rydellan,bibra lake,vic,1970-01-01,2234,2234_wa,528
dent,bailee,58.0,maddock place,jingara,nowrs,4179,qld,19950112.0,4080299,24051,dent,bailee,maddock place,jingara,nowrs,qld,1970-01-01,4179,4179_ba,1319
wiloiam,lazaroff,21.0,ennis place,millwood,forbqes,7257,qld,19780204.0,8072193,89808,wiloiam,lazaroff,ennis place,millwood,forbqes,qld,1970-01-01,7257,7257_la,1320
,bloomfaield,1277.0,tennyson crescent,holmeleigh,elanora heights,3918,sa,19371004.0,9415994,36017,,bloomfaield,tennyson crescent,holmeleigh,elanora heights,sa,1970-01-01,3918,3918_bl,1321
morrison,nathan,59.0,peppin pace,,eaglehawk,6127,qld,,5567390,20626,morrison,nathan,peppin pace,,eaglehawk,qld,,6127,6127_na,1322
jwd,mcfadden,25.0,selwyn street,cooee,,2765,nhw,19780824.0,7120764,55562,jwd,mcfadden,selwyn street,cooee,,nhw,1970-01-01,2765,2765_mc,1323
oliver,bendyk,84.0,tallara parkway,yarrabin,queensculiff,2148,vic,19100310.0,5851063,60804,oliver,bendyk,tallara parkway,yarrabin,queensculiff,vic,1970-01-01,2148,2148_be,1324
leane,charles,18.0,mentha place,colooli village,keysborough,5211,vic,19870107.0,8426799,23445,leane,charles,mentha place,colooli village,keysborough,vic,1970-01-01,5211,5211_ch,1325
peat,van engelenhoven,36.0,alberga street,arnowod,padstow,2448,nsw,19130109.0,1081903,25109,peat,van engelenhoven,alberga street,arnowod,padstow,nsw,1970-01-01,2448,2448_va,1326
benjamin,,83.0,hattersley court,wintersloe,allambie heights,2480,wa,19040605.0,1601537,80305,benjamin,,hattersley court,wintersloe,allambie heights,wa,1970-01-01,2480,2480_,1280
mia,tamasauskas,11.0,rollston street,riverview terraces,northbridge,6147,nsw,19371109.0,5670356,27240,mia,tamasauskas,rollston street,riverview terraces,northbridge,nsw,1970-01-01,6147,6147_ta,912
joshua,kennesly,585.0,bardolpho street,garden est,greensborough,2500,wa,19880210.0,2571059,71004,joshua,kennesly,bardolpho street,garden est,greensborough,wa,1970-01-01,2500,2500_ke,1275
madelyn,egan,2.0,bourchier close,brentwoodvlge,carcrum,5155,qld,19540426.0,6879986,62995,madelyn,egan,bourchier close,brentwoodvlge,carcrum,qld,1970-01-01,5155,5155_eg,1327
samuel,dorsey,,enid lorimer circuit,st clair park,seaforth,2260,wa,19991030.0,9013163,1630,samuel,dorsey,enid lorimer circuit,st clair park,seaforth,wa,1970-01-01,2260,2260_do,1328
sophie,lovelock,7.0,calder cre scent,,pitt town,3810,nsw,19470413.0,1321061,38707,sophie,lovelock,calder cre scent,,pitt town,nsw,1970-01-01,3810,3810_lo,179
riley,excell,6.0,farrer place,,franktson,3178,nsw,19590124.0,2526809,74311,riley,excell,farrer place,,franktson,nsw,1970-01-01,3178,3178_ex,1329
hugh,moody,89.0,jalanga ceescent,grangemore,rye,4740,qdl,19020220.0,7632147,88154,hugh,moody,jalanga ceescent,grangemore,rye,qdl,1970-01-01,4740,4740_mo,1330
madalyn,gwatking,6.0,bourke street,banksia village,currambine,2164,qld,19950123.0,6483181,3396,madalyn,gwatking,bourke street,banksia village,currambine,qld,1970-01-01,2164,2164_gw,1331
jake,madigan,50.0,,pangani,port pirie,2360,nsw,19110414.0,5751461,38288,jake,madigan,,pangani,port pirie,nsw,1970-01-01,2360,2360_ma,1332
amelia,bishop,24.0,a'beckett street,billamein,st albans,3130,sa,19610317.0,1977731,47725,amelia,bishop,a'beckett street,billamein,st albans,sa,1970-01-01,3130,3130_bi,1333
demie,madigan,,fawkner street,evergreen,bunyip,6076,sa,19940729.0,5071854,48031,demie,madigan,fawkner street,evergreen,bunyip,sa,1970-01-01,6076,6076_ma,548
lucas,ryan,71.0,walker crescent,brackegrae,belrsoe,5024,vic,19840323.0,6311533,35513,lucas,ryan,walker crescent,brackegrae,belrsoe,vic,1970-01-01,5024,5024_ry,1334
aidn,jolly,532.0,mckillop circuit,athlone,moruya,3178,qld,19350310.0,8165777,73601,aidn,jolly,mckillop circuit,athlone,moruya,qld,1970-01-01,3178,3178_jo,1335
joshua,robrson,12.0,windic h sreet,indra,lansvale,6153,nsw,19770906.0,5570369,32034,joshua,robrson,windic h sreet,indra,lansvale,nsw,1970-01-01,6153,6153_ro,1336
campblel,joshua,12.0,ballumbirxtreet,,harbord,3189,vic,19801008.0,6114246,99241,campblel,joshua,ballumbirxtreet,,harbord,vic,1970-01-01,3189,3189_jo,1337
allard,amy,47.0,follett street,oakmont,wilson,2121,vic,19931107.0,9211342,64769,allard,amy,follett street,oakmont,wilson,vic,1970-01-01,2121,2121_am,1338
jarvis,coleman,312.0,anderson street,ngere,north sydney,2486,nsw,19851226.0,3498401,28240,jarvis,coleman,anderson street,ngere,north sydney,nsw,1970-01-01,2486,2486_co,1339
emiily,beams,1.0,tarrabool street,fronda,frenchs forest,2075,qld,19011124.0,6512231,58974,emiily,beams,tarrabool street,fronda,frenchs forest,qld,1970-01-01,2075,2075_be,1340
holly,webb,21.0,,mannafields farm,cooamllo,3047,wa,19361103.0,6664841,37554,holly,webb,,mannafields farm,cooamllo,wa,1970-01-01,3047,3047_we,1341
james,novak,27.0,gepp place,old post office,thornbury,3089,nsw,19030905.0,2945589,62404,james,novak,gepp place,old post office,thornbury,nsw,1970-01-01,3089,3089_no,1342
sophie,nguyen,,namoipkace,kooraegulla,mount colah,2550,nsw,19701117.0,2122377,89125,sophie,nguyen,namoipkace,kooraegulla,mount colah,nsw,1970-01-01,2550,2550_ng,89
msx,morrison,30.0,arlington,yanda street,moonta,2024,qld,19810825.0,6404764,1818,msx,morrison,arlington,yanda street,moonta,qld,1970-01-01,2024,2024_mo,1343
beau,rudd,34.0,andrews street,nerang caravan park,collinsvale,3172,vic,19590709.0,6951593,3456,beau,rudd,andrews street,nerang caravan park,collinsvale,vic,1970-01-01,3172,3172_ru,1344
finn,maczokwiack,32.0,oxley street,bulliac street,wantirna,2196,nt,,4732796,47035,finn,maczokwiack,oxley street,bulliac street,wantirna,nt,,2196,2196_ma,1345
yasmin,white,29.0,hallen close,kings apmts,charlestown,2756,nsw,19260409.0,3971103,17769,yasmin,white,hallen close,kings apmts,charlestown,nsw,1970-01-01,2756,2756_wh,1346
matthew,pavin,28.0,barlow street,,risdon park,2049,nsw,19781210.0,7578895,60497,matthew,pavin,barlow street,,risdon park,nsw,1970-01-01,2049,2049_pa,1347
luke,lauriekr,16.0,dryandra street,ruthvents treet,craig more,4217,nsw,19171211.0,8542355,49995,luke,lauriekr,dryandra street,ruthvents treet,craig more,nsw,1970-01-01,4217,4217_la,1139
breon y,dixon,93.0,downard street,,kellyville,4224,vic,19351022.0,7462490,63219,breon y,dixon,downard street,,kellyville,vic,1970-01-01,4224,4224_di,857
lachlan,hersey,26.0,southern cross drive,teazles,frankston,2065,sa,19620521.0,8117786,2084,lachlan,hersey,southern cross drive,teazles,frankston,sa,1970-01-01,2065,2065_he,868
kailey,musolino,70.0,threlfall street,transvaal,moggs creek,3113,qld,19250303.0,5763144,85138,kailey,musolino,threlfall street,transvaal,moggs creek,qld,1970-01-01,3113,3113_mu,1348
jessica,matthews,52.0,kirkland circuit,namarva station,petersham,4105,nsw,19310610.0,9740917,19354,jessica,matthews,kirkland circuit,namarva station,petersham,nsw,1970-01-01,4105,4105_ma,1349
madelne,ebdel,17.0,amagula avenue,rockwo od,nungurner,5253,sa,19690807.0,7508632,47048,madelne,ebdel,amagula avenue,rockwo od,nungurner,sa,1970-01-01,5253,5253_eb,1350
bayley,wickel,27.0,rushbrook circuit,marloo caravn park,port elliot,2487,nsw,19890721.0,8338862,78037,bayley,wickel,rushbrook circuit,marloo caravn park,port elliot,nsw,1970-01-01,2487,2487_wi,412
sian,crosser,3.0,ashkanasy crescent,miowera,sylvnaia,5042,nsw,19480331.0,3279804,23786,sian,crosser,ashkanasy crescent,miowera,sylvnaia,nsw,1970-01-01,5042,5042_cr,1351
matthew,jenei,1.0,dixon drive,warringa nebraska,cooma,6016,qld,19031029.0,3920810,23630,matthew,jenei,dixon drive,warringa nebraska,cooma,qld,1970-01-01,6016,6016_je,1352
noah,gavmlin,12.0,canningstreet,villa 183,redpa,7622,sa,19091023.0,6693641,55310,noah,gavmlin,canningstreet,villa 183,redpa,sa,1970-01-01,7622,7622_ga,1353
rahcel,byers,17.0,,beroera,palmerston,4740,nsw,19550530.0,6410415,60795,rahcel,byers,,beroera,palmerston,nsw,1970-01-01,4740,4740_by,1354
meagan,mcphie,3.0,groom street,wonba,box hill south,4350,qld,19391002.0,7916971,15419,meagan,mcphie,groom street,wonba,box hill south,qld,1970-01-01,4350,4350_mc,965
rebecca,griptonb,47.0,geerilong garden,,balwyn north,6030,wa,19420626.0,2546284,84343,rebecca,griptonb,geerilong garden,,balwyn north,wa,1970-01-01,6030,6030_gr,1355
hannah,dixon,7.0,ferguson circuit,crown allotment,albury,7253,nsw,19130806.0,1605711,83139,hannah,dixon,ferguson circuit,crown allotment,albury,nsw,1970-01-01,7253,7253_di,1356
john-paul,rawlings,1.0,wattle srteet,,bribie island,4705,nsw,19370602.0,4437023,74131,john paul,rawlings,wattle srteet,,bribie island,nsw,1970-01-01,4705,4705_ra,1357
isaac,mercorella,8.0,,kareela,gingin,2650,vic,19030105.0,3184718,98450,isaac,mercorella,,kareela,gingin,vic,1970-01-01,2650,2650_me,1358
anita,brock,168.0,canaway place,rosetta village,mount warren park,2049,qld,19540610.0,4746605,81854,anita,brock,canaway place,rosetta village,mount warren park,qld,1970-01-01,2049,2049_br,1359
maya,greqen,20.0,louisa laws on crescent,cargo road,bligh park,2560,wa,19790228.0,5349388,33922,maya,greqen,louisa laws on crescent,cargo road,bligh park,wa,1970-01-01,2560,2560_gr,1360
joshua,white,12.0,windich street,indra,lansvale,6153,nsw,19770906.0,5573069,34901,joshua,white,windich street,indra,lansvale,nsw,1970-01-01,6153,6153_wh,1361
carlin,dabient,8.0,holdenplace,swinger hill,southern river,2730,sa,19550806.0,9757461,41660,carlin,dabient,holdenplace,swinger hill,southern river,sa,1970-01-01,2730,2730_da,758
harry,george,8.0,weetman place,southbidge,berrima,6233,nsw,19090420.0,9190538,23804,harry,george,weetman place,southbidge,berrima,nsw,1970-01-01,6233,6233_ge,1362
,stephenson,15.0,andrew crescent,perido n vlge,bundabrg,3915,wa,19290727.0,1838569,35230,,stephenson,andrew crescent,perido n vlge,bundabrg,wa,1970-01-01,3915,3915_st,1363
harrison,campian,34.0,ossa plqce,,mooroolbark,6154,vic,19870409.0,4394472,83840,harrison,campian,ossa plqce,,mooroolbark,vic,1970-01-01,6154,6154_ca,1364
isabelle,,,doubtgl ck,yarralumla bay,lake gradens,5097,nsw,19071213.0,5828625,81936,isabelle,,doubtgl ck,yarralumla bay,lake gradens,nsw,1970-01-01,5097,5097_,1365
nicholas,cavanaugh,9.0,rodway street,canberra hse,cronulla,3130,wa,19560111.0,2181923,34305,nicholas,cavanaugh,rodway street,canberra hse,cronulla,wa,1970-01-01,3130,3130_ca,1366
isabelle,brookhouse,105.0,kavel street,c/-the studett village,riverwood,6015,wa,19490403.0,9060410,73361,isabelle,brookhouse,kavel street,c the studett village,riverwood,wa,1970-01-01,6015,6015_br,1367
flynn,cres,,nambucca street,,sandy bay,2768,vic,19761117.0,2624663,21239,flynn,cres,nambucca street,,sandy bay,vic,1970-01-01,2768,2768_cr,694
emiily,louca,174.0,mackellar crescent,warrigunya,burleigh heads,2194,nsw,19321023.0,9973896,3214,emiily,louca,mackellar crescent,warrigunya,burleigh heads,nsw,1970-01-01,2194,2194_lo,1368
isabella,crossman,101.0,benny place,bunya highway,warnbro,4006,qld,19811104.0,4591944,58689,isabella,crossman,benny place,bunya highway,warnbro,qld,1970-01-01,4006,4006_cr,1369
benjamin,mugo,302.0,peat place,arlington,frankston,4518,nsw,19101008.0,5994946,8318,benjamin,mugo,peat place,arlington,frankston,nsw,1970-01-01,4518,4518_mu,133
holly,green,3.0,larpent street,brentwood vlge,ormond,2101,vic,19410114.0,1092994,40005,holly,green,larpent street,brentwood vlge,ormond,vic,1970-01-01,2101,2101_gr,1370
michael,broadby,16.0,burrinjuck crescent,duck creek,geraldton,2043,qld,19020812.0,8129823,11392,michael,broadby,burrinjuck crescent,duck creek,geraldton,qld,1970-01-01,2043,2043_br,1371
spyke,karlen,4.0,northam street,aptmt 206,southbank,2320,wa,19641029.0,5567470,75496,spyke,karlen,northam street,aptmt 206,southbank,wa,1970-01-01,2320,2320_ka,1015
tayla,braithwaite,40.0,wilcox place,,toowoomba,4019,vic,19680225.0,3015649,78045,tayla,braithwaite,wilcox place,,toowoomba,vic,1970-01-01,4019,4019_br,1372
joel,mellick,74.0,darmody street,hopetoun quays,bayswater,2089,nsw,,4006892,97151,joel,mellick,darmody street,hopetoun quays,bayswater,nsw,,2089,2089_me,1373
sachin,stephenson,81.0,rose scott circuit,cordoba manor,ashfi eld,4226,vic,19461101.0,4783085,16199,sachin,stephenson,rose scott circuit,cordoba manor,ashfi eld,vic,1970-01-01,4226,4226_st,1374
daniel,baynes,192.0,alsop close,snug beach cvn park,longreach,2145,vic,19760501.0,3975116,38374,daniel,baynes,alsop close,snug beach cvn park,longreach,vic,1970-01-01,2145,2145_ba,1375
abbie,kyriacou,257.0,holmes credscent,ferncl iff,horsley,2138,vic,19900510.0,5417288,6524,abbie,kyriacou,holmes credscent,ferncl iff,horsley,vic,1970-01-01,2138,2138_ky,1376
erin,scarce,148.0,bugden avenue,else wares,como,3216,sa,19250903.0,8148252,42357,erin,scarce,bugden avenue,else wares,como,sa,1970-01-01,3216,3216_sc,1377
logan,green,11.0,marlock street,kersley mews,anula,6233,nsw,19440514.0,2837625,39142,logan,green,marlock street,kersley mews,anula,nsw,1970-01-01,6233,6233_gr,219
joel,tyner,25.0,corringle close,,yoogali,3018,wa,19831216.0,7644003,59249,joel,tyner,corringle close,,yoogali,wa,1970-01-01,3018,3018_ty,1378
david,hudy,40.0,mina wyli e crescent,,thornbury,3281,qld,19840327.0,3069553,25534,david,hudy,mina wyli e crescent,,thornbury,qld,1970-01-01,3281,3281_hu,752
zachariah,walkley,55.0,thornhill vcrescent,brentwood vlge,little mountain,2283,tas,19710311.0,9623159,3861,zachariah,walkley,thornhill vcrescent,brentwood vlge,little mountain,tas,1970-01-01,2283,2283_wa,1379
isabeel,,23.0,gundulu place,cur ringa,utakarra,2193,wa,19921119.0,4314184,96605,isabeel,,gundulu place,cur ringa,utakarra,wa,1970-01-01,2193,2193_,3
eliza,tififn,8.0,brawn place,unt1 9a,northbridge,2017,vic,19131019.0,9311089,85812,eliza,tififn,brawn place,unt1 9a,northbridge,vic,1970-01-01,2017,2017_ti,304
daniel,gibb,,warragamba avenue,qbd bldg,ceguna,6064,vic,19070224.0,9071156,73702,daniel,gibb,warragamba avenue,qbd bldg,ceguna,vic,1970-01-01,6064,6064_gi,1380
katelyn,ryan,11.0,newman morris circuit,rsde302,wongarra,3011,qld,,2290010,95423,katelyn,ryan,newman morris circuit,rsde302,wongarra,qld,,3011,3011_ry,1381
nicole,needham,5.0,kooringal,little laura,wowan,4670,vic,19560504.0,8844332,79860,nicole,needham,kooringal,little laura,wowan,vic,1970-01-01,4670,4670_ne,1382
lauren,frahn,5.0,solomon crescent,stoney rceek,leichhardt,2570,vic,19180701.0,3134475,16728,lauren,frahn,solomon crescent,stoney rceek,leichhardt,vic,1970-01-01,2570,2570_fr,843
hayden,wyllie,17.0,howie court,barra barroo,north maclean,6210,vic,19611221.0,5687428,13562,hayden,wyllie,howie court,barra barroo,north maclean,vic,1970-01-01,6210,6210_wy,1383
nasyah,rawlings,15.0,andrew crescent,peridon vlge,bundaberg,3915,wa,19290727.0,1838569,88225,nasyah,rawlings,andrew crescent,peridon vlge,bundaberg,wa,1970-01-01,3915,3915_ra,1384
willow,bennell,82.0,holyman street,walea,wetherill park,3030,qld,19330323.0,6683840,51691,willow,bennell,holyman street,walea,wetherill park,qld,1970-01-01,3030,3030_be,1385
harry,stubbs,1.0,mountain creek road,nuffield village,eatin,7301,vic,19721113.0,8317467,33143,harry,stubbs,mountain creek road,nuffield village,eatin,vic,1970-01-01,7301,7301_st,1386
maxi,hewson,48.0,ammon place,inglewood,ivauhoe,5048,vic,19781215.0,5311119,63226,maxi,hewson,ammon place,inglewood,ivauhoe,vic,1970-01-01,5048,5048_he,1387
vendula,webb,31.0,molloy crescent,gwanalan,clayton,2608,nsw,19350812.0,7308373,85175,vendula,webb,molloy crescent,gwanalan,clayton,nsw,1970-01-01,2608,2608_we,1388
giaan,blackwell,4.0,kleinig s treet,port 262,biggera waters,2250,nsw,19770512.0,6179681,81404,giaan,blackwell,kleinig s treet,port 262,biggera waters,nsw,1970-01-01,2250,2250_bl,1350
jordyn,lanyon,287.0,,,mona vale,6230,qld,19161215.0,9181688,29174,jordyn,lanyon,,,mona vale,qld,1970-01-01,6230,6230_la,1389
roisin,bishop,32.0,manning s treet,roseglen,mount colah,2076,vic,19481220.0,9469770,77735,roisin,bishop,manning s treet,roseglen,mount colah,vic,1970-01-01,2076,2076_bi,1390
liam,waller,,blacket street,old purrwaunda,st kilda east,3221,wa,19920706.0,7876568,57962,liam,waller,blacket street,old purrwaunda,st kilda east,wa,1970-01-01,3221,3221_wa,1391
silas,laing,49.0,bushby close,wisteria,padstow,2335,qld,19470307.0,2948154,4107,silas,laing,bushby close,wisteria,padstow,qld,1970-01-01,2335,2335_la,1392
ryan,joel,26.0,lance hill avenue,cameroo,forest hill,3070,nsw,19720615.0,7563426,49749,ryan,joel,lance hill avenue,cameroo,forest hill,nsw,1970-01-01,3070,3070_jo,1393
tai,tows,16.0,badimara street,kodooto nga,maitland,4818,vic,19810610.0,5213349,41828,tai,tows,badimara street,kodooto nga,maitland,vic,1970-01-01,4818,4818_to,1394
julia,gascoigne,43.0,langdon avenue,clarkwood,st clair,5163,nsw,19090104.0,4002260,38859,julia,gascoigne,langdon avenue,clarkwood,st clair,nsw,1970-01-01,5163,5163_ga,1395
hannah,egan,26.0,kiewa street,glenanare,granville,2035,vic,19190603.0,1427616,94392,hannah,egan,kiewa street,glenanare,granville,vic,1970-01-01,2035,2035_eg,1396
oliver,blake,8.0,outtrim avenue,hd allenby,st lucia,2298,qld,19891203.0,4307988,73025,oliver,blake,outtrim avenue,hd allenby,st lucia,qld,1970-01-01,2298,2298_bl,881
isabella,gilbertson,67.0,boswell crescent,,morwell,4074,nsw,19111011.0,9304242,14877,isabella,gilbertson,boswell crescent,,morwell,nsw,1970-01-01,4074,4074_gi,1397
kyle,minards,23.0,beetaloo street,old post ffice,downet,3996,wa,19180430.0,9745200,24759,kyle,minards,beetaloo street,old post ffice,downet,wa,1970-01-01,3996,3996_mi,392
webb,xani,5.0,len waters street,willmont park,landsborough,2617,wa,19911101.0,8286026,26466,webb,xani,len waters street,willmont park,landsborough,wa,1970-01-01,2617,2617_xa,1398
cameron,jessup,19.0,spofforth street,walkers orchard,moree,2208,qld,19561117.0,6804360,69372,cameron,jessup,spofforth street,walkers orchard,moree,qld,1970-01-01,2208,2208_je,1197
lucas,campbell,56.0,dyett circuit,kooyong,wangatatta,2594,vic,19520124.0,3068374,19158,lucas,campbell,dyett circuit,kooyong,wangatatta,vic,1970-01-01,2594,2594_ca,1399
seth,wittchen,8.0,barnett close,ronob ri,bonnells bay,2295,vic,19920618.0,9662319,61660,seth,wittchen,barnett close,ronob ri,bonnells bay,vic,1970-01-01,2295,2295_wi,1400
chelsea,o'day,115.0,,woodleigh,woodlands,3179,nws,19060726.0,9669480,9340,chelsea,o'day,,woodleigh,woodlands,nws,1970-01-01,3179,3179_o',1401
adam,thorpe,11.0,kirkland circuit,warrawong,,2192,act,19940623.0,7493662,4852,adam,thorpe,kirkland circuit,warrawong,,act,1970-01-01,2192,2192_th,1402
ellie,campbell,37.0,douglas place,port hedland regoinal hospital,corio,7008,wa,19380331.0,4597845,28392,ellie,campbell,douglas place,port hedland regoinal hospital,corio,wa,1970-01-01,7008,7008_ca,1403
jasmine,aldreson,287.0,casuarina street,,toowoobba,3610,nsw,19680723.0,7864178,64580,jasmine,aldreson,casuarina street,,toowoobba,nsw,1970-01-01,3610,3610_al,1404
liam,beaty,88.0,bunker place,legacy vlge,ballina,5109,nsw,19370727.0,6718296,40100,liam,beaty,bunker place,legacy vlge,ballina,nsw,1970-01-01,5109,5109_be,1405
trey,whitee,,needham place,mcivor hluse,lilydale,4810,qld,19740724.0,7008048,68227,trey,whitee,needham place,mcivor hluse,lilydale,qld,1970-01-01,4810,4810_wh,1120
aidan,blackwell,24.0,eddy crscent,,white patch,2121,vic,19190807.0,5406026,57700,aidan,blackwell,eddy crscent,,white patch,vic,1970-01-01,2121,2121_bl,1406
aidsn,horsley,25.0,rosenthal street,wattle brae,irvingdale,3082,vic,,9900834,25789,aidsn,horsley,rosenthal street,wattle brae,irvingdale,vic,,3082,3082_ho,1407
,rundle,32.0,beaumon tclose,,coonabarabran,4024,vic,19640105.0,8384590,53138,,rundle,beaumon tclose,,coonabarabran,vic,1970-01-01,4024,4024_ru,1408
lachlan,tebbutt,457.0,jim pike avenue,bendarra,lemon tree passage,3233,nsw,19680108.0,5272646,75263,lachlan,tebbutt,jim pike avenue,bendarra,lemon tree passage,nsw,1970-01-01,3233,3233_te,1409
yasmin,quilliam,45.0,mcculloch street,brackengrae,hurstbridge,5107,sa,,5083417,63406,yasmin,quilliam,mcculloch street,brackengrae,hurstbridge,sa,,5107,5107_qu,1410
luc y,webb,5.0,rischbiethw crescent,fred leam hostel,pimlico,2619,qld,19310329.0,3228335,15719,luc y,webb,rischbiethw crescent,fred leam hostel,pimlico,qld,1970-01-01,2619,2619_we,1411
nathan,challenor,1.0,wellington street,kinross farm,,5109,vic,19600113.0,2692439,74840,nathan,challenor,wellington street,kinross farm,,vic,1970-01-01,5109,5109_ch,1412
lachlan,spratt,8.0,ellenborough street,rosemount,waramanga,2077,qld,19901009.0,5623128,51785,lachlan,spratt,ellenborough street,rosemount,waramanga,qld,1970-01-01,2077,2077_sp,1413
robert,mccarthy,9.0,gudgenby close,ocean star villas,cairns,3450,nsw,19070923.0,5234558,55518,robert,mccarthy,gudgenby close,ocean star villas,cairns,nsw,1970-01-01,3450,3450_mc,352
benjamin,white,1.0,greenhills,kitchenertreet,minchinbury,4109,wa,19260828.0,1069868,91123,benjamin,white,greenhills,kitchenertreet,minchinbury,wa,1970-01-01,4109,4109_wh,1414
makenzi,nirta,8.0,leahy close,blue crane farm,speawrood,4487,sa,19701002.0,1655073,44283,makenzi,nirta,leahy close,blue crane farm,speawrood,sa,1970-01-01,4487,4487_ni,1415
alexa-rxose,whit,22.0,warrego circuit,,bayswater,3004,nt,19160822.0,2502613,67570,alexa rxose,whit,warrego circuit,,bayswater,nt,1970-01-01,3004,3004_wh,1416
benjaminl,carbone,18.0,arthella,wattle s treet,orange,3550,vic,19050820.0,3677127,74322,benjaminl,carbone,arthella,wattle s treet,orange,vic,1970-01-01,3550,3550_ca,1417
shandril,bristow,117.0,william wnbb drive,locn0 1045,emu plains,4868,vic,,7819868,13826,shandril,bristow,william wnbb drive,locn0 1045,emu plains,vic,,4868,4868_br,1418
joshua,schembi,17.0,raoul place,croyde,dulwich hill,2574,vic,19670914.0,2944236,68739,joshua,schembi,raoul place,croyde,dulwich hill,vic,1970-01-01,2574,2574_sc,1419
dale,ottensv,44.0,freda bennett circuit,antigua,wingham,5290,sa,19421010.0,8176920,79909,dale,ottensv,freda bennett circuit,antigua,wingham,sa,1970-01-01,5290,5290_ot,1420
jasmine,campbell,639.0,rawlings place,donald coburn lodg,narellan,7250,sa,19550613.0,8692804,33496,jasmine,campbell,rawlings place,donald coburn lodg,narellan,sa,1970-01-01,7250,7250_ca,1421
carlin,ballantyne,102.0,wynter place,belmorer iver,labertouche,4214,vic,19960209.0,3163579,26505,carlin,ballantyne,wynter place,belmorer iver,labertouche,vic,1970-01-01,4214,4214_ba,1422
brock,reid,70.0,,nevah farm,bayswater north,3128,vic,19980402.0,6892786,9744,brock,reid,,nevah farm,bayswater north,vic,1970-01-01,3128,3128_re,1423
aimee,fitzpatrick,103.0,kookaburra village,rubbo crepcent,annandale,3150,sa,19800311.0,8534023,63282,aimee,fitzpatrick,kookaburra village,rubbo crepcent,annandale,sa,1970-01-01,3150,3150_fi,1424
william,dowley,8.0,terewah circuit,bringalong,poolaijelo,4108,sa,19100915.0,7001131,13591,william,dowley,terewah circuit,bringalong,poolaijelo,sa,1970-01-01,4108,4108_do,745
cooper,praetz,37.0,roughsey place,lakefront retrmnt vlge,bacchus marsh,3300,nsw,19361201.0,1901255,64682,cooper,praetz,roughsey place,lakefront retrmnt vlge,bacchus marsh,nsw,1970-01-01,3300,3300_pr,1425
bellamy,mitchell,4.0,bolaro,arthur ycircle,coonalpyn,6210,vic,19710203.0,1090549,3359,bellamy,mitchell,bolaro,arthur ycircle,coonalpyn,vic,1970-01-01,6210,6210_mi,1426
abbie,silson,98.0,mcdonnell close,bendine road,kirra,7250,,19561125.0,6677177,92105,abbie,silson,mcdonnell close,bendine road,kirra,,1970-01-01,7250,7250_si,1427
hannah,auch-schwelk,199.0,beauchamp street,mindaree,camira,6021,qld,19830702.0,4902391,40886,hannah,auch schwelk,beauchamp street,mindaree,camira,qld,1970-01-01,6021,6021_au,357
chelsea,hefford,10.0,tenison-woods circuit,elvenwood,shelley,4121,nsw,19161113.0,4480743,86384,chelsea,hefford,tenison woods circuit,elvenwood,shelley,nsw,1970-01-01,4121,4121_he,1428
madison,shortman,13.0,french street,kaluna,elizabeth grove,3173,vic,19500918.0,9365464,34617,madison,shortman,french street,kaluna,elizabeth grove,vic,1970-01-01,3173,3173_sh,1429
samuel,jolly,35.0,lorimer place,,collie,3222,sa,19690129.0,8160192,3465,samuel,jolly,lorimer place,,collie,sa,1970-01-01,3222,3222_jo,1430
diaomlnd,bishoe,22.0,mcbryde crescent,cama ta,valley view,2049,nsw,,1088643,49755,diaomlnd,bishoe,mcbryde crescent,cama ta,valley view,nsw,,2049,2049_bi,1431
callum,camens,29.0,latchford street,northwestmedical centre,cloverdale,2481,tas,19810925.0,5181189,26842,callum,camens,latchford street,northwestmedical centre,cloverdale,tas,1970-01-01,2481,2481_ca,660
breeanne,dibben,6.0,collicot t circuit,berkley lodge,loganholme,2317,nsw,19241203.0,6261894,1460,breeanne,dibben,collicot t circuit,berkley lodge,loganholme,nsw,1970-01-01,2317,2317_di,823
alex,widdowson,6.0,brewster place,clonturle,oakleigh,3042,vic,19191108.0,1494593,61975,alex,widdowson,brewster place,clonturle,oakleigh,vic,1970-01-01,3042,3042_wi,1432
daniel,tow,20.0,william webb drive,glenlee,blakeview,5089,sa,19310724.0,9926473,74265,daniel,tow,william webb drive,glenlee,blakeview,sa,1970-01-01,5089,5089_to,1433
callum,doody,137.0,texas station,emery sytreet,matraville,7021,sa,19760824.0,8675161,40194,callum,doody,texas station,emery sytreet,matraville,sa,1970-01-01,7021,7021_do,1434
sophie,hobson,113.0,wilkins street,environa,padstow,3429,vic,19251103.0,4286830,48237,sophie,hobson,wilkins street,environa,padstow,vic,1970-01-01,3429,3429_ho,827
harrison,schuamnn,24.0,monaro crescent,donnelly rvr villg,oakleigh,2280,nsw,19991013.0,9551413,35505,harrison,schuamnn,monaro crescent,donnelly rvr villg,oakleigh,nsw,1970-01-01,2280,2280_sc,194
ayden,whitez,7.0,oceanpark towers,dines place,garran,2506,vic,,7585098,17173,ayden,whitez,oceanpark towers,dines place,garran,vic,,2506,2506_wh,1435
davdi,mccracken,91.0,daley crescent,,mayfield,3629,nsw,19850917.0,9195151,95246,davdi,mccracken,daley crescent,,mayfield,nsw,1970-01-01,3629,3629_mc,174
jinni,ongley,5.0,derrington crescent,mt sturt,coombabah,6007,vic,19200511.0,1805536,92886,jinni,ongley,derrington crescent,mt sturt,coombabah,vic,1970-01-01,6007,6007_on,1436
seng,will,36.0,jim pikna venue,warilei,yengarie,5540,qld,19510103.0,1604410,43056,seng,will,jim pikna venue,warilei,yengarie,qld,1970-01-01,5540,5540_wi,1437
oliviq,hobson,78.0,summit cottage,louis loderb street,kaleen,4870,nsw,19760812.0,4535695,27200,oliviq,hobson,summit cottage,louis loderb street,kaleen,nsw,1970-01-01,4870,4870_ho,1438
isabelle,kaminskas,6.0,isis close,westholme,port augusta,2765,qld,19060622.0,5344955,97548,isabelle,kaminskas,isis close,westholme,port augusta,qld,1970-01-01,2765,2765_ka,64
anton,dorree,42.0,riordan street,clayton farm,woongoolba,5008,nsw,19451025.0,4595523,23966,anton,dorree,riordan street,clayton farm,woongoolba,nsw,1970-01-01,5008,5008_do,1439
katie,polowy,65.0,,,keysboorugh,5255,vic,19990516.0,7701614,64315,katie,polowy,,,keysboorugh,vic,1970-01-01,5255,5255_po,1440
kimberley,campbell,18.0,delprat circuit,umavale,allambie heights,2485,sa,19561008.0,2172495,92977,kimberley,campbell,delprat circuit,umavale,allambie heights,sa,1970-01-01,2485,2485_ca,1441
connor,ryan,2.0,pinkstone place,glenview homes,granville,3216,vic,19930927.0,4995039,41853,connor,ryan,pinkstone place,glenview homes,granville,vic,1970-01-01,3216,3216_ry,1442
gloster,mia,24.0,farrer poace,,frankston,3718,nsw,19590124.0,2526809,17152,gloster,mia,farrer poace,,frankston,nsw,1970-01-01,3718,3718_mi,1443
nicholas,herbert,46.0,launceston street,lytton,terrigal,822,vic,19611007.0,1509353,76595,nicholas,herbert,launceston street,lytton,terrigal,vic,1970-01-01,0822,0822_he,1444
emiily,richjond,135.0,kalgoorlie crescent,peppertree,lilydale,3031,nsw,19590607.0,5444497,68736,emiily,richjond,kalgoorlie crescent,peppertree,lilydale,nsw,1970-01-01,3031,3031_ri,649
alexandra,howe,26.0,clancy street,terr anora,goodwood,3033,sa,19551111.0,4104594,4247,alexandra,howe,clancy street,terr anora,goodwood,sa,1970-01-01,3033,3033_ho,1445
tiarna,reid,147.0,dines place,brentwood vlge,booval,2250,vic,19820122.0,4863287,72759,tiarna,reid,dines place,brentwood vlge,booval,vic,1970-01-01,2250,2250_re,1446
,held,24.0,lampard circuit,emerald garden,golden bay,2447,vic,19510806.0,3710651,73143,,held,lampard circuit,emerald garden,golden bay,vic,1970-01-01,2447,2447_he,1447
bibb,madeleine,22.0,henty street,walea,nambour,4500,tas,19970902.0,9875423,9183,bibb,madeleine,henty street,walea,nambour,tas,1970-01-01,4500,4500_ma,1448
deakin,boyle,10.0,bremer street,lochanbrae,lake cathie,4114,qld,19481020.0,3706521,23662,deakin,boyle,bremer street,lochanbrae,lake cathie,qld,1970-01-01,4114,4114_bo,1449
wvite,isabella,74.0,montgomer place,short st (cnr first ae) & albion park r,para hills,3149,sa,19380127.0,1518649,18696,wvite,isabella,montgomer place,short st cnr first ae albion park r,para hills,sa,1970-01-01,3149,3149_is,1450
noah,weavell,,barton hihhway,eveston park,new town,3934,tas,19980505.0,7187048,41439,noah,weavell,barton hihhway,eveston park,new town,tas,1970-01-01,3934,3934_we,1451
claire,barberien,29.0,melrose drive,lindenow cottage,shenton park,4740,vic,19651012.0,2376610,98807,claire,barberien,melrose drive,lindenow cottage,shenton park,vic,1970-01-01,4740,4740_ba,1452
adriana,beadle,19.0,wakelin circuit,green lagoon,werrington,4670,vic,19740613.0,1644235,3376,adriana,beadle,wakelin circuit,green lagoon,werrington,vic,1970-01-01,4670,4670_be,1282
seth,george,23.0,nicholas street,,yarraville,2073,qld,19900608.0,9344229,81990,seth,george,nicholas street,,yarraville,qld,1970-01-01,2073,2073_ge,445
brydee,westermann,13.0,burkit street,,banks,3350,vic,19910126.0,1387965,94575,brydee,westermann,burkit street,,banks,vic,1970-01-01,3350,3350_we,1453
isabella,coon,111.0,brindabella stn,norillee,byford,3165,qld,19370218.0,1040781,54985,isabella,coon,brindabella stn,norillee,byford,qld,1970-01-01,3165,3165_co,1454
amy,ryan,39.0,moodie street,st francis vlge,ballarat,4701,nsw,19841029.0,1163615,785,amy,ryan,moodie street,st francis vlge,ballarat,nsw,1970-01-01,4701,4701_ry,347
dominic,flockhart,2.0,oxley street,clear creek,northgate,3000,wa,19890621.0,5173538,28632,dominic,flockhart,oxley street,clear creek,northgate,wa,1970-01-01,3000,3000_fl,149
giuliana,hann,91.0,rowethorpe,vanzettiecrescent,burwood east,3088,vic,19351025.0,5468422,92215,giuliana,hann,rowethorpe,vanzettiecrescent,burwood east,vic,1970-01-01,3088,3088_ha,1455
shak,ang,7.0,buckley circuit,,toowoomba,6027,nsw,19770121.0,8352082,56108,shak,ang,buckley circuit,,toowoomba,nsw,1970-01-01,6027,6027_an,1456
thomas,keatch,27.0,charlton crescent,2nd last on right,malvern east,4737,qld,19410505.0,9162716,27671,thomas,keatch,charlton crescent,2nd last on right,malvern east,qld,1970-01-01,4737,4737_ke,1457
annabelle,coudraye,13.0,pring place,,urangan,6168,nsw,19120322.0,4375836,15644,annabelle,coudraye,pring place,,urangan,nsw,1970-01-01,6168,6168_co,1458
adam,guymer,125.0,lawlor place,dickson family practice,terowie,4405,nsw,19600111.0,6151152,95756,adam,guymer,lawlor place,dickson family practice,terowie,nsw,1970-01-01,4405,4405_gu,1459
zachary,,14.0,teakle place,the buowery,yarram,2299,sa,19100817.0,4968103,72630,zachary,,teakle place,the buowery,yarram,sa,1970-01-01,2299,2299_,369
michaela,deees,16.0,leason close,craigie la garden,charlestown,2537,nsw,19360507.0,6307936,56783,michaela,deees,leason close,craigie la garden,charlestown,nsw,1970-01-01,2537,2537_de,1460
holly,green,13.0,national circuit,,mclaren vale,2074,nsw,19401213.0,7853593,60416,holly,green,national circuit,,mclaren vale,nsw,1970-01-01,2074,2074_gr,1461
isabelle,hannagan,12.0,mundawari vcircuit,nimmie,kaleen,2632,vic,19130118.0,8794152,72363,isabelle,hannagan,mundawari vcircuit,nimmie,kaleen,vic,1970-01-01,2632,2632_ha,1462
gabriel,mccracken,5.0,,flr 5 john flynn medical centre,blighp ark,4814,nsw,19570529.0,6092940,66588,gabriel,mccracken,,flr 5 john flynn medical centre,blighp ark,nsw,1970-01-01,4814,4814_mc,1463
isaac,clark,12.0,armytagecircuit,oaklands village,coffs harbour,3636,vic,19570425.0,9451125,12087,isaac,clark,armytagecircuit,oaklands village,coffs harbour,vic,1970-01-01,3636,3636_cl,126
tegan,crossman,53.0,hazelwoodpgarden,rocklands street,highton,3996,vic,19490414.0,4302040,80447,tegan,crossman,hazelwoodpgarden,rocklands street,highton,vic,1970-01-01,3996,3996_cr,1464
mia,elawn,19.0,macgregor street,roseadle,belmont,4703,vic,19990330.0,9541559,32019,mia,elawn,macgregor street,roseadle,belmont,vic,1970-01-01,4703,4703_el,341
kayden,gao,10.0,kater place,table mountain,clifton,4160,sa,19360515.0,2014515,37465,kayden,gao,kater place,table mountain,clifton,sa,1970-01-01,4160,4160_ga,1465
erin,kerslake,19.0,daintree crescent,mountain view village,isle of cgpri,2062,nsw,19910805.0,5753438,65241,erin,kerslake,daintree crescent,mountain view village,isle of cgpri,nsw,1970-01-01,2062,2062_ke,1103
ewan,wittchen,8.0,barnett close,ronob ri,bonnells bay,2295,vic,19920618.0,9662319,68284,ewan,wittchen,barnett close,ronob ri,bonnells bay,vic,1970-01-01,2295,2295_wi,1400
nicholas,snell,135.0,quick street,kamilaroi cottage,beaumaris,2148,nsw,19190712.0,7864865,13475,nicholas,snell,quick street,kamilaroi cottage,beaumaris,nsw,1970-01-01,2148,2148_sn,1466
nicholas,plesa,85.0,yerrac o urt,cnjla mntn,springfield,3128,nsw,19000520.0,4417121,70568,nicholas,plesa,yerrac o urt,cnjla mntn,springfield,nsw,1970-01-01,3128,3128_pl,1467
quilliam,chelsea,41.0,,,rosewhite,2217,nsw,19531012.0,9096288,95458,quilliam,chelsea,,,rosewhite,nsw,1970-01-01,2217,2217_ch,935
thomas,mason,70.0,willoughbt crescent,spq caump,avalon,6117,qld,,2444851,46758,thomas,mason,willoughbt crescent,spq caump,avalon,qld,,6117,6117_ma,1468
james,white,38.0,launceston street,mariner views,goonellabah,2586,nsw,19981011.0,5225315,15088,james,white,launceston street,mariner views,goonellabah,nsw,1970-01-01,2586,2586_wh,1469
sybella,veit,46.0,giliruk crescent,surfers hawaiian,oakleigh,2176,qld,19760820.0,4954196,35645,sybella,veit,giliruk crescent,surfers hawaiian,oakleigh,qld,1970-01-01,2176,2176_ve,1470
tommy,,,albermarle place,hamilton central,scarness,6318,vic,19170312.0,5797844,31887,tommy,,albermarle place,hamilton central,scarness,vic,1970-01-01,6318,6318_,1471
jaime,musolino,51.0,elliott street,kildatra,bedfodrale,2081,qld,19631110.0,8789539,97904,jaime,musolino,elliott street,kildatra,bedfodrale,qld,1970-01-01,2081,2081_mu,1472
chloe,arneil,113.0,pullenstreet,blue hills,belmont,4883,nsw,19951224.0,4389592,79796,chloe,arneil,pullenstreet,blue hills,belmont,nsw,1970-01-01,4883,4883_ar,332
tjlia,oliveri,72.0,ankaa place,westleugh,mosman,3311,qld,19020831.0,8405432,72380,tjlia,oliveri,ankaa place,westleugh,mosman,qld,1970-01-01,3311,3311_ol,1473
gabrielle,phillpott,1.0,barr-smith avenue,,blackall,2016,sa,19300724.0,6603228,20494,gabrielle,phillpott,barr smith avenue,,blackall,sa,1970-01-01,2016,2016_ph,1474
jean-lcaude,white,192.0,noelryan garden,bowillia court,glengowrie,7018,nws,19400918.0,9764411,49317,jean lcaude,white,noelryan garden,bowillia court,glengowrie,nws,1970-01-01,7018,7018_wh,1475
erin,papageorgiou,30.0,elimatta street,glenview,woollahra,4051,nsw,19980305.0,9041936,14979,erin,papageorgiou,elimatta street,glenview,woollahra,nsw,1970-01-01,4051,4051_pa,1476
john-paul,rawlings,1.0,wattle street,kings school,bribie island,4750,nsw,19370602.0,4437023,56277,john paul,rawlings,wattle street,kings school,bribie island,nsw,1970-01-01,4750,4750_ra,1477
logan,campbell,12.0,degraves rescent,numby,bendayong,3249,qld,19771103.0,5401331,80292,logan,campbell,degraves rescent,numby,bendayong,qld,1970-01-01,3249,3249_ca,1478
caitlin,hage,158.0,chave street,rajamare,altona north,3192,vic,19570825.0,8882696,27725,caitlin,hage,chave street,rajamare,altona north,vic,1970-01-01,3192,3192_ha,1479
arabella,stubbs,1.0,ringrose cgrescent,,st huberts island,5007,wa,19261116.0,7685033,63623,arabella,stubbs,ringrose cgrescent,,st huberts island,wa,1970-01-01,5007,5007_st,1480
alex,widdowson,6.0,brewster place,clonturkle,oakleigh,3042,vic,19191108.0,1494593,54353,alex,widdowson,brewster place,clonturkle,oakleigh,vic,1970-01-01,3042,3042_wi,1432
charlotte,mcfadden,1.0,northbourne avenue,vansittart court,wilson,4807,nsw,19370121.0,3263630,49053,charlotte,mcfadden,northbourne avenue,vansittart court,wilson,nsw,1970-01-01,4807,4807_mc,1481
emma,selth,3741.0,tyrrell circuit,st john of god hospital,woodend,3690,qld,19661006.0,6059722,16287,emma,selth,tyrrell circuit,st john of god hospital,woodend,qld,1970-01-01,3690,3690_se,1482
thomas,weidenhofer,3.0,war veterans hme,woronora street,clayfield,4068,qld,,7016655,11111,thomas,weidenhofer,war veterans hme,woronora street,clayfield,qld,,4068,4068_we,1483
caitlin,matthews,49.0,,posetto,east maitland,4552,qld,19820128.0,3148663,91397,caitlin,matthews,,posetto,east maitland,qld,1970-01-01,4552,4552_ma,1484
blake,green,14.0,goldstein crescent,qbd bldg,clare,2090,nsw,,5192436,63079,blake,green,goldstein crescent,qbd bldg,clare,nsw,,2090,2090_gr,1485
ethan,bartel,298.0,meyrick place,bingl ertee,tarragindi,3691,nsw,19901001.0,4525246,4687,ethan,bartel,meyrick place,bingl ertee,tarragindi,nsw,1970-01-01,3691,3691_ba,1486
max,campbell,18.0,wanadn a,axon street,vermont,4128,vic,19640314.0,5229727,36010,max,campbell,wanadn a,axon street,vermont,vic,1970-01-01,4128,4128_ca,1487
emiily,durairaj,63.0,mundang crescent,brentwood vlge,surrey hills,2259,qld,19030502.0,6745509,42450,emiily,durairaj,mundang crescent,brentwood vlge,surrey hills,qld,1970-01-01,2259,2259_du,1488
hayely,,,anne clark avenue,oxley's way,moorooka,4261,vic,19290702.0,5785930,1760,hayely,,anne clark avenue,oxley's way,moorooka,vic,1970-01-01,4261,4261_,1489
nathan,allegretto,17.0,wanaga place,cranbrook,penguin,2200,,19560506.0,2120045,98576,nathan,allegretto,wanaga place,cranbrook,penguin,,1970-01-01,2200,2200_al,1107
daniel,nguyew,9.0,castleton crescent,south macroom,st johs park,5157,sa,19620518.0,8870477,76845,daniel,nguyew,castleton crescent,south macroom,st johs park,sa,1970-01-01,5157,5157_ng,1490
reece,garnett,142.0,maclagan street,lapsto ne,carlingford,870,nt,19390828.0,3123598,63641,reece,garnett,maclagan street,lapsto ne,carlingford,nt,1970-01-01,0870,0870_ga,1491
dale,otetns,44.0,bellchambe rs crescent,antiga,winghem,5299,sa,19421010.0,8176920,93565,dale,otetns,bellchambe rs crescent,antiga,winghem,sa,1970-01-01,5299,5299_ot,1492
isabella,rundle,8.0,fawkner street,emerald agrigultural college,pottsville,6154,nsw,,6097070,26289,isabella,rundle,fawkner street,emerald agrigultural college,pottsville,nsw,,6154,6154_ru,1493
hannah,clarke,194.0,bathurst place,kulcutra,harbord,3137,vic,19080806.0,9156692,59270,hannah,clarke,bathurst place,kulcutra,harbord,vic,1970-01-01,3137,3137_cl,1494
braid en,caruana,21.0,frencham place,willtrany,tumbarumba,2116,nsw,19501119.0,7570745,75560,braid en,caruana,frencham place,willtrany,tumbarumba,nsw,1970-01-01,2116,2116_ca,1495
matilda,ottens,44.0,bellchambers crescent,,wingham,5290,sa,19421010.0,8176920,88225,matilda,ottens,bellchambers crescent,,wingham,sa,1970-01-01,5290,5290_ot,1384
dominic,dixon,40.0,candlebari close,,orante,4178,act,19420409.0,4798978,62395,dominic,dixon,candlebari close,,orante,act,1970-01-01,4178,4178_di,1496
oliver,goodeve,218.0,brigalows treet,tourist park,riverstone,4018,vic,19860113.0,3005433,9439,oliver,goodeve,brigalows treet,tourist park,riverstone,vic,1970-01-01,4018,4018_go,1497
lily,les,14.0,learmonth drive,glenview,patterson lakes,2204,tas,19181114.0,2396732,98458,lily,les,learmonth drive,glenview,patterson lakes,tas,1970-01-01,2204,2204_le,1498
indyana,kannikorn,12.0,nemarang crescent,glenview,labrador,6728,nsw,19710624.0,7120564,92029,indyana,kannikorn,nemarang crescent,glenview,labrador,nsw,1970-01-01,6728,6728_ka,1499
benedit,coleman,23.0,summerville crescent,huntawyle,avondale heights,4560,wa,19380327.0,1480315,77058,benedit,coleman,summerville crescent,huntawyle,avondale heights,wa,1970-01-01,4560,4560_co,1500
joshua,kirimovs,19.0,slessor crescent,anglican guest village,christie downs,5041,vic,19320714.0,6007331,82903,joshua,kirimovs,slessor crescent,anglican guest village,christie downs,vic,1970-01-01,5041,5041_ki,959
aleisha,mcelwee,34.0,osburn drive,parraweena,windsor,5237,act,19440525.0,2532051,45433,aleisha,mcelwee,osburn drive,parraweena,windsor,act,1970-01-01,5237,5237_mc,71
talia,stubbs,11.0,roselal street,,camperdown,3725,vic,19201231.0,9206639,18064,talia,stubbs,roselal street,,camperdown,vic,1970-01-01,3725,3725_st,1501
jacqueline,matthews,50.0,callaghan street,narla v lge,punchbowl,3815,qld,19210324.0,2110260,79383,jacqueline,matthews,callaghan street,narla v lge,punchbowl,qld,1970-01-01,3815,3815_ma,1220
amalia,madigan,,fawkner street,evergreen,bunyip,6076,sa,19940729.0,5071854,69593,amalia,madigan,fawkner street,evergreen,bunyip,sa,1970-01-01,6076,6076_ma,1502
finlay,white,15.0,goodwinstreet,,salisbury heights,4227,qld,19640121.0,1233821,76425,finlay,white,goodwinstreet,,salisbury heights,qld,1970-01-01,4227,4227_wh,1503
matthew,seddon,195.0,collingridge street,port 366,parakowie,3803,nsw,19920305.0,6514580,35733,matthew,seddon,collingridge street,port 366,parakowie,nsw,1970-01-01,3803,3803_se,1504
silaso,dolan,235.0,ainsworth street,yongaal,clayton,2281,wa,19211208.0,6885608,61317,silaso,dolan,ainsworth street,yongaal,clayton,wa,1970-01-01,2281,2281_do,1505
seamus,grainger,82.0,denovan circuit,eddington,angaston,3043,qld,19140607.0,7379109,55872,seamus,grainger,denovan circuit,eddington,angaston,qld,1970-01-01,3043,3043_gr,1506
rebekah,modystach,34.0,tauss place,pyramid cara park,iluka,2216,nsw,19341113.0,8796023,18824,rebekah,modystach,tauss place,pyramid cara park,iluka,nsw,1970-01-01,2216,2216_mo,1036
sophie,george,26.0,namoi place,,mount colah,2550,,19701117.0,2122377,57040,sophie,george,namoi place,,mount colah,,1970-01-01,2550,2550_ge,1507
nicholas,braithwaite,4.0,keverstone circuit,unt 7,port macquarie,7008,act,19431104.0,5140822,16615,nicholas,braithwaite,keverstone circuit,unt 7,port macquarie,act,1970-01-01,7008,7008_br,1508
gianni,dooleby,38.0,ashburton circuit,brentwoodvlge,ryde,6025,nsw,19371212.0,5854405,61762,gianni,dooleby,ashburton circuit,brentwoodvlge,ryde,nsw,1970-01-01,6025,6025_do,1509
vendula,webb,31.0,molloy crescent,gwandalan,clayton,2680,nsw,19350812.0,7308373,68197,vendula,webb,molloy crescent,gwandalan,clayton,nsw,1970-01-01,2680,2680_we,1510
lachlan,carmody,6.0,sheehan street,avenel,terrigal,2767,wa,19870722.0,7537783,21034,lachlan,carmody,sheehan street,avenel,terrigal,wa,1970-01-01,2767,2767_ca,1144
isabella,hyland,11.0,coverdale street,village walk (cnr high s street,cremorne,4005,act,19290811.0,9205503,22624,isabella,hyland,coverdale street,village walk cnr high s street,cremorne,act,1970-01-01,4005,4005_hy,1511
wil,clarke,51.0,severne drescent,hazelwoodgarden,coodamup,5070,sa,19400516.0,4621214,62892,wil,clarke,severne drescent,hazelwoodgarden,coodamup,sa,1970-01-01,5070,5070_cl,1127
michzela,george,11.0,florey drive,,greensborough,6160,qld,19750325.0,6129953,89489,michzela,george,florey drive,,greensborough,qld,1970-01-01,6160,6160_ge,1512
samantha,moskwa,28.0,phillip aenue,,bacchus marsh,2282,sa,19560206.0,8546803,43582,samantha,moskwa,phillip aenue,,bacchus marsh,sa,1970-01-01,2282,2282_mo,1513
matilda,mestrov,,housecicuit,retirement village,taringa,3820,qld,19801119.0,2536135,11659,matilda,mestrov,housecicuit,retirement village,taringa,qld,1970-01-01,3820,3820_me,1514
brody,matthews,4.0,windradyne street,palm la ke resort,mount pleasant,2396,sa,19501711.0,7311371,23711,brody,matthews,windradyne street,palm la ke resort,mount pleasant,sa,1970-01-01,2396,2396_ma,1515
,gilles,157.0,godfrey street,cassad areen,cape ptaerson,2370,nsw,19180822.0,6415612,87514,,gilles,godfrey street,cassad areen,cape ptaerson,nsw,1970-01-01,2370,2370_gi,1516
joshua,mayman,7.0,pike place,bega flats,,2830,vic,19801013.0,8311930,78201,joshua,mayman,pike place,bega flats,,vic,1970-01-01,2830,2830_ma,1517
reece,garnett,4.0,maclagan street,env irina,carlingfzord,870,nt,19390828.0,3123598,96009,reece,garnett,maclagan street,env irina,carlingfzord,nt,1970-01-01,0870,0870_ga,1491
charlie,stanley,,amagula avenue,bridies ranch,klemzig,3356,vic,19510717.0,6800801,11295,charlie,stanley,amagula avenue,bridies ranch,klemzig,vic,1970-01-01,3356,3356_st,69
sam,bentham,1.0,narran street,lake chatsworth,westlake,2306,vic,,8928819,6284,sam,bentham,narran street,lake chatsworth,westlake,vic,,2306,2306_be,1518
noah,homann,34.0,cowper street,,toorka,3556,vic,19940914.0,4356898,98309,noah,homann,cowper street,,toorka,vic,1970-01-01,3556,3556_ho,1519
,kidsley,79.0,disney court,ramano estdte locn 1,labrador,2281,vic,19450301.0,2092869,69679,,kidsley,disney court,ramano estdte locn 1,labrador,vic,1970-01-01,2281,2281_ki,852
adriana,beadle,19.0,wakelin circuit,,werrington,4679,vic,19740613.0,1644253,9935,adriana,beadle,wakelin circuit,,werrington,vic,1970-01-01,4679,4679_be,1520
natafia,george,22.0,woollum street,,morwell,6056,wa,19540306.0,7746839,88875,natafia,george,woollum street,,morwell,wa,1970-01-01,6056,6056_ge,386
timothy,coulsin,21.0,kirwan circuit,mason tsreet,monto,6076,nsw,19220722.0,3079148,46903,timothy,coulsin,kirwan circuit,mason tsreet,monto,nsw,1970-01-01,6076,6076_co,1521
mason,alec,18.0,barrier street,sec 443 bellamour,park holme,2029,wa,19061024.0,5623275,44121,mason,alec,barrier street,sec 443 bellamour,park holme,wa,1970-01-01,2029,2029_al,1522
etahn,bartnel,29.0,meyrick place,binglesree,tarragindi,3691,nsw,19901001.0,7506591,23891,etahn,bartnel,meyrick place,binglesree,tarragindi,nsw,1970-01-01,3691,3691_ba,1523
oliver,durnin,7.0,davies place,fairlane estate,paddyngton,2024,nsw,19380406.0,3902304,76260,oliver,durnin,davies place,fairlane estate,paddyngton,nsw,1970-01-01,2024,2024_du,1524
charlote,hyland,25.0,madsen place,leisure living vlge,clarinda,3108,qlf,19340909.0,9354762,17724,charlote,hyland,madsen place,leisure living vlge,clarinda,qlf,1970-01-01,3108,3108_hy,48
brooklyn,naar-cafentas,210.0,duffy street,tourist park,berwick,2481,nsw,19840802.0,3624304,80166,brooklyn,naar cafentas,duffy street,tourist park,berwick,nsw,1970-01-01,2481,2481_na,1525
emma,munyarryun,64.0,warner p lace,,dromana,5052,nsw,19580605.0,9443774,60252,emma,munyarryun,warner p lace,,dromana,nsw,1970-01-01,5052,5052_mu,1526
shandril,bristow,171.0,william webb drive,locn 10045,emu plains,4868,vic,,7819868,90207,shandril,bristow,william webb drive,locn 10045,emu plains,vic,,4868,4868_br,1527
charlotte,wasley,53.0,eyre street,milmilland,cronulla,2564,wa,19931004.0,3209589,86066,charlotte,wasley,eyre street,milmilland,cronulla,wa,1970-01-01,2564,2564_wa,1528
nacoya,white,7.0,blakeu olace,st johnof god hospital,young,3282,nsw,19260826.0,3012061,27333,nacoya,white,blakeu olace,st johnof god hospital,young,nsw,1970-01-01,3282,3282_wh,1529
joshua,jolly,16.0,newton street,cliff house 2,kialla,3550,wa,19040622.0,8221843,26049,joshua,jolly,newton street,cliff house 2,kialla,wa,1970-01-01,3550,3550_jo,1530
charlie,primavera,6.0,dawes street,st francis vlge,dover heights,2533,nsw,19250314.0,3173638,15602,charlie,primavera,dawes street,st francis vlge,dover heights,nsw,1970-01-01,2533,2533_pr,1531
declgn,,4.0,drosera place,quandialla,yarra junction,808,vic,19760613.0,2291123,87174,declgn,,drosera place,quandialla,yarra junction,vic,1970-01-01,0808,0808_,1532
tahlia,crosswell,,newland street,,blackbutt,2304,qld,19041007.0,5476244,60860,tahlia,crosswell,newland street,,blackbutt,qld,1970-01-01,2304,2304_cr,1533
amber,kexel,75.0,daintree crescent,,new farm,4061,vic,,9952722,72263,amber,kexel,daintree crescent,,new farm,vic,,4061,4061_ke,1534
lachlan,butt,,follettkstreet,elcwick,corowa,4060,nsw,19220712.0,1863874,61822,lachlan,butt,follettkstreet,elcwick,corowa,nsw,1970-01-01,4060,4060_bu,1535
tynan,blacklow,15.0,annear place,,rheola,4034,nsw,19690520.0,8046280,2469,tynan,blacklow,annear place,,rheola,nsw,1970-01-01,4034,4034_bl,859
jed,mcfadden,4.0,frencham place,wychwood,port lincoln,820,vic,19610503.0,1096232,72387,jed,mcfadden,frencham place,wychwood,port lincoln,vic,1970-01-01,0820,0820_mc,1536
sebastian,mahoay,23.0,,brentwood vlge,sunshine,4073,qld,19220613.0,1542344,96814,sebastian,mahoay,,brentwood vlge,sunshine,qld,1970-01-01,4073,4073_ma,1537
jaggah,waller,26.0,murray crescent,burrawan,ferryden park,2015,nsw,19240709.0,9945221,6454,jaggah,waller,murray crescent,burrawan,ferryden park,nsw,1970-01-01,2015,2015_wa,1538
jordan,turco,16.0,rich street,glendora,pacific paradise,2871,vic,19571025.0,7877247,53519,jordan,turco,rich street,glendora,pacific paradise,vic,1970-01-01,2871,2871_tu,1539
harry,tippins,86.0,bussau close,north arm,klemzig,4005,nsw,19490706.0,7994028,39549,harry,tippins,bussau close,north arm,klemzig,nsw,1970-01-01,4005,4005_ti,384
taylor,matthews,1.0,barnett close,carrington retrmnt vlge,macgregor,5501,vic,19751216.0,7693194,50847,taylor,matthews,barnett close,carrington retrmnt vlge,macgregor,vic,1970-01-01,5501,5501_ma,1540
mason,worsley,12.0,waratah sttreet,st francis vlge,bull cerek,3401,nsw,19660827.0,4225051,88319,mason,worsley,waratah sttreet,st francis vlge,bull cerek,nsw,1970-01-01,3401,3401_wo,387
benjamin,royle,15.0,board p lace,morn moot,arana hills,2076,nsw,19110517.0,5142627,52920,benjamin,royle,board p lace,morn moot,arana hills,nsw,1970-01-01,2076,2076_ro,1541
harry,kremneff,,,eventi de homes,parkdlae,2747,vic,19410721.0,6547065,76860,harry,kremneff,,eventi de homes,parkdlae,vic,1970-01-01,2747,2747_kr,1542
shakirah,evans-zijlstra,1.0,,townvoew,robina,2340,vic,19510905.0,4746855,22185,shakirah,evans zijlstra,,townvoew,robina,vic,1970-01-01,2340,2340_ev,1543
jacob,reid,8.0,daley crescent,,frankston,4507,act,19460118.0,2644532,41982,jacob,reid,daley crescent,,frankston,act,1970-01-01,4507,4507_re,1544
luke,vincent,6.0,du faur street,ehowk,rose bay,4122,vic,19731223.0,5930785,54314,luke,vincent,du faur street,ehowk,rose bay,vic,1970-01-01,4122,4122_vi,1545
ro nan,phillpott,70.0,,tieve tara,lalor,2177,sa,19530921.0,6399449,96974,ro nan,phillpott,,tieve tara,lalor,sa,1970-01-01,2177,2177_ph,1546
jack,crouch,69.0,arabana street,st john of god hospital,kirwan,4226,nsw,19790717.0,6658957,87436,jack,crouch,arabana street,st john of god hospital,kirwan,nsw,1970-01-01,4226,4226_cr,1547
emma,golfer,4.0,fullerton crescent,carey park,campyie,2107,qld,19260419.0,1677968,24802,emma,golfer,fullerton crescent,carey park,campyie,qld,1970-01-01,2107,2107_go,241
lillian,noble,20.0,mcclelland avenue,villa 2,cable beach,4211,wa,19650716.0,9102917,4704,lillian,noble,mcclelland avenue,villa 2,cable beach,wa,1970-01-01,4211,4211_no,1548
toby,hochstadter,,macfarland crescent,beauchamp street,macquarie park,6154,vic,19410519.0,7961458,10307,toby,hochstadter,macfarland crescent,beauchamp street,macquarie park,vic,1970-01-01,6154,6154_ho,1549
edward,goldsworthy,12.0,bon place,greenwood,cape clear,3175,nsw,19141014.0,2597850,32142,edward,goldsworthy,bon place,greenwood,cape clear,nsw,1970-01-01,3175,3175_go,1550
benjamin,novak,39.0,sherjwood,port jackson circuit,dapto,6163,nt,19010630.0,6037054,47410,benjamin,novak,sherjwood,port jackson circuit,dapto,nt,1970-01-01,6163,6163_no,1551
sarah,campbell,143.0,wakefield avenue,mira monte,,3075,vic,19100708.0,7610397,41103,sarah,campbell,wakefield avenue,mira monte,,vic,1970-01-01,3075,3075_ca,1552
braiden,goldsworpthy,12.0,matina street,,tumbarumba,2161,nsw,19501119.0,7570745,24802,braiden,goldsworpthy,matina street,,tumbarumba,nsw,1970-01-01,2161,2161_go,241
emiily,croker,15.0,castleton crescent,montrose,como,4214,nsw,19461118.0,6056886,66548,emiily,croker,castleton crescent,montrose,como,nsw,1970-01-01,4214,4214_cr,650
jasper,,,glasgow fptreet,barrcalear,broomd,4066,nsw,19320111.0,7933243,15103,jasper,,glasgow fptreet,barrcalear,broomd,nsw,1970-01-01,4066,4066_,1553
grayson,stanley,13.0,eaglemont retreat,kimberley,punchbowl,4108,tas,19710422.0,5818249,18490,grayson,stanley,eaglemont retreat,kimberley,punchbowl,tas,1970-01-01,4108,4108_st,1554
bayley,wickel,8.0,rushbrook circuit,marloo caravn park,port elliot,2487,nsw,19890721.0,8338862,34192,bayley,wickel,rushbrook circuit,marloo caravn park,port elliot,nsw,1970-01-01,2487,2487_wi,412
oliver,haggett,37.0,dartnell street,aprt 504,holden hill,4858,nsw,19570530.0,2086061,46946,oliver,haggett,dartnell street,aprt 504,holden hill,nsw,1970-01-01,4858,4858_ha,1555
stilring,shepherd,,burnage place,rowetho rpe,winstonh ills,3183,nsw,19320907.0,5731308,12556,stilring,shepherd,burnage place,rowetho rpe,winstonh ills,nsw,1970-01-01,3183,3183_sh,1556
lucas,ryan,71.0,walker crescent,brackengrae,belrose,5024,vic,19840323.0,6371124,23845,lucas,ryan,walker crescent,brackengrae,belrose,vic,1970-01-01,5024,5024_ry,709
gus,nicolle,31.0,bennelong crescent,,page,805,nsw,19510117.0,8094711,14547,gus,nicolle,bennelong crescent,,page,nsw,1970-01-01,0805,0805_ni,1557
ella,james-palmer,7.0,dodwel lstreet,glenaovn,chatham,6058,vic,19921207.0,5759173,92424,ella,james palmer,dodwel lstreet,glenaovn,chatham,vic,1970-01-01,6058,6058_ja,1366
corey,cono,5.0,andamooka street,coolinda,hillston,2026,nsw,19900616.0,4204990,18441,corey,cono,andamooka street,coolinda,hillston,nsw,1970-01-01,2026,2026_co,59
isaac,stephenson,210.0,julia flynn avenue,nazareth village,ingleburn,3172,sa,19401214.0,4166094,4805,isaac,stephenson,julia flynn avenue,nazareth village,ingleburn,sa,1970-01-01,3172,3172_st,70
harry,wanders,29.0,morehead street,carrington retrmnt vlge,trevallyn,2705,sa,19121013.0,8289232,98842,harry,wanders,morehead street,carrington retrmnt vlge,trevallyn,sa,1970-01-01,2705,2705_wa,1558
reece,lyden,4.0,cobar place,deergarden caravn park,marulan,2020,sa,19881122.0,2283032,83659,reece,lyden,cobar place,deergarden caravn park,marulan,sa,1970-01-01,2020,2020_ly,1559
grayson,stanley,9.0,eaglemont retreat,kimberley,brighton-le-sands,4107,tas,19710422.0,5818249,43232,grayson,stanley,eaglemont retreat,kimberley,brighton le sands,tas,1970-01-01,4107,4107_st,252
oliver,vassiliotis,39.0,mortimer lewis drive,hattah-kulkyne,leongatha,5022,nsw,19910804.0,4669127,59966,oliver,vassiliotis,mortimer lewis drive,hattah kulkyne,leongatha,nsw,1970-01-01,5022,5022_va,1355
olivia,lanyon,3.0,fairweather circuit,romilly hills,kincumber,2259,vic,19360827.0,3876231,49215,olivia,lanyon,fairweather circuit,romilly hills,kincumber,vic,1970-01-01,2259,2259_la,1560
renee,white,19.0,bock place,morningsite,redbank qplains,2137,vic,19050415.0,8508455,73663,renee,white,bock place,morningsite,redbank qplains,vic,1970-01-01,2137,2137_wh,1561
finn,weller,65.0,leahy close,st francis village,croydon north,7019,qld,19240729.0,7243781,1023,finn,weller,leahy close,st francis village,croydon north,qld,1970-01-01,7019,7019_we,1562
ella,eyles,30.0,rooth place,cinema centre bldg,yeronga,3730,nsw,19550910.0,8011704,13900,ella,eyles,rooth place,cinema centre bldg,yeronga,nsw,1970-01-01,3730,3730_ey,1563
,marampon,39.0,lowanna treet,glenveagh,keysborough,3806,vic,19820914.0,7380723,32479,,marampon,lowanna treet,glenveagh,keysborough,vic,1970-01-01,3806,3806_ma,1564
felmingham,keeley,32.0,angliss place,cranbrook,annandale,2640,nsw,19860811.0,5148092,97482,felmingham,keeley,angliss place,cranbrook,annandale,nsw,1970-01-01,2640,2640_ke,1565
charlotte,shelley,90.0,cromwell cjircuit,wombatwhill,noble park,2026,vic,19780711.0,2664293,29299,charlotte,shelley,cromwell cjircuit,wombatwhill,noble park,vic,1970-01-01,2026,2026_sh,1283
jordan,planre,11.0,austin street,leetsvale caravan park,st johns park,3051,vic,19730321.0,5757351,47844,jordan,planre,austin street,leetsvale caravan park,st johns park,vic,1970-01-01,3051,3051_pl,1566
larissa,bradshaw,4.0,blamey crescent,longridge,dulwich hill,2153,qld,19190309.0,1828783,90995,larissa,bradshaw,blamey crescent,longridge,dulwich hill,qld,1970-01-01,2153,2153_br,1567
amelia,mcclelland,,winser crescent,pangani,coffs harbour,2250,vic,19640311.0,7848066,99483,amelia,mcclelland,winser crescent,pangani,coffs harbour,vic,1970-01-01,2250,2250_mc,602
julia,polmear,31.0,schlich street,ocean star villas,lower templestowe,6285,vic,19230209.0,7077889,56569,julia,polmear,schlich street,ocean star villas,lower templestowe,vic,1970-01-01,6285,6285_po,1568
ashleigh,haverifeld,40.0,kinsella street,,coonamble,5008,sa,19380317.0,4274253,68183,ashleigh,haverifeld,kinsella street,,coonamble,sa,1970-01-01,5008,5008_ha,1569
reeve,coulson,77.0,macedon crescent,the meadows,springwood,5125,nsw,19490831.0,3468281,32104,reeve,coulson,macedon crescent,the meadows,springwood,nsw,1970-01-01,5125,5125_co,1570
gracr,morrison,66.0,quinlivan crescent,greeng rpve,caulfield north,4120,vic,19460909.0,3999669,67942,gracr,morrison,quinlivan crescent,greeng rpve,caulfield north,vic,1970-01-01,4120,4120_mo,294
todd,jolly,50.0,burkitt street,melima,ermington,4226,wa,19360831.0,8156002,41788,todd,jolly,burkitt street,melima,ermington,wa,1970-01-01,4226,4226_jo,1571
oliver,bendyk,42.0,tallara parkway,yarrabin,queenscliff,2148,vic,19100310.0,5851063,46543,oliver,bendyk,tallara parkway,yarrabin,queenscliff,vic,1970-01-01,2148,2148_be,1324
joshua,portlock,5.0,minnett close,mehelu,,5047,nsw,19021129.0,5390434,42588,joshua,portlock,minnett close,mehelu,,nsw,1970-01-01,5047,5047_po,1572
samuel,springthorpe,252.0,lightfoot crescent,,yarloop,2251,,19210325.0,9449551,28057,samuel,springthorpe,lightfoot crescent,,yarloop,,1970-01-01,2251,2251_sp,1573
,clarek,,merfield place,,bull creek,2830,act,19210503.0,2257500,64923,,clarek,merfield place,,bull creek,act,1970-01-01,2830,2830_cl,445
felicity,pulford,18.0,federal highway,argyle,mayfidld,4125,qld,19860610.0,2661643,67674,felicity,pulford,federal highway,argyle,mayfidld,qld,1970-01-01,4125,4125_pu,394
harry,beaty,17.0,grote place,denlo park,south bunbury,2750,wa,19210825.0,5221442,63972,harry,beaty,grote place,denlo park,south bunbury,wa,1970-01-01,2750,2750_be,1574
blake,baraiolo,23.0,ashley drive,keralland,werrington,5341,qld,19931119.0,1790331,90291,blake,baraiolo,ashley drive,keralland,werrington,qld,1970-01-01,5341,5341_ba,1575
lachlan,vincent,14.0,mundang crescent,mount beevor,greenwith,2232,vic,19930120.0,7291816,25813,lachlan,vincent,mundang crescent,mount beevor,greenwith,vic,1970-01-01,2232,2232_vi,1576
sarah,mchenry,15.0,bullockacircuit,john flynn medical centre,batlow,4564,vic,19020515.0,2024964,63980,sarah,mchenry,bullockacircuit,john flynn medical centre,batlow,vic,1970-01-01,4564,4564_mc,1577
talia,olivrei,72.0,westleigh,ankaa place,ballina,3311,qld,19020831.0,8405432,40423,talia,olivrei,westleigh,ankaa place,ballina,qld,1970-01-01,3311,3311_ol,1578
ebon i,pantazopoulos,147.0,allott place,wyoming park,aldgate,2325,sa,19860807.0,9030076,33920,ebon i,pantazopoulos,allott place,wyoming park,aldgate,sa,1970-01-01,2325,2325_pa,1579
sophie,heron,4.0,milari s treet,cascina,ripley,2006,vic,19600125.0,8214496,5802,sophie,heron,milari s treet,cascina,ripley,vic,1970-01-01,2006,2006_he,1580
daniel,jardne,16.0,lanley tuare,,normanon,2580,act,19331130.0,1885743,86375,daniel,jardne,lanley tuare,,normanon,act,1970-01-01,2580,2580_ja,579
alia,dobrzycki,3.0,brittlebankucircuit,yarragmbah,loganlea,2790,vic,19960130.0,4588807,33099,alia,dobrzycki,brittlebankucircuit,yarragmbah,loganlea,vic,1970-01-01,2790,2790_do,1480
dillon,stubvs,40.0,murphy street,the swamp,salisbury east,7305,sa,19851618.0,8097614,88514,dillon,stubvs,murphy street,the swamp,salisbury east,sa,1970-01-01,7305,7305_st,1028
nicholas,shepherd,36.0,jerrabomberra avenue,,altona north,3124,nsw,19441101.0,3789481,56746,nicholas,shepherd,jerrabomberra avenue,,altona north,nsw,1970-01-01,3124,3124_sh,1581
brandon,portlock,107.0,warrumbul street,,young,6225,nsw,19600401.0,1470095,91828,brandon,portlock,warrumbul street,,young,nsw,1970-01-01,6225,6225_po,1582
jack,brown,8.0,hartley street,macdonald downs station old homestead,st alb ans,3055,qls,19530825.0,8223201,32971,jack,brown,hartley street,macdonald downs station old homestead,st alb ans,qls,1970-01-01,3055,3055_br,1115
emiily,leslze,37.0,medleystreet,tamar arcade,athelstone,4380,sa,19900328.0,5816513,8519,emiily,leslze,medleystreet,tamar arcade,athelstone,sa,1970-01-01,4380,4380_le,294
isabelle,brookhouse,105.0,kavel street,c/-the student village,rivewrood,6014,wa,19200905.0,9060410,47856,isabelle,brookhouse,kavel street,c the student village,rivewrood,wa,1970-01-01,6014,6014_br,1583
sarsha,thorpe,10.0,macleay street,bega flts,toruqay,3197,nsw,19200510.0,3552154,97436,sarsha,thorpe,macleay street,bega flts,toruqay,nsw,1970-01-01,3197,3197_th,1584
nicolas,craswell,48.0,wilshirestreet,safari lodge,lemongrove,2011,wa,19901127.0,3325932,57149,nicolas,craswell,wilshirestreet,safari lodge,lemongrove,wa,1970-01-01,2011,2011_cr,1585
ethan,van engelenhoven,94.0,albergastreet,arnwood,padstow,2448,nsw,19520227.0,1081903,61132,ethan,van engelenhoven,albergastreet,arnwood,padstow,nsw,1970-01-01,2448,2448_va,1326
jasper,green,,glasgow street,barraclear,broome,4066,nsw,19320111.0,7933243,28158,jasper,green,glasgow street,barraclear,broome,nsw,1970-01-01,4066,4066_gr,1586
ajay,irons,86.0,wanliss street,tarwyn park,moruya,2085,vic,,4283972,44607,ajay,irons,wanliss street,tarwyn park,moruya,vic,,2085,2085_ir,1587
liam,roles,115.0,davice place,lassaan,auburn,3216,vic,19540701.0,7584791,14853,liam,roles,davice place,lassaan,auburn,vic,1970-01-01,3216,3216_ro,1588
,donaldson,5.0,studley street,ferngully,hawthorn,2207,vic,19610927.0,4846388,25807,,donaldson,studley street,ferngully,hawthorn,vic,1970-01-01,2207,2207_do,1589
brayden,spears,24.0,beattie crescent,apt 2 005,mont albert,2233,qld,19930707.0,3208269,12524,brayden,spears,beattie crescent,apt 2 005,mont albert,qld,1970-01-01,2233,2233_sp,1590
eliza,haack,8.0,castleton crescent,foxlea,possum creek,3123,vic,,4953359,12306,eliza,haack,castleton crescent,foxlea,possum creek,vic,,3123,3123_ha,1591
amber,neumann,6.0,mockridge rcescent,rockley,hendra,2630,nsw,19000214.0,9872778,15720,amber,neumann,mockridge rcescent,rockley,hendra,nsw,1970-01-01,2630,2630_ne,1300
hannah,egan,26.0,kiewa sgtreet,glenanare,granville,2035,vic,19190603.0,1457616,57524,hannah,egan,kiewa sgtreet,glenanare,granville,vic,1970-01-01,2035,2035_eg,1396
anari,berry,,baracchi crescent,rowethorpe,newmarket,822,nsw,19471009.0,3672040,8376,anari,berry,baracchi crescent,rowethorpe,newmarket,nsw,1970-01-01,0822,0822_be,1592
,white,21.0,garrick street,annandale hill,bidwill,5165,vic,19110905.0,3247149,51354,,white,garrick street,annandale hill,bidwill,vic,1970-01-01,5165,5165_wh,1593
lillian,noble,20.0,mcclellandavenue,villa 2,cable becah,4211,wa,19650716.0,9102917,2710,lillian,noble,mcclellandavenue,villa 2,cable becah,wa,1970-01-01,4211,4211_no,1594
maliah,de teliga,148.0,brumby's run,sinclair street,salisburu east,3007,nsw,19040824.0,3712385,98348,maliah,de teliga,brumby's run,sinclair street,salisburu east,nsw,1970-01-01,3007,3007_de,1595
sophie,reid,11.0,hoad place,lockwood,beachmere,4106,nsw,19030704.0,2982434,98886,sophie,reid,hoad place,lockwood,beachmere,nsw,1970-01-01,4106,4106_re,896
caitlin,mason,451.0,oakey crek road,moondah,crows nest,3036,nsw,19250317.0,6904870,75110,caitlin,mason,oakey crek road,moondah,crows nest,nsw,1970-01-01,3036,3036_ma,1596
nathan,daehn,204.0,sternberg wcrescent,homevale,adamstown,2671,vic,19110417.0,4227775,17053,nathan,daehn,sternberg wcrescent,homevale,adamstown,vic,1970-01-01,2671,2671_da,266
alissa,kerley,38.0,magrath lcrescent,homesite 3,mount rorens,4701,nsw,19620109.0,5187806,7646,alissa,kerley,magrath lcrescent,homesite 3,mount rorens,nsw,1970-01-01,4701,4701_ke,1597
cassidy,lock,23.0,gurrang avenue,homestead caravan park,callala bay,4068,,19921126.0,3826197,50457,cassidy,lock,gurrang avenue,homestead caravan park,callala bay,,1970-01-01,4068,4068_lo,1598
alyssa,dixob,11.0,willandra,halford rcescent,edgecliff,4101,nsw,19860103.0,3916772,35643,alyssa,dixob,willandra,halford rcescent,edgecliff,nsw,1970-01-01,4101,4101_di,1599
tippins,hacry,86.0,bussau c lose,north arm,klemzig,4095,nsw,19490706.0,7994028,59581,tippins,hacry,bussau c lose,north arm,klemzig,nsw,1970-01-01,4095,4095_ha,1600
,miles,184.0,rowntree crescent,solit aire,auburn,2011,nsw,19630105.0,8113333,92902,,miles,rowntree crescent,solit aire,auburn,nsw,1970-01-01,2011,2011_mi,1601
ashleigh,egan,,cotton street,,park orchards,3133,vic,19610704.0,5163016,1196,ashleigh,egan,cotton street,,park orchards,vic,1970-01-01,3133,3133_eg,1602
karla,rump,39.0,hilder street,killarney,normanhurst,3219,wa,19010414.0,1507919,93325,karla,rump,hilder street,killarney,normanhurst,wa,1970-01-01,3219,3219_ru,1603
tabitha,mcgrr,2.0,longerenon g street,berkeley vlge,barmera,4218,act,19221620.0,6798307,21177,tabitha,mcgrr,longerenon g street,berkeley vlge,barmera,act,1970-01-01,4218,4218_mc,570
anita,liesegang,21.0,fossey street,merricroft,carole park,2295,vic,19271007.0,6982808,44527,anita,liesegang,fossey street,merricroft,carole park,vic,1970-01-01,2295,2295_li,1604
benjamin,campbell,11.0,lott place,brandywine stud,kingston,3125,nsw,19310829.0,2258776,26851,benjamin,campbell,lott place,brandywine stud,kingston,nsw,1970-01-01,3125,3125_ca,1217
finlay,white,15.0,goodwin street,,salisbury heights,4228,qld,19700309.0,1233871,35335,finlay,white,goodwin street,,salisbury heights,qld,1970-01-01,4228,4228_wh,1605
christina,weller,6.0,wattle street,neretva,renown park,6108,qld,19300110.0,6700468,29579,christina,weller,wattle street,neretva,renown park,qld,1970-01-01,6108,6108_we,1606
callum,campbell,137.0,emery street,texas station,matraville,7021,sa,19760824.0,8675161,27190,callum,campbell,emery street,texas station,matraville,sa,1970-01-01,7021,7021_ca,1607
alex,widdowson,6.0,brewster place,clonturkle,oaklegih,3042,vic,19191108.0,1494593,98303,alex,widdowson,brewster place,clonturkle,oaklegih,vic,1970-01-01,3042,3042_wi,1432
nicholas,lovel oce,8.0,collingridge street,rooganore,ardeer,2756,act,19911014.0,8010826,68956,nicholas,lovel oce,collingridge street,rooganore,ardeer,act,1970-01-01,2756,2756_lo,1608
joshua,schembri,12.0,raoul place,croyde,dulwich hill,2574,vic,19670914.0,2944236,84234,joshua,schembri,raoul place,croyde,dulwich hill,vic,1970-01-01,2574,2574_sc,1419
natalie,colquhoun,22.0,tillyard drive,rowethorpe,noarlunga downs,2800,nsw,19690220.0,4281779,41197,natalie,colquhoun,tillyard drive,rowethorpe,noarlunga downs,nsw,1970-01-01,2800,2800_co,1609
ella,eyles,30.0,cinema centre bldg,rooth pace,yeronga,3730,nsw,19550910.0,8011074,41713,ella,eyles,cinema centre bldg,rooth pace,yeronga,nsw,1970-01-01,3730,3730_ey,1610
emiily,robson,97.0,bungonia street,st francs vlge,dianella,5066,wa,19420328.0,9454883,95189,emiily,robson,bungonia street,st francs vlge,dianella,wa,1970-01-01,5066,5066_ro,1611
jazx,,55.0,hambidge crescent,the boight,angurug u,4170,vic,19390731.0,7164553,1797,jazx,,hambidge crescent,the boight,angurug u,vic,1970-01-01,4170,4170_,417
zar,stanley,2.0,paul coe crescent,koah lodge,surry hills,4132,nsw,19971117.0,1275004,43085,zar,stanley,paul coe crescent,koah lodge,surry hills,nsw,1970-01-01,4132,4132_st,1612
nicholas,lovelock,8.0,collingri dge street,rooganore,chester hill,2756,act,19911014.0,8010826,76762,nicholas,lovelock,collingri dge street,rooganore,chester hill,act,1970-01-01,2756,2756_lo,1608
xavier,willng,72.0,blackbutt street,upa cottages,raceview,2506,nsw,19060211.0,4023184,55655,xavier,willng,blackbutt street,upa cottages,raceview,nsw,1970-01-01,2506,2506_wi,1613
charlie,ban,16.0,pavonia street,lethbridge court,hoppers crossing,2450,vic,19030919.0,4416130,7066,charlie,ban,pavonia street,lethbridge court,hoppers crossing,vic,1970-01-01,2450,2450_ba,1614
madison,oh,495.0,mccabe crescent,apple cottage,bellevue hill,2758,nsw,,8123343,93845,madison,oh,mccabe crescent,apple cottage,bellevue hill,nsw,,2758,2758_oh,1615
cambell,de la cruz,373.0,wirraway crescent,boxgrove,balaklvaa,2111,nsw,19870911.0,4131610,73516,cambell,de la cruz,wirraway crescent,boxgrove,balaklvaa,nsw,1970-01-01,2111,2111_de,1616
emiily,skene,280.0,belconnen way,location 6656,templars,2133,sa,19390814.0,4133934,11925,emiily,skene,belconnen way,location 6656,templars,sa,1970-01-01,2133,2133_sk,538
benjamin,web,10.0,giliruk crescent,cherr ycourt,balwyn north,3622,nsw,19860415.0,1396032,77704,benjamin,web,giliruk crescent,cherr ycourt,balwyn north,nsw,1970-01-01,3622,3622_we,1617
ayden,white,7.0,dines xplace,ocean park towers,garran,2506,vic,19390830.0,7585098,23292,ayden,white,dines xplace,ocean park towers,garran,vic,1970-01-01,2506,2506_wh,1211
april,sitepa,18.0,morrissey street,clarendon park,newcastle,3195,nsw,19150225.0,1226230,50237,april,sitepa,morrissey street,clarendon park,newcastle,nsw,1970-01-01,3195,3195_si,1618
finn,maczkowiack,32.0,oxley street,bulliac street,wantirna,2196,nt,19101031.0,4732796,66327,finn,maczkowiack,oxley street,bulliac street,wantirna,nt,1970-01-01,2196,2196_ma,1619
karla,rump,39.0,hilder street,killafney,normanhurst,3219,wa,19010414.0,1507919,99867,karla,rump,hilder street,killafney,normanhurst,wa,1970-01-01,3219,3219_ru,1603
benjamin,camens,7.0,harrison dstreet,,lindfiteld,4505,qld,,3523836,99603,benjamin,camens,harrison dstreet,,lindfiteld,qld,,4505,4505_ca,1620
amy,hunting,22.0,jerrabomberra avenue,elamon cottage,toronto,4873,qld,19430818.0,3644846,42494,amy,hunting,jerrabomberra avenue,elamon cottage,toronto,qld,1970-01-01,4873,4873_hu,1621
hugo,manson,31.0,cox street,milpara,mount eligza,2530,qld,19321204.0,2042233,50094,hugo,manson,cox street,milpara,mount eligza,qld,1970-01-01,2530,2530_ma,1622
charlotte,hylawnd,25.0,madsen place,leisure oiving vlge,clarinda,3108,qld,19340909.0,9354762,55388,charlotte,hylawnd,madsen place,leisure oiving vlge,clarinda,qld,1970-01-01,3108,3108_hy,48
reece,garett,4.0,maclagan atreet,envidona,carlingford,870,nt,19390828.0,3125398,35670,reece,garett,maclagan atreet,envidona,carlingford,nt,1970-01-01,0870,0870_ga,1623
elana,reid,32.0,vallance place,allandale aged care facility,somerton park,2821,nsw,19630226.0,3425250,25286,elana,reid,vallance place,allandale aged care facility,somerton park,nsw,1970-01-01,2821,2821_re,1624
timothy,neville,,fihelly street,villa 2,st lucia,3108,wa,19781123.0,1955388,56880,timothy,neville,fihelly street,villa 2,st lucia,wa,1970-01-01,3108,3108_ne,184
shepherd,jaxk,226.0,callister crescent,paradise lake resort,lindfield,5037,nsw,19930210.0,1346125,71953,shepherd,jaxk,callister crescent,paradise lake resort,lindfield,nsw,1970-01-01,5037,5037_ja,1625
dean,verner,28.0,sully place,kendor,oakey,6271,nsw,19310203.0,5251886,94419,dean,verner,sully place,kendor,oakey,nsw,1970-01-01,6271,6271_ve,1626
ronan,anthomy,4.0,oldlakce hotel,newman morris circuit,chittering,2148,vic,19710321.0,5778625,26265,ronan,anthomy,oldlakce hotel,newman morris circuit,chittering,vic,1970-01-01,2148,2148_an,1627
kz,kiczurczsk,32.0,paul coe crescent,avenel,wokalp,6112,nsw,19360708.0,4400796,35143,kz,kiczurczsk,paul coe crescent,avenel,wokalp,nsw,1970-01-01,6112,6112_ki,702
coby,fleet,27.0,heagney ctescent,,cremor ne,3078,vic,19260518.0,1390881,26775,coby,fleet,heagney ctescent,,cremor ne,vic,1970-01-01,3078,3078_fl,1002
jordan,gold,6.0,sharwood crescent,sunforest therapy centre,belmont,2155,nsw,19941117.0,1139906,93474,jordan,gold,sharwood crescent,sunforest therapy centre,belmont,nsw,1970-01-01,2155,2155_go,1628
chandelr,ay,65.0,plant road,blck1089,findon,2086,,19510715.0,1609739,56197,chandelr,ay,plant road,blck1089,findon,,1970-01-01,2086,2086_ay,1629
karissa,creten,22.0,noarlunga crescent,birrabilla,moranbah,2525,nsw,19360703.0,2328993,88941,karissa,creten,noarlunga crescent,birrabilla,moranbah,nsw,1970-01-01,2525,2525_cr,63
james,fitzpatrick,42.0,clement place,bedarra,ngunnawal,4218,qld,19490905.0,4297928,67648,james,fitzpatrick,clement place,bedarra,ngunnawal,qld,1970-01-01,4218,4218_fi,1630
jessica,rezaee,47.0,jim pike avenue,brentwood vlge,cabramatta,2046,vic,19100730.0,2918185,32475,jessica,rezaee,jim pike avenue,brentwood vlge,cabramatta,vic,1970-01-01,2046,2046_re,1631
alexander,jaffres,9.0,summerland circuit,flr 8,northgate,2224,nsw,19470906.0,9549391,11823,alexander,jaffres,summerland circuit,flr 8,northgate,nsw,1970-01-01,2224,2224_ja,1632
lucy,spargo,3.0,smalley circuit,locn 5940,woree,4511,nsw,19121112.0,7260253,3260,lucy,spargo,smalley circuit,locn 5940,woree,nsw,1970-01-01,4511,4511_sp,1633
,morrison,42.0,parnell place,,davistown,2580,nsw,19371121.0,3101161,49770,,morrison,parnell place,,davistown,nsw,1970-01-01,2580,2580_mo,1634
daniel,pascoe,31.0,meacham place,warrah lea,mulwala,3088,qld,19660702.0,5444795,49156,daniel,pascoe,meacham place,warrah lea,mulwala,qld,1970-01-01,3088,3088_pa,1635
chloe,palachicky,97.0,beirne street,villa 235 henry kendall vlge,lake grace,2850,nsw,19880322.0,4791960,46404,chloe,palachicky,beirne street,villa 235 henry kendall vlge,lake grace,nsw,1970-01-01,2850,2850_pa,1636
neney,croker,15.0,castleton crescent,montrose,como,4214,nsw,19461118.0,6056886,49079,neney,croker,castleton crescent,montrose,como,nsw,1970-01-01,4214,4214_cr,1637
amy,ryan,49.0,dallas place,the villas north,surfers paradise,2570,qld,19160508.0,6494659,84699,amy,ryan,dallas place,the villas north,surfers paradise,qld,1970-01-01,2570,2570_ry,1638
vianca,marceau,3.0,kirkton street,ra 23076,hamilton,6168,sa,19350610.0,7742413,12703,vianca,marceau,kirkton street,ra 23076,hamilton,sa,1970-01-01,6168,6168_ma,1639
,bartdel,3.0,garrad court,bethsny,broken hill,2449,vic,19831127.0,1042252,21089,,bartdel,garrad court,bethsny,broken hill,vic,1970-01-01,2449,2449_ba,1640
bradley,broadsby,28.0,companioncrsecent,tiverton,ballarat,4178,qls,19420323.0,3143033,69444,bradley,broadsby,companioncrsecent,tiverton,ballarat,qls,1970-01-01,4178,4178_br,1641
lydia,blake,3.0,elimatta street,foreshore caravan park,cunnamulla,5082,vic,19300602.0,5723847,95140,lydia,blake,elimatta street,foreshore caravan park,cunnamulla,vic,1970-01-01,5082,5082_bl,351
mitchell,quilliam,370.0,bromell circuit,paradise lake resort,pingelly,2040,qld,19431231.0,6372652,55702,mitchell,quilliam,bromell circuit,paradise lake resort,pingelly,qld,1970-01-01,2040,2040_qu,1642
jacq,mcgurk,33.0,marrawah street,,frenchsjforest,3462,nsw,19940814.0,7084838,50363,jacq,mcgurk,marrawah street,,frenchsjforest,nsw,1970-01-01,3462,3462_mc,1643
carly,benger,1.0,gellibrand street,grandview,carnegie,4011,nsw,19710126.0,5651019,83396,carly,benger,gellibrand street,grandview,carnegie,nsw,1970-01-01,4011,4011_be,124
nicolet,needhma,5.0,kooringal,little laura,coochiemuldo island,4670,vic,19560504.0,8844332,66491,nicolet,needhma,kooringal,little laura,coochiemuldo island,vic,1970-01-01,4670,4670_ne,1382
soph ie,nicolle,112.0,garling sreet,spring creek,kotara,4740,nt,19111001.0,7186634,90250,soph ie,nicolle,garling sreet,spring creek,kotara,nt,1970-01-01,4740,4740_ni,1644
lucas,campbell,19.0,dyett circuit,kootong,wangartta,2594,vic,19520124.0,3068374,32685,lucas,campbell,dyett circuit,kootong,wangartta,vic,1970-01-01,2594,2594_ca,1399
toby,maczkowiack,8.0,kanooka street,,canley vale,3219,nsw,19000328.0,7799632,51589,toby,maczkowiack,kanooka street,,canley vale,nsw,1970-01-01,3219,3219_ma,153
samantha,noble,52.0,mara place,tower b rockdale,rochedale south,5495,nsw,19330422.0,8882475,90519,samantha,noble,mara place,tower b rockdale,rochedale south,nsw,1970-01-01,5495,5495_no,1645
olivia,blacwkell,21.0,barton h ighway,,artarmon,2229,qld,19641223.0,9582758,71174,olivia,blacwkell,barton h ighway,,artarmon,qld,1970-01-01,2229,2229_bl,1646
jessica,baillie,26.0,custance street,tarcolla retirement village,tweedheads,4184,nsw,19281031.0,4053650,19199,jessica,baillie,custance street,tarcolla retirement village,tweedheads,nsw,1970-01-01,4184,4184_ba,1095
william,bartel,7.0,horrocks street,leveritt park,baskerville,3781,qld,19610318.0,7560544,81588,william,bartel,horrocks street,leveritt park,baskerville,qld,1970-01-01,3781,3781_ba,1647
kailey,kooymkans,35.0,la perouse tsreet,masonic memoiral village,redhill,2131,sa,19310813.0,4609850,36828,kailey,kooymkans,la perouse tsreet,masonic memoiral village,redhill,sa,1970-01-01,2131,2131_ko,943
carlin,dabihet,8.0,holden place,swinger hill,southern river,2730,sa,19505806.0,9757461,49071,carlin,dabihet,holden place,swinger hill,southern river,sa,1970-01-01,2730,2730_da,758
james,waterlow,484.0,brigalow street,trevellyn,corio,3167,nsw,19420525.0,7569973,45780,james,waterlow,brigalow street,trevellyn,corio,nsw,1970-01-01,3167,3167_wa,1648
giaan,blackwell,139.0,kleinig street,,wongarra,2250,nsw,19770512.0,6179681,9488,giaan,blackwell,kleinig street,,wongarra,nsw,1970-01-01,2250,2250_bl,1350
jasmine,sach,1.0,goble street,renown,gawler west,2031,nsw,19791109.0,2530372,82973,jasmine,sach,goble street,renown,gawler west,nsw,1970-01-01,2031,2031_sa,225
rafanelli,cassandra,3025.0,gundara street,,st allans,3020,wa,19270701.0,7377790,79180,rafanelli,cassandra,gundara street,,st allans,wa,1970-01-01,3020,3020_ca,1649
darcie,priest,66.0,sid barnes crescent,kinglake central,dianella,3011,vic,19570911.0,5032178,78571,darcie,priest,sid barnes crescent,kinglake central,dianella,vic,1970-01-01,3011,3011_pr,1650
kaitlin,donaldson,,praed place,prospect creek,oakleigh east,2121,tas,19520918.0,3119350,73681,kaitlin,donaldson,praed place,prospect creek,oakleigh east,tas,1970-01-01,2121,2121_do,1651
james,ryan,5.0,alston street,myliton,lake cathie,4461,wa,19620419.0,2349088,26300,james,ryan,alston street,myliton,lake cathie,wa,1970-01-01,4461,4461_ry,607
blake,thiessen,16.0,kilburn close,wandarri,sandfly,2576,nsw,19210321.0,9632907,52838,blake,thiessen,kilburn close,wandarri,sandfly,nsw,1970-01-01,2576,2576_th,593
alice,rundle,30.0,blackwell circuit,yuraga,arundel,2795,vic,19651007.0,1554237,58154,alice,rundle,blackwell circuit,yuraga,arundel,vic,1970-01-01,2795,2795_ru,1652
aaliyah,huddy,60.0,currong street,chactor,wellington point,2232,sa,19960324.0,1091178,80956,aaliyah,huddy,currong street,chactor,wellington point,sa,1970-01-01,2232,2232_hu,651
aaliyah,huddy,14.0,currong street,chactor,claytzn,2232,sa,19680115.0,1091178,39678,aaliyah,huddy,currong street,chactor,claytzn,sa,1970-01-01,2232,2232_hu,651
henry,bloomfeld,97.0,mcdougall street,bendigo retireemnt village,rosebud,4563,wa,19321112.0,1646845,16538,henry,bloomfeld,mcdougall street,bendigo retireemnt village,rosebud,wa,1970-01-01,4563,4563_bl,436
samantha,forshaw,24.0,mcmillan crescent,tarwong,thebarton,3178,nsw,19420906.0,8586103,55217,samantha,forshaw,mcmillan crescent,tarwong,thebarton,nsw,1970-01-01,3178,3178_fo,581
lauren,mcneill,1.0,mileham street,rowethorpe,anglesea,4300,vic,19920422.0,3023658,13089,lauren,mcneill,mileham street,rowethorpe,anglesea,vic,1970-01-01,4300,4300_mc,1653
silas,webb,,jacka crescent,shopping centre,namobur,4306,vic,19580212.0,7373672,14893,silas,webb,jacka crescent,shopping centre,namobur,vic,1970-01-01,4306,4306_we,101
amy,maie r,210.0,amagulacavenue,villa 56,brisb ane,3189,wa,19040510.0,2004573,39702,amy,maie r,amagulacavenue,villa 56,brisb ane,wa,1970-01-01,3189,3189_ma,1654
laura,wynne,68.0,sherbrooke street,fannyside,kellerberrin,5043,wa,19741101.0,6774384,72005,laura,wynne,sherbrooke street,fannyside,kellerberrin,wa,1970-01-01,5043,5043_wy,1655
melinea,sherin,9.0,conley d rive,,macmasters beach,3226,vic,19511104.0,9615557,54832,melinea,sherin,conley d rive,,macmasters beach,vic,1970-01-01,3226,3226_sh,279
caleb,lund,13.0,dookie street,yarrab ie,harristown,3218,nsw,19340220.0,3084413,56913,caleb,lund,dookie street,yarrab ie,harristown,nsw,1970-01-01,3218,3218_lu,1309
mitchell,richmaond,38.0,fidge steret,,wilson,6148,nsw,19110605.0,4392630,67678,mitchell,richmaond,fidge steret,,wilson,nsw,1970-01-01,6148,6148_ri,1656
blake,bristow,12.0,archibald street,the willows,cleveland,2148,nsw,19540515.0,9773077,31097,blake,bristow,archibald street,the willows,cleveland,nsw,1970-01-01,2148,2148_br,564
matthbew,donaldson,14.0,manity court,pacific terraces,charmahven,3101,vic,19940825.0,9817986,93676,matthbew,donaldson,manity court,pacific terraces,charmahven,vic,1970-01-01,3101,3101_do,1657
maya,green,20.0,louisa lawson crescent,cargo road,bligh park,2560,wa,19790228.0,5349388,51805,maya,green,louisa lawson crescent,cargo road,bligh park,wa,1970-01-01,2560,2560_gr,1360
oliver,goodeve,218.0,brigalow street,tourist park,riverstone,4018,vic,19860113.0,7051652,34511,oliver,goodeve,brigalow street,tourist park,riverstone,vic,1970-01-01,4018,4018_go,1658
brodee,zimmermann,355.0,de little circuit,winters,stanmore,3070,sa,19000811.0,9488343,41672,brodee,zimmermann,de little circuit,winters,stanmore,sa,1970-01-01,3070,3070_zi,1659
samuel,ryan,31.0,,allunga,brightwaters,3053,qld,19670118.0,5648286,91641,samuel,ryan,,allunga,brightwaters,qld,1970-01-01,3053,3053_ry,1660
alexandra,grosser,2.0,woolner circuit,villa 2,toowoomba,2453,nsw,19720305.0,9022031,94978,alexandra,grosser,woolner circuit,villa 2,toowoomba,nsw,1970-01-01,2453,2453_gr,1661
daniel,kluske,40.0,hawkesbury crescent,,oakhurst,3175,nsw,19820727.0,7413438,85065,daniel,kluske,hawkesbury crescent,,oakhurst,nsw,1970-01-01,3175,3175_kl,276
adam,christo,16.0,cooney court,pine hill,box hill south,2480,qld,19701118.0,4078687,42798,adam,christo,cooney court,pine hill,box hill south,qld,1970-01-01,2480,2480_ch,1662
finn,,64.0,mather street,pineowvd,telegraph point,5700,nsw,19190225.0,4390315,22111,finn,,mather street,pineowvd,telegraph point,nsw,1970-01-01,5700,5700_,1663
thomas,ljubisic,13.0,marshall street,maranatha house,barcaldine,2144,vic,19070304.0,8204181,29930,thomas,ljubisic,marshall street,maranatha house,barcaldine,vic,1970-01-01,2144,2144_lj,1664
hayden,covino,10.0,deamer crescent,glengairffe,north ryde,2750,qld,19541104.0,2494239,37513,hayden,covino,deamer crescent,glengairffe,north ryde,qld,1970-01-01,2750,2750_co,1665
,labljack,15.0,henry tsreet,,drysdale,2520,nt,19500212.0,1009364,56658,,labljack,henry tsreet,,drysdale,nt,1970-01-01,2520,2520_la,1666
chelsea,matthews,51.0,bromley street,west gippsland hospital,willetton,2770,vic,19160623.0,8441784,36135,chelsea,matthews,bromley street,west gippsland hospital,willetton,vic,1970-01-01,2770,2770_ma,1667
lucy,green,11.0,coobina place,ainslie house,hay,4740,vic,19780430.0,5753167,39213,lucy,green,coobina place,ainslie house,hay,vic,1970-01-01,4740,4740_gr,1668
brianna,white,7.0,,apmnt 501,tumbarumba,4879,qld,19130722.0,5073221,56103,brianna,white,,apmnt 501,tumbarumba,qld,1970-01-01,4879,4879_wh,1669
rebeca,blyde,15.0,torrens street,,port auhusta,3620,vic,19650621.0,8787550,10231,rebeca,blyde,torrens street,,port auhusta,vic,1970-01-01,3620,3620_bl,1670
anthony,molland,27.0,wakelin circuit,watchorns hill,boulder,3956,vic,19850826.0,6482481,83850,anthony,molland,wakelin circuit,watchorns hill,boulder,vic,1970-01-01,3956,3956_mo,1671
georgia,reid,619.0,lipman street,dundindi,semaphore park,6280,nsw,19640827.0,3886133,63983,georgia,reid,lipman street,dundindi,semaphore park,nsw,1970-01-01,6280,6280_re,1672
bre,reid,3.0,gooromon ponds road,eldwick,rocky point,6155,nsw,19230129.0,8794990,86535,bre,reid,gooromon ponds road,eldwick,rocky point,nsw,1970-01-01,6155,6155_re,1673
evan,meale,43.0,kambalda crescent,lumeah cottage,dandenong north,6169,wa,19921227.0,7485737,48099,evan,meale,kambalda crescent,lumeah cottage,dandenong north,wa,1970-01-01,6169,6169_me,1674
jared,jolly,84.0,macarthur avenue,nareen gardehs hostel,flordat,2290,nsw,19281125.0,7406558,51014,jared,jolly,macarthur avenue,nareen gardehs hostel,flordat,nsw,1970-01-01,2290,2290_jo,889
ned,george,4.0,colborne place,rosedale,maryborough,2251,wa,19290715.0,5389901,35367,ned,george,colborne place,rosedale,maryborough,wa,1970-01-01,2251,2251_ge,1675
timothy,britten,25.0,clarkson street,wyoming park,ulladulla,7320,wa,19680222.0,7761320,13420,timothy,britten,clarkson street,wyoming park,ulladulla,wa,1970-01-01,7320,7320_br,1676
holly,zilm,4.0,erldunda circuit,mirinjani vlge mirinjani hostel,forbes,3102,qld,,8803555,77963,holly,zilm,erldunda circuit,mirinjani vlge mirinjani hostel,forbes,qld,,3102,3102_zi,1677
mia,stephenson,37.0,nivison place,treetops,knoxfield,3137,sa,19631225.0,2780926,16215,mia,stephenson,nivison place,treetops,knoxfield,sa,1970-01-01,3137,3137_st,908
mackenzie,patefson,109.0,grovelandcrescent,thewkllows,mosman,6350,nsw,19870824.0,6068385,79428,mackenzie,patefson,grovelandcrescent,thewkllows,mosman,nsw,1970-01-01,6350,6350_pa,1678
emma,louca,92.0,pinecroft,cherry place,berwick,3377,vic,19590308.0,4142406,36219,emma,louca,pinecroft,cherry place,berwick,vic,1970-01-01,3377,3377_lo,1679
benjamin,van hees,6.0,glossop crescent,cox court hostel,cowra,5096,wa,19360226.0,7999917,29316,benjamin,van hees,glossop crescent,cox court hostel,cowra,wa,1970-01-01,5096,5096_va,1680
teneille,lamprey,36.0,,terra onostra,bayswater north,4160,vic,19281101.0,9687938,87998,teneille,lamprey,,terra onostra,bayswater north,vic,1970-01-01,4160,4160_la,1681
sam,bentham,1.0,narranstreet,lake chagsworth,westlake,2036,vic,,8928819,36147,sam,bentham,narranstreet,lake chagsworth,westlake,vic,,2036,2036_be,1682
todd,jolly,50.0,burkitt street,mel ima,thirroul,4226,wa,19360831.0,8156002,14364,todd,jolly,burkitt street,mel ima,thirroul,wa,1970-01-01,4226,4226_jo,1571
lukas,hannagan,12.0,mundawari circuit,nimmie,kaleen,2632,vic,19130118.0,8794152,93877,lukas,hannagan,mundawari circuit,nimmie,kaleen,vic,1970-01-01,2632,2632_ha,1683
chelsie,white,9.0,bimbiang crescent,brookvale,midvale,2646,qld,19880507.0,9967991,79093,chelsie,white,bimbiang crescent,brookvale,midvale,qld,1970-01-01,2646,2646_wh,1684
abby,grubb,27.0,cockcroft avenue,avonleigh,warren,7008,qld,19480413.0,9612521,6502,abby,grubb,cockcroft avenue,avonleigh,warren,qld,1970-01-01,7008,7008_gr,1685
ellen,matthews,39.0,mccawley street,bulala,seven hills,2370,vic,19500216.0,7953368,77331,ellen,matthews,mccawley street,bulala,seven hills,vic,1970-01-01,2370,2370_ma,1686
michaela,gabbert,580.0,,goolwa c lttage,rochedal e south,4113,nsw,19800705.0,6966974,3326,michaela,gabbert,,goolwa c lttage,rochedal e south,nsw,1970-01-01,4113,4113_ga,1687
tara,dixon,25.0,goldstein crescent,eldwick,fairlight,2428,qld,19200105.0,5335030,97627,tara,dixon,goldstein crescent,eldwick,fairlight,qld,1970-01-01,2428,2428_di,1688
chelsea,banasevich,6.0,grieve place,thane house,gawler east,2400,sa,19400330.0,8359979,14653,chelsea,banasevich,grieve place,thane house,gawler east,sa,1970-01-01,2400,2400_ba,430
maliah,rickett,148.0,sinclaircstreet,brumby's run,salisbury east,3070,nsw,19040824.0,3712385,81985,maliah,rickett,sinclaircstreet,brumby's run,salisbury east,nsw,1970-01-01,3070,3070_ri,515
amaya,grosser,16.0,herschell ircuit,,denhams beach,3083,qld,19230612.0,5253252,51113,amaya,grosser,herschell ircuit,,denhams beach,qld,1970-01-01,3083,3083_gr,1689
mia,stephenson,37.0,nivisonp lace,treetops,knoxfield,3137,sa,19631225.0,2780916,72197,mia,stephenson,nivisonp lace,treetops,knoxfield,sa,1970-01-01,3137,3137_st,1690
jack,banc,17.0,throssell street,killarney,pymble,2570,qld,19530428.0,6593255,80080,jack,banc,throssell street,killarney,pymble,qld,1970-01-01,2570,2570_ba,1255
angus,rees,23.0,heaton place,pangani,new farm,6210,nsw,19220723.0,8576362,5812,angus,rees,heaton place,pangani,new farm,nsw,1970-01-01,6210,6210_re,84
lauren,crea,18.0,city walk,sit 9,athol park,3081,vic,19960613.0,1646449,57884,lauren,crea,city walk,sit 9,athol park,vic,1970-01-01,3081,3081_cr,528
catherine,graue,88.0,,walhalla,brookfield,2207,nsw,19070917.0,4424731,25624,catherine,graue,,walhalla,brookfield,nsw,1970-01-01,2207,2207_gr,1691
,stan field,9.0,nimbin street,glenlee,arundek,3034,nsw,19970826.0,4080455,47494,,stan field,nimbin street,glenlee,arundek,nsw,1970-01-01,3034,3034_st,1692
zachary,hude,3.0,hallstrom circuit,,kogagh,2016,qld,19813005.0,5024676,29207,zachary,hude,hallstrom circuit,,kogagh,qld,1970-01-01,2016,2016_hu,1693
,clarke,97.0,merfield place,the meadows,bull creek,2830,act,19210503.0,2257500,77715,,clarke,merfield place,the meadows,bull creek,act,1970-01-01,2830,2830_cl,445
jaiden,rolli ns,48.0,tulgeywomod,rossarden street,balwyn north,2224,nf,19280722.0,7626396,29361,jaiden,rolli ns,tulgeywomod,rossarden street,balwyn north,nf,1970-01-01,2224,2224_ro,183
william,panagaris,39.0,dryandrastreet,emmavale,teesdale,5554,vic,19240824.0,3853135,51107,william,panagaris,dryandrastreet,emmavale,teesdale,vic,1970-01-01,5554,5554_pa,1694
jack,stanley,150.0,heard street,sumemfset,,5344,qld,19890526.0,1690126,69169,jack,stanley,heard street,sumemfset,,qld,1970-01-01,5344,5344_st,1695
madeleine,bbib,22.0,henty smreet,walea,nambour,4500,tas,19261017.0,9875423,67895,madeleine,bbib,henty smreet,walea,nambour,tas,1970-01-01,4500,4500_bb,1696
matthew,leong,20.0,kavel street,glen-moria,minchinbury,6153,nsw,19170916.0,1648925,71029,matthew,leong,kavel street,glen moria,minchinbury,nsw,1970-01-01,6153,6153_le,43
chelsea,colquhoun,22.0,tillyaryd drive,rowethorpe,noarlunga downs,2800,nsw,19690220.0,4281779,51288,chelsea,colquhoun,tillyaryd drive,rowethorpe,noarlunga downs,nsw,1970-01-01,2800,2800_co,1697
chloe,crosthaite,42.0,ashkanasy crescent,rosedale,canterbury,4125,nsw,19730221.0,8848058,86562,chloe,crosthaite,ashkanasy crescent,rosedale,canterbury,nsw,1970-01-01,4125,4125_cr,1316
jack,shepherd,226.0,callister crescent,paradise lake resort,lindfield,5037,nsw,19930210.0,5402983,67443,jack,shepherd,callister crescent,paradise lake resort,lindfield,nsw,1970-01-01,5037,5037_sh,1698
blackwell,olivia,21.0,barton highway,rowethorpe,artramon,2229,qld,19641223.0,9582758,41392,blackwell,olivia,barton highway,rowethorpe,artramon,qld,1970-01-01,2229,2229_ol,1699
teaha,binns,26.0,castley circuit,,rokeb,3861,nsw,19760420.0,1129369,60422,teaha,binns,castley circuit,,rokeb,nsw,1970-01-01,3861,3861_bi,1700
lara,wilkins,222.0,fellows street,bungarra,campsie,3173,nsw,,2894122,57867,lara,wilkins,fellows street,bungarra,campsie,nsw,,3173,3173_wi,1701
jett,colegate,55.0,hampton circuit,gibraltar,st albans,6011,nsw,19021119.0,1742749,4595,jett,colegate,hampton circuit,gibraltar,st albans,nsw,1970-01-01,6011,6011_co,1702
lee,zogopoulos,61.0,woronora street,tourist park,coombabah,6107,nsw,19651015.0,3239855,37844,lee,zogopoulos,woronora street,tourist park,coombabah,nsw,1970-01-01,6107,6107_zo,1703
emiily,britten,8.0,kitchener street,hilltop hostel rowethorpe,lake heights,2463,qld,19491021.0,9588775,71118,emiily,britten,kitchener street,hilltop hostel rowethorpe,lake heights,qld,1970-01-01,2463,2463_br,1704
amber,kexel,49.0,daintree crescent,,new fam,4071,vic,,9952722,87614,amber,kexel,daintree crescent,,new fam,vic,,4071,4071_ke,1705
lukas,hannagan,12.0,mundawari circuit,nimmie,kaleen,2632,vci,19130118.0,8794152,31634,lukas,hannagan,mundawari circuit,nimmie,kaleen,vci,1970-01-01,2632,2632_ha,1683
mitchell,,10.0,crozier ctircuit,kinross smtreet,spearwood,2640,sa,19860317.0,5795583,55555,mitchell,,crozier ctircuit,kinross smtreet,spearwood,sa,1970-01-01,2640,2640_,1706
isabelle,,53.0,yarralumla bay,doubtful ck,lake gardens,5097,nsw,19071213.0,5828625,21211,isabelle,,yarralumla bay,doubtful ck,lake gardens,nsw,1970-01-01,5097,5097_,1707
abbey,campbell,81.0,adair street,arcada,wantrina,6051,sa,19211108.0,1327917,69215,abbey,campbell,adair street,arcada,wantrina,sa,1970-01-01,6051,6051_ca,1708
eloise,leaver,18.0,dexter street,glenbrook orchard,east launceston,3049,nsw,19660309.0,9621935,74016,eloise,leaver,dexter street,glenbrook orchard,east launceston,nsw,1970-01-01,3049,3049_le,1709
alia,dobrzyvcki,3.0,brittlebank circuit,,loganlea,2790,vic,19960130.0,4588807,63623,alia,dobrzyvcki,brittlebank circuit,,loganlea,vic,1970-01-01,2790,2790_do,1480
cooper,coxon,8.0,downards treet,homewood,laanecoorie,3172,sa,19070923.0,5430172,35500,cooper,coxon,downards treet,homewood,laanecoorie,sa,1970-01-01,3172,3172_co,1710
emiily,zimmermann,38.0,redfern street,blue mountain lagoon,riverwood,3350,nsw,19621028.0,2097692,7668,emiily,zimmermann,redfern street,blue mountain lagoon,riverwood,nsw,1970-01-01,3350,3350_zi,1711
caitlyn,robson,1.0,hartung crescent,,harcourt,5008,qld,19820123.0,9584449,19636,caitlyn,robson,hartung crescent,,harcourt,qld,1970-01-01,5008,5008_ro,1712
jayden,noble,80.0,chaseling street,kincumber nauitcal vlge,sussex inlet,2660,nsw,19430306.0,2825950,42973,jayden,noble,chaseling street,kincumber nauitcal vlge,sussex inlet,nsw,1970-01-01,2660,2660_no,1713
elki,block,6.0,yanda street,wallsend delivery centre,mittagong,2450,vic,19610203.0,8325666,75961,elki,block,yanda street,wallsend delivery centre,mittagong,vic,1970-01-01,2450,2450_bl,1714
sophi,ncille,112.0,garlings treet,spring creek,kotara,4740,nt,19111001.0,7492384,16381,sophi,ncille,garlings treet,spring creek,kotara,nt,1970-01-01,4740,4740_nc,1715
chawlie,mccarthy,53.0,gudgenby close,ocean stara villas,caiens,3450,nsw,19070923.0,5234558,92906,chawlie,mccarthy,gudgenby close,ocean stara villas,caiens,nsw,1970-01-01,3450,3450_mc,1716
tara,rollins,50.0,bonwick place,the lodge,surrey hills,2810,nsw,19120710.0,7514831,93676,tara,rollins,bonwick place,the lodge,surrey hills,nsw,1970-01-01,2810,2810_ro,1657
dillon,laverty,81.0,learmonth drive,old cob,geraldton,7015,tas,19330905.0,5756664,98055,dillon,laverty,learmonth drive,old cob,geraldton,tas,1970-01-01,7015,7015_la,1717
lily,hyland,11.0,durack street,rosall,wilroy,2250,nsw,19440426.0,7053521,97548,lily,hyland,durack street,rosall,wilroy,nsw,1970-01-01,2250,2250_hy,64
finn,clarke,15.0,murranji street,the mount,primbee,4101,qld,19031121.0,5509189,75209,finn,clarke,murranji street,the mount,primbee,qld,1970-01-01,4101,4101_cl,1718
wylile,brooke,40.0,rumker place,,woodcoft,4655,,19700409.0,4282147,56636,wylile,brooke,rumker place,,woodcoft,,1970-01-01,4655,4655_br,1719
sarah,coffey,3.0,pearson street,broombir stud,ramornie,2209,vic,19930910.0,8625251,22750,sarah,coffey,pearson street,broombir stud,ramornie,vic,1970-01-01,2209,2209_co,1720
heath,morrison,19.0,corinna street,georgedale,lilli pilli,7316,wa,19990803.0,6224315,50486,heath,morrison,corinna street,georgedale,lilli pilli,wa,1970-01-01,7316,7316_mo,1721
bradshaw,zarrna,63.0,carnegie c rescent,,,6147,vic,19550120.0,7831798,24406,bradshaw,zarrna,carnegie c rescent,,,vic,1970-01-01,6147,6147_za,1722
lauren,nguyen,3.0,arden place,yarrimbah,glenview,3128,nsw,19541121.0,2953634,42846,lauren,nguyen,arden place,yarrimbah,glenview,nsw,1970-01-01,3128,3128_ng,1723
katelyn,rees,13.0,malindi place,brentwood vlge,avalon,3015,qld,19450212.0,3813459,86399,katelyn,rees,malindi place,brentwood vlge,avalon,qld,1970-01-01,3015,3015_re,1724
rawlings,lacjlan,112.0,norrish place,curringa,east fremantle,2063,nsw,19080327.0,2878747,45746,rawlings,lacjlan,norrish place,curringa,east fremantle,nsw,1970-01-01,2063,2063_la,1327
ethan,campbll,30.0,reuthe r street,,moorook,4700,nsw,19331009.0,3430363,79176,ethan,campbll,reuthe r street,,moorook,nsw,1970-01-01,4700,4700_ca,1725
macey,mcclarty,19.0,kumm place,villa 213,albany creek,3163,wa,19061211.0,9810978,57120,macey,mcclarty,kumm place,villa 213,albany creek,wa,1970-01-01,3163,3163_mc,1726
jared,wytkin,61.0,belfield d rescent,rowethorpe,bundaberg,5081,,19080330.0,2988806,82747,jared,wytkin,belfield d rescent,rowethorpe,bundaberg,,1970-01-01,5081,5081_wy,176
sonja,wilkins,1024.0,alfred hill drive,st john of god hospital,hope valley,2760,vic,19340404.0,2867046,38167,sonja,wilkins,alfred hill drive,st john of god hospital,hope valley,vic,1970-01-01,2760,2760_wi,1727
cassandra,rafanelli,3025.0,gundara street,,st labans,3020,wa,19270701.0,5847694,6874,cassandra,rafanelli,gundara street,,st labans,wa,1970-01-01,3020,3020_ra,1728
liam,shoben,13.0,sheehystreet,part sect 231,kardinya,3182,qld,19220917.0,4177703,36650,liam,shoben,sheehystreet,part sect 231,kardinya,qld,1970-01-01,3182,3182_sh,400
oliver,blake,8.0,,hd allenby,kingston,2289,qld,19891203.0,4307988,77161,oliver,blake,,hd allenby,kingston,qld,1970-01-01,2289,2289_bl,1729
joe,hammer,15.0,wynn place,amble side garden,burnett heads,2200,qld,19420902.0,4437138,7583,joe,hammer,wynn place,amble side garden,burnett heads,qld,1970-01-01,2200,2200_ha,1730
alyssa,dixno,1.0,halford crescent,willandra,edgecliff,4101,nsw,19860103.0,3916772,92621,alyssa,dixno,halford crescent,willandra,edgecliff,nsw,1970-01-01,4101,4101_di,1069
benjamin,camens,7.0,harriso n street,upa cottages,lindfield,4505,qld,19750706.0,3523836,91578,benjamin,camens,harriso n street,upa cottages,lindfield,qld,1970-01-01,4505,4505_ca,1731
jaggah,waller,26.0,murray crescent,hayfield vlge,ferryden park,2015,nsw,19240709.0,9945221,58015,jaggah,waller,murray crescent,hayfield vlge,ferryden park,nsw,1970-01-01,2015,2015_wa,1538
alexandra,rohleder,2.0,kurrama close,albio ngrove,stephns,4218,sa,19260609.0,4210279,14732,alexandra,rohleder,kurrama close,albio ngrove,stephns,sa,1970-01-01,4218,4218_ro,405
kelsey,nguyen,,champion place,rosebrook,boronia heights,2036,nsw,19130601.0,8154269,75858,kelsey,nguyen,champion place,rosebrook,boronia heights,nsw,1970-01-01,2036,2036_ng,1732
nicholas,snell,135.0,quick st reet,kamilaroicottage,beaumaris,2184,nsw,19190112.0,7864865,55393,nicholas,snell,quick street reet,kamilaroicottage,beaumaris,nsw,1970-01-01,2184,2184_sn,1035
nicola,coleman,64.0,,banksia village,caves beach,5453,qld,19250918.0,8953567,70409,nicola,coleman,,banksia village,caves beach,qld,1970-01-01,5453,5453_co,1733
emiily,bullock,251.0,ivo whitton circuit,kacadoo,blackburnnorth,3764,nsw,19550401.0,2457694,44006,emiily,bullock,ivo whitton circuit,kacadoo,blackburnnorth,nsw,1970-01-01,3764,3764_bu,1734
ajay,irons,86.0,tarwynpjrk,wanliss street,moruyz,7248,vic,,4283972,61365,ajay,irons,tarwynpjrk,wanliss street,moruyz,vic,,7248,7248_ir,1735
alia,dobrzycki,3.0,brittlebank circuit,yarrambah,loganlea,2790,vic,19960130.0,4588807,20161,alia,dobrzycki,brittlebank circuit,yarrambah,loganlea,vic,1970-01-01,2790,2790_do,1480
megan,purdon,8.0,lyndon street,hawkesbury natural health acupuncture ce,minchinbury,2256,vic,19641218.0,1801047,84062,megan,purdon,lyndon street,hawkesbury natural health acupuncture ce,minchinbury,vic,1970-01-01,2256,2256_pu,1736
ellie,campbell,,douglas place,port hedland regional hospital,corio,7008,wa,19380331.0,4597845,93304,ellie,campbell,douglas place,port hedland regional hospital,corio,wa,1970-01-01,7008,7008_ca,1403
joanna,doolxey,35.0,summerville crescent,warra-gan,bethania,2220,qld,19930513.0,4843681,82889,joanna,doolxey,summerville crescent,warra gan,bethania,qld,1970-01-01,2220,2220_do,1737
alex,gibb,20.0,burdekin avenue,blueberry,deniliquin,2046,act,19130303.0,4379286,18072,alex,gibb,burdekin avenue,blueberry,deniliquin,act,1970-01-01,2046,2046_gi,1738
mikaela,white,4.0,anzac park,villa 5,blair athol,4575,vic,19811017.0,4853274,74066,mikaela,white,anzac park,villa 5,blair athol,vic,1970-01-01,4575,4575_wh,1739
samuel,lazaroff,61.0,tanner place,yarrum,vermont,3104,vic,19121227.0,1973394,23294,samuel,lazaroff,tanner place,yarrum,vermont,vic,1970-01-01,3104,3104_la,1740
madison,matthews,4.0,sugarloaf circuit,bonny doon,burpengary,2090,vic,19290710.0,1551042,45997,madison,matthews,sugarloaf circuit,bonny doon,burpengary,vic,1970-01-01,2090,2090_ma,1741
jake,grodser,3.0,lexcen avenue,horseshoe bend,bomaderry,2116,vic,19670227.0,8695287,62872,jake,grodser,lexcen avenue,horseshoe bend,bomaderry,vic,1970-01-01,2116,2116_gr,1742
james,sebregts,30.0,holden crescent,,ngunnawal,3300,nsw,19040404.0,5342259,60659,james,sebregts,holden crescent,,ngunnawal,nsw,1970-01-01,3300,3300_se,1646
kyra,wilde,62.0,groom street,binbimbie,young,3595,qld,19220601.0,6073461,57191,kyra,wilde,groom street,binbimbie,young,qld,1970-01-01,3595,3595_wi,1743
aimre,trzcinski,117.0,jacobs street,blue hills,frankston,2198,nsw,19280418.0,8941279,29559,aimre,trzcinski,jacobs street,blue hills,frankston,nsw,1970-01-01,2198,2198_tr,349
jessica,rivera,14.0,quick street,jasmine lodge,kingsthorpe,5065,vic,19620906.0,1054434,94505,jessica,rivera,quick street,jasmine lodge,kingsthorpe,vic,1970-01-01,5065,5065_ri,1744
teaha,alderson,,west place,banana shed,marsden,2092,vic,19170803.0,2268603,86448,teaha,alderson,west place,banana shed,marsden,vic,1970-01-01,2092,2092_al,1745
mitchell,bellamy,4.0,arthur circle,bolaro,coonalpyn,6210,vic,19710203.0,1090549,75563,mitchell,bellamy,arthur circle,bolaro,coonalpyn,vic,1970-01-01,6210,6210_be,1233
emiily,nicely,13.0,burkitts treet,mlc centre,banks,3350,vic,19910126.0,1387695,73173,emiily,nicely,burkitts treet,mlc centre,banks,vic,1970-01-01,3350,3350_ni,1746
noay,vitkunas,11.0,jones place,karinga park,emmaville,2346,tas,19551102.0,2474313,42690,noay,vitkunas,jones place,karinga park,emmaville,tas,1970-01-01,2346,2346_vi,100
reece,garnett,162.0,maclagan street,envirnoa,carlingford,807,nt,19390828.0,3123598,94834,reece,garnett,maclagan street,envirnoa,carlingford,nt,1970-01-01,0807,0807_ga,1747
jarod,shepherd,521.0,williamson street,occar,burwood east,4562,nsw,19740530.0,9378944,55977,jarod,shepherd,williamson street,occar,burwood east,nsw,1970-01-01,4562,4562_sh,1748
abby,wotton,80.0,shara place,berowra exch,lalor,5290,vic,19080306.0,9242229,2310,abby,wotton,shara place,berowra exch,lalor,vic,1970-01-01,5290,5290_wo,1749
bianca,matthews,5.0,wentworth avenue,mt pleasant,toowoomba,6743,nsw,19410128.0,1935299,58756,bianca,matthews,wentworth avenue,mt pleasant,toowoomba,nsw,1970-01-01,6743,6743_ma,1149
finley,leane,47.0,mewton place,bugala,konongwootong,2017,nsw,19240221.0,9822675,98555,finley,leane,mewton place,bugala,konongwootong,nsw,1970-01-01,2017,2017_le,1750
jett,colegate,55.0,hampton ircuit,gibroatar,st albans,6011,nsw,19021219.0,1302954,15793,jett,colegate,hampton ircuit,gibroatar,st albans,nsw,1970-01-01,6011,6011_co,1751
zachry,owerok,4.0,bendigo bstreet,,maclean,2765,vic,19470101.0,4914201,6320,zachry,owerok,bendigo bstreet,,maclean,vic,1970-01-01,2765,2765_ow,1752
be au,tongyode,195.0,dingo flats,touris t park,grya,3620,vic,19071010.0,8299710,82595,be au,tongyode,dingo flats,touris t park,grya,vic,1970-01-01,3620,3620_to,704
jack,harrington,99.0,jansz crescent,pleasant ridge,williamstown,3814,nsw,19661011.0,3951427,6801,jack,harrington,jansz crescent,pleasant ridge,williamstown,nsw,1970-01-01,3814,3814_ha,1753
noah,gamlin,18.0,canning street,villa 183,mosman,7262,sa,19091023.0,6693641,59074,noah,gamlin,canning street,villa 183,mosman,sa,1970-01-01,7262,7262_ga,1754
keahley,eveston,2.0,groom street,shangri la crvn park,corowa,2250,nsw,19320428.0,8695946,28189,keahley,eveston,groom street,shangri la crvn park,corowa,nsw,1970-01-01,2250,2250_ev,1755
eliza,mason,57.0,kennedy street,brentwo do vlge,bundamba,4067,tas,19071124.0,3004030,53233,eliza,mason,kennedy street,brentwo do vlge,bundamba,tas,1970-01-01,4067,4067_ma,190
daniel,riding,228.0,antill street,rondayvoo,dimboola,6010,tas,19090516.0,2525592,8259,daniel,riding,antill street,rondayvoo,dimboola,tas,1970-01-01,6010,6010_ri,1756
jacob,priest,41.0,wagga street,evergreen,largs north,4165,vic,19390329.0,2860311,69479,jacob,priest,wagga street,evergreen,largs north,vic,1970-01-01,4165,4165_pr,1757
jasmyn,seehusn,198.0,alfred hill drive,sun city resort,elwood,3496,vic,19440409.0,7032766,31991,jasmyn,seehusn,alfred hill drive,sun city resort,elwood,vic,1970-01-01,3496,3496_se,1758
charlotte,dixno,31.0,ferber place,mlc ecntre,geelon west,4810,qld,19141202.0,3783386,15000,charlotte,dixno,ferber place,mlc ecntre,geelon west,qld,1970-01-01,4810,4810_di,1759
patrick,laing,26.0,fowles street,ferndale,,4221,nsw,19340506.0,1740961,36388,patrick,laing,fowles street,ferndale,,nsw,1970-01-01,4221,4221_la,1760
,cambpell,81.0,,arcadai,wantirna,6051,sa,19211108.0,1327917,23530,,cambpell,,arcadai,wantirna,sa,1970-01-01,6051,6051_ca,1761
georgia,melin,11.0,anstey street,shelbourne woodstock,bomaderry,4703,nsw,19940215.0,3319764,46413,georgia,melin,anstey street,shelbourne woodstock,bomaderry,nsw,1970-01-01,4703,4703_me,1762
nathan,morrison,59.0,peppin place,,eaglehawk,6172,qld,19220902.0,5567390,38947,nathan,morrison,peppin place,,eaglehawk,qld,1970-01-01,6172,6172_mo,869
liam,laing,7.0,theodore street,keriroca,padstow,6004,vic,19391213.0,9129876,53005,liam,laing,theodore street,keriroca,padstow,vic,1970-01-01,6004,6004_la,1763
ryan,fey,82.0,kitchener street,unt 1,slacks creek,3400,qld,19870928.0,4515379,90815,ryan,fey,kitchener street,unt 1,slacks creek,qld,1970-01-01,3400,3400_fe,1764
miller,egab,162.0,fergusson crescent,john flynn medical centre,como,2580,nsw,19700305.0,5022596,95021,miller,egab,fergusson crescent,john flynn medical centre,como,nsw,1970-01-01,2580,2580_eg,1765
blake,goldsworthy,259.0,wambool street,la villades pins,north ryde,2360,vic,19240515.0,1108824,99200,blake,goldsworthy,wambool street,la villades pins,north ryde,vic,1970-01-01,2360,2360_go,1766
kimberly,pavli,15.0,pennefather street,,north sydney,3056,nsw,19600628.0,1529118,99607,kimberly,pavli,pennefather street,,north sydney,nsw,1970-01-01,3056,3056_pa,1767
luke,marshman,25.0,sangster place,willyaroo street,albion park,4220,wa,19711012.0,3259489,58149,luke,marshman,sangster place,willyaroo street,albion park,wa,1970-01-01,4220,4220_ma,1768
zach,steane,37.0,fitzhardinge crescent,ryhd-talog,kalamunda,6061,nsw,19730723.0,9575271,52409,zach,steane,fitzhardinge crescent,ryhd talog,kalamunda,nsw,1970-01-01,6061,6061_st,1769
naomi,millar,7.0,southern cross drive,glengar,st agnes,5172,,19750818.0,7751504,30960,naomi,millar,southern cross drive,glengar,st agnes,,1970-01-01,5172,5172_mi,1770
andrew,rawlings,112.0,norrish place,curringa,east fremantle,2063,nsw,19080327.0,2878747,62211,andrew,rawlings,norrish place,curringa,east fremantle,nsw,1970-01-01,2063,2063_ra,1771
benjamin,royle,15.0,board place,morn moot,arana hills,2076,nsw,19110517.0,5142627,35446,benjamin,royle,board place,morn moot,arana hills,nsw,1970-01-01,2076,2076_ro,1541
oliver,clarke,35.0,macumba place,ordview estate,sunshine,3150,nsw,19721201.0,3931949,77342,oliver,clarke,macumba place,ordview estate,sunshine,nsw,1970-01-01,3150,3150_cl,1772
mitchrll,richmond,38.0,fidge street,wentworth house,blair athol,6148,nsw,19110605.0,4392610,93568,mitchrll,richmond,fidge street,wentworth house,blair athol,nsw,1970-01-01,6148,6148_ri,1773
amber,whiet,31.0,moodie street,degaflga,eaton,2024,nsw,19120819.0,2839026,4417,amber,whiet,moodie street,degaflga,eaton,nsw,1970-01-01,2024,2024_wh,1774
tenille,swiggs,150.0,verbrugghen street,,artarmon,7300,qld,19730510.0,6436926,20013,tenille,swiggs,verbrugghen street,,artarmon,qld,1970-01-01,7300,7300_sw,557
,colean,60.0,backhouse street,barwalla,quorn,3174,nsw,19541004.0,8477487,99000,,colean,backhouse street,barwalla,quorn,nsw,1970-01-01,3174,3174_co,1775
lily,mizon,13.0,bissenberg er crescent,railway stn,melvlile,2250,,19020326.0,3851424,40993,lily,mizon,bissenberg er crescent,railway stn,melvlile,,1970-01-01,2250,2250_mi,1776
jaiden,bloomfield,147.0,hopkins street,locn 3439,gorokan,2576,qld,,7038120,66336,jaiden,bloomfield,hopkins street,locn 3439,gorokan,qld,,2576,2576_bl,1777
sarsha,koopman,123.0,currie crescent,killarney,waterloo,2745,vic,19000301.0,5480588,77172,sarsha,koopman,currie crescent,killarney,waterloo,vic,1970-01-01,2745,2745_ko,1778
olivia,dixn,80.0,twamley crescent,kingstontower,bundaberg north,2170,tas,19381114.0,7563867,14855,olivia,dixn,twamley crescent,kingstontower,bundaberg north,tas,1970-01-01,2170,2170_di,1779
hugo,clarke,85.0,couchmancrescent,rosetta illage,murray bridge,5043,vic,19640103.0,6444384,72363,hugo,clarke,couchmancrescent,rosetta illage,murray bridge,vic,1970-01-01,5043,5043_cl,1462
amber,green,6.0,sticht place,belvedere,vincent,7030,vic,19890627.0,7817990,99617,amber,green,sticht place,belvedere,vincent,vic,1970-01-01,7030,7030_gr,1780
etha,ferris,70.0,gledden street,mountbeevor,tatura,4570,nsw,19790807.0,7258596,14752,etha,ferris,gledden street,mountbeevor,tatura,nsw,1970-01-01,4570,4570_fe,1781
sophie,nikolec,80.0,fossey street,manresa,toowoomba,6050,wa,19510124.0,7394640,27540,sophie,nikolec,fossey street,manresa,toowoomba,wa,1970-01-01,6050,6050_ni,1782
karlsen,spyke,4.0,northam street,aptm 206,southbank,2320,wa,19641029.0,5567470,26631,karlsen,spyke,northam street,aptm 206,southbank,wa,1970-01-01,2320,2320_sp,1783
alexander,hamon,184.0,rowntree crescent,solitaire,auburn,2011,nsw,19630105.0,8113333,89216,alexander,hamon,rowntree crescent,solitaire,auburn,nsw,1970-01-01,2011,2011_ha,1784
tiarna,reid,147.0,dines place,brentwood vlge,athelstone,2250,vic,19820122.0,4863287,64121,tiarna,reid,dines place,brentwood vlge,athelstone,vic,1970-01-01,2250,2250_re,1446
bryce,rees,16.0,meldrum street,rp 155232,arana hills,3128,nsw,19440613.0,4164990,32388,bryce,rees,meldrum street,rp 155232,arana hills,nsw,1970-01-01,3128,3128_re,1785
emiily,skeen,280.0,belconnen way,location 6656,templars,2133,sa,19390814.0,4133934,71791,emiily,skeen,belconnen way,location 6656,templars,sa,1970-01-01,2133,2133_sk,538
andre,langrehr,,chippindall circuit,sleepy pines,caves beach,3125,nsw,19000129.0,8095334,78512,andre,langrehr,chippindall circuit,sleepy pines,caves beach,nsw,1970-01-01,3125,3125_la,399
talan,slape,,roebuck street,homefield home,annandale,5046,nsw,19040617.0,7593310,32220,talan,slape,roebuck street,homefield home,annandale,nsw,1970-01-01,5046,5046_sl,1786
waller,jaggah,26.0,murray cfdescent,hayfield vlge,ferryden park,2015,nsw,19240709.0,9945221,83645,waller,jaggah,murray cfdescent,hayfield vlge,ferryden park,nsw,1970-01-01,2015,2015_ja,1787
tess,baugh,82.0,waterhouse street,oakbank,gorokan,5029,vic,19890105.0,5606814,28300,tess,baugh,waterhouse street,oakbank,gorokan,vic,1970-01-01,5029,5029_ba,1788
danilele,morrison,95.0,wattle street,sec 552,bibra lake,4701,vic,19030709.0,8907802,12937,danilele,morrison,wattle street,sec 552,bibra lake,vic,1970-01-01,4701,4701_mo,1789
diamonnd,bis hop,22.0,mcbryde crescent,camcara,valley view,2049,nsw,,1088643,58706,diamonnd,bis hop,mcbryde crescent,camcara,valley view,nsw,,2049,2049_bi,1790
yasmin,white,29.0,hallen close,kings apmts,west perth,2756,nsw,19260409.0,3971103,7281,yasmin,white,hallen close,kings apmts,west perth,nsw,1970-01-01,2756,2756_wh,1346
georgia,edson,38.0,rosman c cruit,gen eiss,parkdale,4650,qld,19000701.0,2150872,16784,georgia,edson,rosman c cruit,gen eiss,parkdale,qld,1970-01-01,4650,4650_ed,1791
olivia,winfield,5.0,crisp circuit,stanhope sth,lake clarendon,4575,qld,19421007.0,8745098,89456,olivia,winfield,crisp circuit,stanhope sth,lake clarendon,qld,1970-01-01,4575,4575_wi,1792
jack,cambpell,169.0,pudne street,rhosewyn,oaklegih,3356,vic,19770109.0,1485686,43795,jack,cambpell,pudne street,rhosewyn,oaklegih,vic,1970-01-01,3356,3356_ca,1793
shana,kowald,9.0,dookie street,locn 24,port macquarie,2586,sa,19200305.0,2522502,99933,shana,kowald,dookie street,locn 24,port macquarie,sa,1970-01-01,2586,2586_ko,153
michael,paschalidis,1.0,de little circuit,nunkuri,osborne park,2380,vic,19930102.0,8507976,40224,michael,paschalidis,de little circuit,nunkuri,osborne park,vic,1970-01-01,2380,2380_pa,1794
ayden,white,7.0,dines place,ocean park towers,garran,2506,vic,19390830.0,7585098,50529,ayden,white,dines place,ocean park towers,garran,vic,1970-01-01,2506,2506_wh,1211
chloe,webb,309.0,hannan crescent,golden ponds,manneri ng park,2257,vic,19180407.0,4261331,39758,chloe,webb,hannan crescent,golden ponds,manneri ng park,vic,1970-01-01,2257,2257_we,1795
hassall,jacob,33.0,carlile street,torbanlea,yabba north,3623,nsw,19790619.0,6010042,20178,hassall,jacob,carlile street,torbanlea,yabba north,nsw,1970-01-01,3623,3623_ja,1796
dante,campbell,153.0,scantlebury crescent,,rochesetr,3011,sa,19570319.0,7815398,81395,dante,campbell,scantlebury crescent,,rochesetr,sa,1970-01-01,3011,3011_ca,632
bailee,dent,58.0,maddockxplace,jingara,nowra,4117,qld,19950112.0,4080399,23470,bailee,dent,maddockxplace,jingara,nowra,qld,1970-01-01,4117,4117_de,1797
callum,jankus,132.0,mcgivern crescent,wyncliffe,sylvania,3187,nsw,19930925.0,5175345,14593,callum,jankus,mcgivern crescent,wyncliffe,sylvania,nsw,1970-01-01,3187,3187_ja,667
rebekah,ryan,1334.0,barraclough crescent,lindisfarme,craigie,2575,nsw,19791003.0,4949902,62876,rebekah,ryan,barraclough crescent,lindisfarme,craigie,nsw,1970-01-01,2575,2575_ry,1798
kaitlin,finlay,48.0,campbell street,bullarook park stud,belmont,3034,sa,19750701.0,1515037,2496,kaitlin,finlay,campbell street,bullarook park stud,belmont,sa,1970-01-01,3034,3034_fi,1799
jaykob,clarke,75.0,kimberley,milehamstreet,dalby,2107,wa,19000919.0,9245172,84060,jaykob,clarke,kimberley,milehamstreet,dalby,wa,1970-01-01,2107,2107_cl,1800
christian,berryman,3.0,cox street,bays hospital,sunshine,2153,qld,19210115.0,5492745,39054,christian,berryman,cox street,bays hospital,sunshine,qld,1970-01-01,2153,2153_be,1801
giaan,blackwell,139.0,kleinig street,port 262,biggera waters,2250,nsw,19770512.0,6179681,47048,giaan,blackwell,kleinig street,port 262,biggera waters,nsw,1970-01-01,2250,2250_bl,1350
samuel,webb,410.0,garrett place,pyramid caravn park,rothwell,812,nsw,19690721.0,2721666,44424,samuel,webb,garrett place,pyramid caravn park,rothwell,nsw,1970-01-01,0812,0812_we,1802
kaitlin,dixn,33.0,spylawf arm,ware place,morwell,2617,nsw,19420804.0,4342419,86697,kaitlin,dixn,spylawf arm,ware place,morwell,nsw,1970-01-01,2617,2617_di,1803
lara,wakerell,17.0,see place,yenda units,pottsville,4017,nsw,19480619.0,3594200,17034,lara,wakerell,see place,yenda units,pottsville,nsw,1970-01-01,4017,4017_wa,1804
isaac,mcvilly,32.0,sherwin place,bowan downs,ringwood,3105,nsw,19520920.0,3615515,23294,isaac,mcvilly,sherwin place,bowan downs,ringwood,nsw,1970-01-01,3105,3105_mc,1740
carp,tristan,222.0,marchant circuit,georgedale,campbelltown,2913,nsw,19281204.0,1421166,91244,carp,tristan,marchant circuit,georgedale,campbelltown,nsw,1970-01-01,2913,2913_tr,1805
jacob,schuster,5.0,maidemnt place,,sunshine,2540,sa,19750307.0,4344953,95905,jacob,schuster,maidemnt place,,sunshine,sa,1970-01-01,2540,2540_sc,1806
olivia,lanyon,29.0,dalgarno close,shenstone park,evandale,7310,sa,19150306.0,1530356,19908,olivia,lanyon,dalgarno close,shenstone park,evandale,sa,1970-01-01,7310,7310_la,1807
caitlin,masonh,451.0,oakey creek road,moondah,parramatta,3036,nsw,19250317.0,2470038,59752,caitlin,masonh,oakey creek road,moondah,parramatta,nsw,1970-01-01,3036,3036_ma,1808
lily,bishop,29.0,nemarang crescent,yellow dam,westmead,2250,tas,19401205.0,2293160,12689,lily,bishop,nemarang crescent,yellow dam,westmead,tas,1970-01-01,2250,2250_bi,1809
lucy,ringland,4.0,woolner circuit,gullamurra,bowral,4520,qld,19810713.0,5368490,30813,lucy,ringland,woolner circuit,gullamurra,bowral,qld,1970-01-01,4520,4520_ri,1810
nathan,kunik,15.0,aremar,bunduluk crescent,ashfield,3149,nsw,19100926.0,5880341,29437,nathan,kunik,aremar,bunduluk crescent,ashfield,nsw,1970-01-01,3149,3149_ku,1811
tyler,frojd,,burramurra avenue,kmart p plaza,san rmeo,3670,sa,19800916.0,7812219,5971,tyler,frojd,burramurra avenue,kmart p plaza,san rmeo,sa,1970-01-01,3670,3670_fr,900
georgia,leslie,38.0,rosman circuit,genesis,parkdale,4650,qld,19000701.0,2150872,65992,georgia,leslie,rosman circuit,genesis,parkdale,qld,1970-01-01,4650,4650_le,1812
john,benger,1.0,gellibrand street,grandview,carnegie,4011,nsw,19710126.0,5651019,32369,john,benger,gellibrand street,grandview,carnegie,nsw,1970-01-01,4011,4011_be,1813
trent,lodg e,32.0,karuah street,athlone,bundamba,2280,act,19510526.0,9020603,46140,trent,lodg e,karuah street,athlone,bundamba,act,1970-01-01,2280,2280_lo,1814
toby,maczkowiack,59.0,kanooka street,carinya vlge,canley vale,3217,nsw,19000328.0,7799632,34393,toby,maczkowiack,kanooka street,carinya vlge,canley vale,nsw,1970-01-01,3217,3217_ma,1815
john-paul,binns,69.0,brand street,uc-dia-loi,mawson,4012,nsw,19070612.0,9026975,1373,john paul,binns,brand street,uc dia loi,mawson,nsw,1970-01-01,4012,4012_bi,1816
danielle,reid,20.0,kootara crescent,cave hill creek,wanniassa,4220,wa,19530118.0,3310083,69800,danielle,reid,kootara crescent,cave hill creek,wanniassa,wa,1970-01-01,4220,4220_re,1230
caitlin,menzies,31.0,adair st reet,kilnavrott,wentworth falls,2785,nsw,19190514.0,8126161,8017,caitlin,menzies,adair street reet,kilnavrott,wentworth falls,nsw,1970-01-01,2785,2785_me,1817
isabella,clarke,59.0,gillespie street,flr5 john flyn medical centre,mount vitoria,2147,act,19950110.0,4409764,61450,isabella,clarke,gillespie street,flr5 john flyn medical centre,mount vitoria,act,1970-01-01,2147,2147_cl,772
eden,tiller,10.0,diamantina crescent,retirement village,thornlie,4114,nsw,19150724.0,7743837,66407,eden,tiller,diamantina crescent,retirement village,thornlie,nsw,1970-01-01,4114,4114_ti,1818
gabrielle,walpole,4.0,namadgi circuit,,bibra ake,2234,nsw,19560330.0,1950180,58169,gabrielle,walpole,namadgi circuit,,bibra ake,nsw,1970-01-01,2234,2234_wa,1819
quinn,godfrey,21.0,duffy street,ardersier,highton,3165,vic,19450122.0,3298961,24134,quinn,godfrey,duffy street,ardersier,highton,vic,1970-01-01,3165,3165_go,68
jack,broadby,8.0,davies place,glanworth station,colonel light gardens,2226,nsw,19190411.0,9327822,94221,jack,broadby,davies place,glanworth station,colonel light gardens,nsw,1970-01-01,2226,2226_br,1820
mia,stephenson,37.0,niviso n place,treetops,wangaratta,3137,sa,19631225.0,2780926,50866,mia,stephenson,niviso n place,treetops,wangaratta,sa,1970-01-01,3137,3137_st,908
joshua,joannou,37.0,ivo whitton circuit,docker river community,maribyrnong,2540,nsw,19260424.0,5951556,74775,joshua,joannou,ivo whitton circuit,docker river community,maribyrnong,nsw,1970-01-01,2540,2540_jo,1821
samara,wiling,,,coolinda,concord,3765,nsw,19270204.0,1045315,36845,samara,wiling,,coolinda,concord,nsw,1970-01-01,3765,3765_wi,1822
eliza,reid,7.0,kallar close,,woolgoolga,4213,nsw,19410915.0,3791254,59245,eliza,reid,kallar close,,woolgoolga,nsw,1970-01-01,4213,4213_re,1823
mitchell,david,86.0,filshie close,bellbird ctge,avondale heights,6107,qld,19990325.0,5476289,44167,mitchell,david,filshie close,bellbird ctge,avondale heights,qld,1970-01-01,6107,6107_da,1824
marcus,wardle,50.0,gilmore crrscent,brightlingpark,edithvale,3104,sa,19991212.0,6017101,27931,marcus,wardle,gilmore crrscent,brightlingpark,edithvale,sa,1970-01-01,3104,3104_wa,1825
neve,thandi,232.0,mcmasterstreet,brinjvrry,belmont north,3134,qlf,19901230.0,7760403,16830,neve,thandi,mcmasterstreet,brinjvrry,belmont north,qlf,1970-01-01,3134,3134_th,1826
whitbe,alexa-rose,22.0,warregocircuit,burnslde,bayswater,3040,nt,19300526.0,2502613,27548,whitbe,alexa rose,warregocircuit,burnslde,bayswater,nt,1970-01-01,3040,3040_al,1827
gillian,quan,3.0,michie street,berkeley village,altona meadows,6026,vic,19160330.0,3026496,56517,gillian,quan,michie street,berkeley village,altona meadows,vic,1970-01-01,6026,6026_qu,1828
cameron,matson,19.0,gratwick street,beltrasna angus stud,manly vale,6232,nsw,19361207.0,8252225,69270,cameron,matson,gratwick street,beltrasna angus stud,manly vale,nsw,1970-01-01,6232,6232_ma,1829
kimberly,rau,8.0,mainwaring rich circuit,kinara,ravenshoe,3765,sa,19050218.0,1831670,56380,kimberly,rau,mainwaring rich circuit,kinara,ravenshoe,sa,1970-01-01,3765,3765_ra,1830
kayne,de voga,25.0,cannan crescent,glen rock,rivett,4020,vic,19581106.0,7272068,22422,kayne,de voga,cannan crescent,glen rock,rivett,vic,1970-01-01,4020,4020_de,1831
roles,brooklyn,115.0,davice place,lassa an,aubrun,3216,vic,19540701.0,7584791,1389,roles,brooklyn,davice place,lassa an,aubrun,vic,1970-01-01,3216,3216_br,1832
ethan,pringle,1571.0,o'connell street,,urana,5108,tas,19510914.0,6472293,35305,ethan,pringle,o'connell street,,urana,tas,1970-01-01,5108,5108_pr,693
maxin,hewson,,ammon place,inglweood,ivanhoe,5048,vic,19781215.0,7902006,6997,maxin,hewson,ammon place,inglweood,ivanhoe,vic,1970-01-01,5048,5048_he,1833
callum,durovic,2.0,aronson crescent,hillcrest specialist centre,macquarie fields,3163,qld,19680331.0,5462842,58591,callum,durovic,aronson crescent,hillcrest specialist centre,macquarie fields,qld,1970-01-01,3163,3163_du,1105
rqznan,philpott,70.0,southwood retreat,tieve tara,lalor,2177,sa,19530921.0,6393449,4824,rqznan,philpott,southwood retreat,tieve tara,lalor,sa,1970-01-01,2177,2177_ph,1834
melissa,redmond,11.0,alroy circuit,braemore,long jetty,4852,sa,19501114.0,7547575,14579,melissa,redmond,alroy circuit,braemore,long jetty,sa,1970-01-01,4852,4852_re,1835
mackinley,giordano,93.0,oman p alce,locn i192,parmelia,3084,wa,19710708.0,5830377,67751,mackinley,giordano,oman p alce,locn i192,parmelia,wa,1970-01-01,3084,3084_gi,1836
lachlan-john,rivers,5.0,perier place,oakdale,ringlod,4313,nsw,19960904.0,8718844,5045,lachlan john,rivers,perier place,oakdale,ringlod,nsw,1970-01-01,4313,4313_ri,1008
giuliana,hanna,91.0,vanzetti crescent,rowethorpe,doubleview,3088,vic,19351025.0,5468422,47258,giuliana,hanna,vanzetti crescent,rowethorpe,doubleview,vic,1970-01-01,3088,3088_ha,1837
michael,wuchatsch,66.0,meeha n garden,medical centre,dianella,4700,wa,19190110.0,1614304,44035,michael,wuchatsch,meeha n garden,medical centre,dianella,wa,1970-01-01,4700,4700_wu,331
joshua,torzillo,92.0,maclaurin crescent,glubbaan,hawthorn,2148,nsw,,1090709,97907,joshua,torzillo,maclaurin crescent,glubbaan,hawthorn,nsw,,2148,2148_to,1838
samuel,dorsey,,enid lorimer circuit,st cl airapark,seaforth,2260,wa,19991030.0,9013163,78346,samuel,dorsey,enid lorimer circuit,st cl airapark,seaforth,wa,1970-01-01,2260,2260_do,1328
zachary,clarke,2.0,port jacksonc ircuit,masonic memor ial village,minchinbury,4470,sa,19731003.0,4301149,69156,zachary,clarke,port jacksonc ircuit,masonic memor ial village,minchinbury,sa,1970-01-01,4470,4470_cl,1839
isabelle,kaminskas,6.0,isis close,west holme,port augusta,2765,qld,19060622.0,3745351,34953,isabelle,kaminskas,isis close,west holme,port augusta,qld,1970-01-01,2765,2765_ka,1840
flynn,crdsp,,nambucca street,,sandy bay,2786,vic,19761117.0,2624663,49621,flynn,crdsp,nambucca street,,sandy bay,vic,1970-01-01,2786,2786_cr,1841
lauren,finlay,19.0,colefax place,beauchapm street,chinchilla,4807,act,19020608.0,3951342,84532,lauren,finlay,colefax place,beauchapm street,chinchilla,act,1970-01-01,4807,4807_fi,1842
kaitlin,fitzpatrick,4.0,tenison-woods circuit,,corrimal east,2099,vic,19790109.0,4932458,65087,kaitlin,fitzpatrick,tenison woods circuit,,corrimal east,vic,1970-01-01,2099,2099_fi,1121
sean,matth ews,19.0,,marandyvale,camden south,5051,sa,19520805.0,2832579,75118,sean,matth ews,,marandyvale,camden south,sa,1970-01-01,5051,5051_ma,1843
sybella,veit,46.0,gilirukcrescent,surfers hawaiian,oakleigh,2176,qld,19760820.0,4954146,33537,sybella,veit,gilirukcrescent,surfers hawaiian,oakleigh,qld,1970-01-01,2176,2176_ve,1844
bradley,koebut,5.0,werriwa ur escent,the old parsonage,calista,4205,wa,,7572011,32949,bradley,koebut,werriwa ur escent,the old parsonage,calista,wa,,4205,4205_ko,1845
jack,browne,23.0,hartley street,macdonald downs station old homestead,st agbans,3055,qld,19530825.0,8223201,48448,jack,browne,hartley street,macdonald downs station old homestead,st agbans,qld,1970-01-01,3055,3055_br,1115
david,huddy,40.0,mina wylicerescent,,thornbury,3281,qld,19840327.0,3069553,82142,david,huddy,mina wylicerescent,,thornbury,qld,1970-01-01,3281,3281_hu,752
christian,walch,27.0,coombestreet,warraview,,5008,nsw,19930222.0,1670806,24787,christian,walch,coombestreet,warraview,,nsw,1970-01-01,5008,5008_wa,255
palu,coleman,35.0,fisk street,,north ryde,2170,sa,19940821.0,7652642,92005,palu,coleman,fisk street,,north ryde,sa,1970-01-01,2170,2170_co,1846
william,stubbs,36.0,kingsmill street,lambar,canterbury,2260,wa,19340903.0,9667086,67583,william,stubbs,kingsmill street,lambar,canterbury,wa,1970-01-01,2260,2260_st,1201
lushia,bishop,8.0,damala street,st francis vlge,kia ora,6163,nsw,19281214.0,1153545,9493,lushia,bishop,damala street,st francis vlge,kia ora,nsw,1970-01-01,6163,6163_bi,1847
keljsy,charman,46.0,hobbs street,cornuo cpia,tomakin,4820,vic,19940729.0,1026581,8643,keljsy,charman,hobbs street,cornuo cpia,tomakin,vic,1970-01-01,4820,4820_ch,1848
lucy,stubbs,64.0,ringrose crescent,the park,st huberts island,5007,wa,19261116.0,7685033,13670,lucy,stubbs,ringrose crescent,the park,st huberts island,wa,1970-01-01,5007,5007_st,1849
chlvoe,wasley,148.0,mclachlann crescent,merri banks,upper coomera,6148,qld,19630503.0,5069158,80210,chlvoe,wasley,mclachlann crescent,merri banks,upper coomera,qld,1970-01-01,6148,6148_wa,1850
jatod,mccarthy,297.0,kanbipl ace,,osborne park,2166,nsw,19400029.0,6158276,92794,jatod,mccarthy,kanbipl ace,,osborne park,nsw,1970-01-01,2166,2166_mc,1851
bianca,dixon,12.0,enid lorimer circuit,,woodbridge,6021,wa,19921029.0,3197244,73997,bianca,dixon,enid lorimer circuit,,woodbridge,wa,1970-01-01,6021,6021_di,1852
ronan,anthomy,100.0,newman morris circuit,old lake hotel,chittering,2148,vic,19710321.0,5778625,39806,ronan,anthomy,newman morris circuit,old lake hotel,chittering,vic,1970-01-01,2148,2148_an,1853
anthony,mollnad,27.0,wakelin circuit,watchorns hill,boulder,3956,vic,19850826.0,6482481,55667,anthony,mollnad,wakelin circuit,watchorns hill,boulder,vic,1970-01-01,3956,3956_mo,1671
george,hpoe,76.0,kitchener street,g i brahmaq stud,nanneella,6530,vic,19760629.0,9882299,1542,george,hpoe,kitchener street,g i brahmaq stud,nanneella,vic,1970-01-01,6530,6530_hp,1854
jett,colegatye,55.0,hampton vircuit,gibraltar,st albans,6011,nsw,19021119.0,1742749,77992,jett,colegatye,hampton vircuit,gibraltar,st albans,nsw,1970-01-01,6011,6011_co,1702
,de paoli,72.0,neumayers treet,riverlandw village,prospect,2452,nsw,19990313.0,1420240,44774,,de paoli,neumayers treet,riverlandw village,prospect,nsw,1970-01-01,2452,2452_de,404
charlotte,shelley,90.0,cromwell circuit,wombat hill,noble park,2026,vic,19780711.0,2664293,48797,charlotte,shelley,cromwell circuit,wombat hill,noble park,vic,1970-01-01,2026,2026_sh,1283
thomas,meadows,13.0,bridge place,lyndon lodge,malvern east,2794,wa,19840422.0,1641632,92505,thomas,meadows,bridge place,lyndon lodge,malvern east,wa,1970-01-01,2794,2794_me,1855
jesse,tenant,33.0,baldwin drive,anzac house (cnr a rrher s street,mansiield,2500,nsw,19760607.0,9948416,52030,jesse,tenant,baldwin drive,anzac house cnr a rrher s street,mansiield,nsw,1970-01-01,2500,2500_te,842
hannah,kruck,70.0,scott street,gorge creek orchards,penguin,2256,nt,19670618.0,1640872,35794,hannah,kruck,scott street,gorge creek orchards,penguin,nt,1970-01-01,2256,2256_kr,1856
jed,dulko,696.0,adair street,ahwahnee,berwick,3977,vic,19730628.0,8132882,51626,jed,dulko,adair street,ahwahnee,berwick,vic,1970-01-01,3977,3977_du,1857
spy ke,morrison,172.0,magenta square,parklands village,geraldton,3352,qld,19061014.0,7686370,67791,spy ke,morrison,magenta square,parklands village,geraldton,qld,1970-01-01,3352,3352_mo,1858
lochlan,coulson,17.0,holland street,hamilton,carina heights,4800,nsw,19350112.0,9019052,95522,lochlan,coulson,holland street,hamilton,carina heights,nsw,1970-01-01,4800,4800_co,1859
kelsy,berryman,25.0,badimara street,garden est,toronato,3146,qld,19121016.0,3676248,29504,kelsy,berryman,badimara street,garden est,toronato,qld,1970-01-01,3146,3146_be,1860
lydia,blake,3.0,elimatta street,foreshore caravan park,cunnamlula,5082,vic,19300602.0,5723847,35301,lydia,blake,elimatta street,foreshore caravan park,cunnamlula,vic,1970-01-01,5082,5082_bl,351
flynn,cresp,,nambucca street,,sandy bay,2768,vic,19761117.0,2624663,11971,flynn,cresp,nambucca street,,sandy bay,vic,1970-01-01,2768,2768_cr,694
indynaa,stagoll,13.0,stockdale street,norfolk park,morwell,4102,qld,19951212.0,3143553,58395,indynaa,stagoll,stockdale street,norfolk park,morwell,qld,1970-01-01,4102,4102_st,1861
sophie,reid,37.0,hawkins close,greenhills,toowong,2267,wa,19210624.0,9022097,12008,sophie,reid,hawkins close,greenhills,toowong,wa,1970-01-01,2267,2267_re,1862
nicholas,cavanaugh,9.0,rodway street,canberra hse,cronulka,3130,wa,19560111.0,2181923,33154,nicholas,cavanaugh,rodway street,canberra hse,cronulka,wa,1970-01-01,3130,3130_ca,1366
zara,stanley,2.0,paul coe crescent,koah lodge,surry hills,4132,nsw,19971117.0,1275004,7050,zara,stanley,paul coe crescent,koah lodge,surry hills,nsw,1970-01-01,4132,4132_st,1612
connor,nguyen,11.0,lance hill avenue,,sale,2261,nsw,19860623.0,1825594,54789,connor,nguyen,lance hill avenue,,sale,nsw,1970-01-01,2261,2261_ng,1863
brinlmey,white,21.0,boobialal street,sheep station,,2830,qld,19241214.0,2042443,90379,brinlmey,white,boobialal street,sheep station,,qld,1970-01-01,2830,2830_wh,1864
keziah,painter,18.0,ainsli e avenue,sec 1,torquay,3205,vic,19191031.0,7801066,50027,keziah,painter,ainsli e avenue,sec 1,torquay,vic,1970-01-01,3205,3205_pa,1865
dante,campbell,,scantleburycrescent,,rochester,3011,sa,19570319.0,7815398,10969,dante,campbell,scantleburycrescent,,rochester,sa,1970-01-01,3011,3011_ca,1866
gianni,dooley,38.0,ashburton circuit,,ryde,6025,qld,19371212.0,5854405,71960,gianni,dooley,ashburton circuit,,ryde,qld,1970-01-01,6025,6025_do,1509
hannah,white,47.0,waratah street,school house,greensborough,3066,vic,19240312.0,9879908,73902,hannah,white,waratah street,school house,greensborough,vic,1970-01-01,3066,3066_wh,1867
vlahodimos,isabelka,406.0,balfourcrescent,kersey h south,dutson,6026,nsw,19490615.0,3827946,28435,vlahodimos,isabelka,balfourcrescent,kersey h south,dutson,nsw,1970-01-01,6026,6026_is,1868
ellen,dixon,69.0,litchfield place,killara lodge,mill prak,4051,wa,19710129.0,9305219,66260,ellen,dixon,litchfield place,killara lodge,mill prak,wa,1970-01-01,4051,4051_di,1869
jenna,campbell,12.0,degraves crescent,numby,bendalong,3249,qld,19771103.0,5401331,12697,jenna,campbell,degraves crescent,numby,bendalong,qld,1970-01-01,3249,3249_ca,1870
maliah,rickett,1.0,sinclair street,brumby's run,salisbury east,3070,nsw,19040824.0,3712385,14553,maliah,rickett,sinclair street,brumby's run,salisbury east,nsw,1970-01-01,3070,3070_ri,515
amy,miteff,6.0,john cleland crescent,barkool,blackheath,2036,qld,19160228.0,2583902,77987,amy,miteff,john cleland crescent,barkool,blackheath,qld,1970-01-01,2036,2036_mi,1871
zach,mcgregor,182.0,,crowden,campsie,3301,vic,19620412.0,2892153,7485,zach,mcgregor,,crowden,campsie,vic,1970-01-01,3301,3301_mc,1872
zachary,rollins,16.0,fimister circuit,wathonga,brown hill,5032,nsw,,2423787,56673,zachary,rollins,fimister circuit,wathonga,brown hill,nsw,,5032,5032_ro,1873
eliza,rundle,19.0,warabin crescent,east road,mermaid waters,2644,nsw,19480101.0,9904533,86628,eliza,rundle,warabin crescent,east road,mermaid waters,nsw,1970-01-01,2644,2644_ru,1874
jack,mcneeley,35.0,keverstone circuit,royal queensland yacht squadron,brighton-le-sands,4720,wa,19880329.0,1834993,9171,jack,mcneeley,keverstone circuit,royal queensland yacht squadron,brighton le sands,wa,1970-01-01,4720,4720_mc,1875
jasmine,royle,46.0,minehan ptlace,geregarow station,werrington,5162,nsw,19240524.0,8590831,99613,jasmine,royle,minehan ptlace,geregarow station,werrington,nsw,1970-01-01,5162,5162_ro,1876
logan,green,11.0,marloc k street,kersley mews,anula,6233,nsw,19440514.0,2837625,38446,logan,green,marloc k street,kersley mews,anula,nsw,1970-01-01,6233,6233_gr,219
isabella,millar,34.0,sherwood xaircuit,jasmime lodge,east maitland,4055,vic,19401025.0,5762876,68072,isabella,millar,sherwood xaircuit,jasmime lodge,east maitland,vic,1970-01-01,4055,4055_mi,1877
taliah,hadaj,56.0,templeton street,ningana,hahndorf,6056,vic,19180612.0,2935070,40882,taliah,hadaj,templeton street,ningana,hahndorf,vic,1970-01-01,6056,6056_ha,1878
tanar,george,77.0,britten-jones drive,roskhil,torquay,331,nsw,,5067972,68408,tanar,george,britten jones drive,roskhil,torquay,nsw,,0331,0331_ge,1879
charlotte,hyland,25.0,madsen place,leisure living vlge,clarinda,3108,qld,19460401.0,9354762,15687,charlotte,hyland,madsen place,leisure living vlge,clarinda,qld,1970-01-01,3108,3108_hy,48
shandril,bristow,171.0,yiman street,locn10045,emu plains,4868,vic,,7819868,66739,shandril,bristow,yiman street,locn10045,emu plains,vic,,4868,4868_br,1880
alexander,mccrathy,1.0,collings street,balalastation,blakehurst,2931,qld,19280419.0,1582861,8194,alexander,mccrathy,collings street,balalastation,blakehurst,qld,1970-01-01,2931,2931_mc,1881
isabekla,hendricks,6.0,colborne place,dog rock shoppi ng centre,north rde,2900,nsw,19770129.0,9899655,68963,isabekla,hendricks,colborne place,dog rock shoppi ng centre,north rde,nsw,1970-01-01,2900,2900_he,1882
madison,white,18.0,enright crescent,mystra,invemay,3081,wa,19071011.0,9715765,1979,madison,white,enright crescent,mystra,invemay,wa,1970-01-01,3081,3081_wh,1883
michaela,scrimgeour,6.0,bootle place,lillydale,mount stuart,3931,qld,19190908.0,7520570,68596,michaela,scrimgeour,bootle place,lillydale,mount stuart,qld,1970-01-01,3931,3931_sc,1884
samuel,stephenson,148.0,hirschfeld crescent,bandicoot ridge,north ryde,4426,vic,19970715.0,8717077,6642,samuel,stephenson,hirschfeld crescent,bandicoot ridge,north ryde,vic,1970-01-01,4426,4426_st,1885
jessica,braithwaite,76.0,alroy circuit,killuke,kogarah,2766,qld,19730805.0,4116919,13530,jessica,braithwaite,alroy circuit,killuke,kogarah,qld,1970-01-01,2766,2766_br,1886
olivia,artis,12.0,marcusclarke street,lakeroad,mill park,3173,nsw,19190302.0,2211444,70844,olivia,artis,marcusclarke street,lakeroad,mill park,nsw,1970-01-01,3173,3173_ar,618
oliver,vassiliotis,39.0,mortimer le wis drive,hattah-k ulkyne,leongatha,5022,nsw,19910804.0,4669127,43600,oliver,vassiliotis,mortimer le wis drive,hattah k ulkyne,leongatha,nsw,1970-01-01,5022,5022_va,1355
amelia,hillary,4.0,mackellar crescent,burnside,ashfield,2034,qld,19970102.0,2137478,45595,amelia,hillary,mackellar crescent,burnside,ashfield,qld,1970-01-01,2034,2034_hi,1887
weller,ebony,23.0,allunga,woollum street,surrey hills,2870,qld,19700106.0,2182752,86915,weller,ebony,allunga,woollum street,surrey hills,qld,1970-01-01,2870,2870_eb,1888
jordan,green,21.0,gamburra street,john flynn me dical centre,bomaderry,6055,nsw,,3646581,18809,jordan,green,gamburra street,john flynn me dical centre,bomaderry,nsw,,6055,6055_gr,1889
matthew,mason,,willoughby crescent,spq cajp,avalon,6171,qld,,2444851,7541,matthew,mason,willoughby crescent,spq cajp,avalon,qld,,6171,6171_ma,1890
julis,gascoigne,43.0,langdon avenue,clarkwood,bunbury,5163,nsw,19090104.0,4002060,32207,julis,gascoigne,langdon avenue,clarkwood,bunbury,nsw,1970-01-01,5163,5163_ga,1891
charlotte,wasley,53.0,eyre street,milm illand,cronulla,2546,wa,19931004.0,3205989,18523,charlotte,wasley,eyre street,milm illand,cronulla,wa,1970-01-01,2546,2546_wa,1892
marcus,wardle,50.0,gilmore crescent,brightling park,edithvale,3104,sa,19991212.0,6017101,66428,marcus,wardle,gilmore crescent,brightling park,edithvale,sa,1970-01-01,3104,3104_wa,1825
joel,vassiliotis,39.0,mortimer leqis drive,hattah-kulkyne,taree,5022,nsw,19910804.0,4669127,56988,joel,vassiliotis,mortimer leqis drive,hattah kulkyne,taree,nsw,1970-01-01,5022,5022_va,1355
danny,petersen,12.0,owen dixon drive,rawdon hill,minto,3029,wa,19441022.0,6090944,54039,danny,petersen,owen dixon drive,rawdon hill,minto,wa,1970-01-01,3029,3029_pe,1893
westbrook,stephanie,13.0,badimara street,kindlian,mount pleasant,2010,act,19520107.0,7788330,52100,westbrook,stephanie,badimara street,kindlian,mount pleasant,act,1970-01-01,2010,2010_st,1004
benjamni,camens,7.0,upacottsges,harrison street,lindfield,4505,qld,19750706.0,3523836,39345,benjamni,camens,upacottsges,harrison street,lindfield,qld,1970-01-01,4505,4505_ca,1894
bradley,clarke,40.0,sharwood crescent,lynd hurat,ringwood,3959,wa,19510302.0,8586164,83781,bradley,clarke,sharwood crescent,lynd hurat,ringwood,wa,1970-01-01,3959,3959_cl,164
jordan,gold,18.0,sharwood crescent,sunforest therapy centre,belmont,2155,nsw,19941117.0,1139906,32239,jordan,gold,sharwood crescent,sunforest therapy centre,belmont,nsw,1970-01-01,2155,2155_go,1628
roy,royle,7.0,endeavourestreet,lake kennedy street,cowell,2584,nsw,19361021.0,3753041,70559,roy,royle,endeavourestreet,lake kennedy street,cowell,nsw,1970-01-01,2584,2584_ro,1895
elizabeth,brookouse,3.0,timd ooin,goodparla dtreet,highett,2170,nsw,19101115.0,6804612,88214,elizabeth,brookouse,timd ooin,goodparla dtreet,highett,nsw,1970-01-01,2170,2170_br,1896
caleb,lund,,dookie street,yarrabie,harristown,3218,nsw,19340220.0,3084413,60476,caleb,lund,dookie street,yarrabie,harristown,nsw,1970-01-01,3218,3218_lu,1309
hannah,egan,26.0,glennaare,kiewa street,granville,2035,vic,19190603.0,1427616,65088,hannah,egan,glennaare,kiewa street,granville,vic,1970-01-01,2035,2035_eg,1897
,rundle,5.0,beaumont close,tyrone hills,coonabarabran,4020,vic,19640105.0,8384590,50234,,rundle,beaumont close,tyrone hills,coonabarabran,vic,1970-01-01,4020,4020_ru,685
jayde,chandler,26.0,whittell crescent,villa 3,wynnum west,4680,nsw,19370929.0,4988696,83758,jayde,chandler,whittell crescent,villa 3,wynnum west,nsw,1970-01-01,4680,4680_ch,1898
jaden,librandi,64.0,hale place,tarogna,nightclirf,3193,nsw,19331205.0,3528865,50430,jaden,librandi,hale place,tarogna,nightclirf,nsw,1970-01-01,3193,3193_li,1899
annabella,burman,2.0,newman morris circuit,c/-the student village,alice springs,6076,nsw,19670610.0,5756038,826,annabella,burman,newman morris circuit,c the student village,alice springs,nsw,1970-01-01,6076,6076_bu,1900
kirrah,gillard,2.0,pasley place,mermaid plaza dental centre (cnr gold co,biggera waters,4852,vic,19140212.0,6828869,1802,kirrah,gillard,pasley place,mermaid plaza dental centre cnr gold co,biggera waters,vic,1970-01-01,4852,4852_gi,1901
gianni,dooley,38.0,ashburton circuit,brentwood vlge,ryed,6025,qld,19371212.0,5854405,53357,gianni,dooley,ashburton circuit,brentwood vlge,ryed,qld,1970-01-01,6025,6025_do,1509
magnus,boyle,25.0,bindiri place,naringal orchard,raceivew,2036,qld,19540417.0,1684612,39520,magnus,boyle,bindiri place,naringal orchard,raceivew,qld,1970-01-01,2036,2036_bo,1902
olivia,artis,12.0,marcus clarke street,lake voad,mill park,3173,nsw,19190302.0,2211444,7390,olivia,artis,marcus clarke street,lake voad,mill park,nsw,1970-01-01,3173,3173_ar,618
erin,blaschke,196.0,napthali close,gleneagle,chelsea heights,6126,nsw,19811127.0,3326156,64378,erin,blaschke,napthali close,gleneagle,chelsea heights,nsw,1970-01-01,6126,6126_bl,330
teikeah,louca,29.0,blackwell circuit,,coolum beach,2800,qld,,2930517,32104,teikeah,louca,blackwell circuit,,coolum beach,qld,,2800,2800_lo,1570
james,noack,32.0,kidman close,grand central shopping centre,wangi wangi,2256,nsw,19191001.0,8687538,70170,james,noack,kidman close,grand central shopping centre,wangi wangi,nsw,1970-01-01,2256,2256_no,1903
aaron,hemxmings,44.0,henry street,oakey isle walis lke off,pooraka,3168,qld,19050907.0,6432157,13135,aaron,hemxmings,henry street,oakey isle walis lke off,pooraka,qld,1970-01-01,3168,3168_he,1088
noah,harbottle,1.0,mainwaring rivch circuit,uralgurral,belmont,5098,qld,19930324.0,2785166,35143,noah,harbottle,mainwaring rivch circuit,uralgurral,belmont,qld,1970-01-01,5098,5098_ha,702
stephanie,spong,14.0,kenyon courcuit,waverl ey lodge,normanhurst,3182,nsw,19430901.0,6128280,4551,stephanie,spong,kenyon courcuit,waverl ey lodge,normanhurst,nsw,1970-01-01,3182,3182_sp,1904
erin,vincent,11.0,blamey crescent,gleneira,marsden,3187,vic,19300117.0,1813723,52350,erin,vincent,blamey crescent,gleneira,marsden,vic,1970-01-01,3187,3187_vi,1905
,egan,4.0,burra place,nedlyn,raymond terrace,2096,nsw,19680823.0,7711314,12908,,egan,burra place,nedlyn,raymond terrace,nsw,1970-01-01,2096,2096_eg,1906
naomi,milfra,7.0,glengar,southern cross drive,st agnes,5172,qld,19750818.0,7751504,19892,naomi,milfra,glengar,southern cross drive,st agnes,qld,1970-01-01,5172,5172_mi,1907
joshua,,90.0,david street,,long jetty,6637,nsw,19410614.0,7166687,99293,joshua,,david street,,long jetty,nsw,1970-01-01,6637,6637_,1908
melinda,sherfn,9.0,conley drive,,macmasters beach,3226,vic,19511104.0,9615557,96167,melinda,sherfn,conley drive,,macmasters beach,vic,1970-01-01,3226,3226_sh,279
abbey,campbell,81.0,adair stfeet,arcadia,wantirna,6051,sa,19211108.0,1327917,6785,abbey,campbell,adair stfeet,arcadia,wantirna,sa,1970-01-01,6051,6051_ca,1708
noah,homann,30.0,cowper street,,toorak,3556,vic,19940914.0,4356988,63654,noah,homann,cowper street,,toorak,vic,1970-01-01,3556,3556_ho,1909
adeld,bullock,609.0,shepherdsron place,rosedale,rose bay,2170,vkc,19071006.0,1839802,82161,adeld,bullock,shepherdsron place,rosedale,rose bay,vkc,1970-01-01,2170,2170_bu,834
rachel,byesr,17.0,hilder street,berorwa,palmerston,4740,nsw,19550530.0,6410415,48038,rachel,byesr,hilder street,berorwa,palmerston,nsw,1970-01-01,4740,4740_by,1136
jack,brock,,duhig place,,boyanup,2485,nsw,19800422.0,8460078,54302,jack,brock,duhig place,,boyanup,nsw,1970-01-01,2485,2485_br,1910
amy,clarke,10.0,melba street,goods la junee street,port pirie,3564,vic,19940205.0,3641299,41733,amy,clarke,melba street,goods la junee street,port pirie,vic,1970-01-01,3564,3564_cl,1911
timothy,broadby,1.0,marengo place,lewin lodge,leonards hill,2770,qld,19670530.0,3863357,97580,timothy,broadby,marengo place,lewin lodge,leonards hill,qld,1970-01-01,2770,2770_br,1912
benjamin,ikeda,19.0,vasey crescent,gunderman park,hemmant,2032,qld,19610721.0,4212202,76802,benjamin,ikeda,vasey crescent,gunderman park,hemmant,qld,1970-01-01,2032,2032_ik,1913
charlie,ebert,21.0,brewsterplace,summerdale emdical centre,frankwton,4570,vic,19711020.0,3939901,49840,charlie,ebert,brewsterplace,summerdale emdical centre,frankwton,vic,1970-01-01,4570,4570_eb,47
samuel,ryan,512.0,hilder street,state bank arcade,elizabeth grove,2300,sa,19830613.0,5653742,84616,samuel,ryan,hilder street,state bank arcade,elizabeth grove,sa,1970-01-01,2300,2300_ry,791
cooper,dandie,54.0,coates place,the mano garden,pakenham,6210,vic,19490201.0,7002450,59635,cooper,dandie,coates place,the mano garden,pakenham,vic,1970-01-01,6210,6210_da,988
jade,dixon,202.0,leven street,francis chambers,toronto,3228,nsw,19250415.0,5898510,60461,jade,dixon,leven street,francis chambers,toronto,nsw,1970-01-01,3228,3228_di,1135
braiden,goldsworthy,12.0,goyder street,willtarny,tumbarumba,2161,nsw,19501119.0,7570745,56231,braiden,goldsworthy,goyder street,willtarny,tumbarumba,nsw,1970-01-01,2161,2161_go,1914
zoe,mcmullen,47.0,marshall street,tyrone hills,tarragindi,2036,vic,19841019.0,7089042,6783,zoe,mcmullen,marshall street,tyrone hills,tarragindi,vic,1970-01-01,2036,2036_mc,1915
elli,mcgcarthy,35.0,druitt place,myalpa,penshurst,4551,nsw,19681114.0,7638218,32404,elli,mcgcarthy,druitt place,myalpa,penshurst,nsw,1970-01-01,4551,4551_mc,1216
,gillard,,matinavstreet,sun cit y resort,ascot park,4107,wa,19760203.0,9419843,72864,,gillard,matinavstreet,sun cit y resort,ascot park,wa,1970-01-01,4107,4107_gi,592
tess,baugh,82.0,kenyon circuit,oakbank,gorokan,2233,vic,19890105.0,3343845,41309,tess,baugh,kenyon circuit,oakbank,gorokan,vic,1970-01-01,2233,2233_ba,1916
luke,stuetz,24.0,sid barnes crescent,naygoondy,hyde park,4872,act,19350716.0,6767547,31065,luke,stuetz,sid barnes crescent,naygoondy,hyde park,act,1970-01-01,4872,4872_st,1917
marcus,wardle,50.0,gilmore croscent,brightling park,editfhale,3104,sa,19991212.0,6017101,19516,marcus,wardle,gilmore croscent,brightling park,editfhale,sa,1970-01-01,3104,3104_wa,1825
madison,dixon,37.0,sanford place,white lodge,ringwood,5047,sa,19220609.0,7161189,17162,madison,dixon,sanford place,white lodge,ringwood,sa,1970-01-01,5047,5047_di,1918
hunter,green,37.0,kingsmill atreet,john flynn medical centre,st ive,3084,nsw,19860813.0,9810237,5441,hunter,green,kingsmill atreet,john flynn medical centre,st ive,nsw,1970-01-01,3084,3084_gr,1919
marcus,dunstonze,,mcgowen close,paradise stud,toorak,4802,sa,19960531.0,8697439,69714,marcus,dunstonze,mcgowen close,paradise stud,toorak,sa,1970-01-01,4802,4802_du,1920
zakariah,campbell,19.0,loder olace,eden park,rowville,3043,sa,19570115.0,4301812,17840,zakariah,campbell,loder olace,eden park,rowville,sa,1970-01-01,3043,3043_ca,1921
troy,bevin,292.0,anstey street,east of eden,burleigh heads,3084,nsw,19980406.0,2038950,86662,troy,bevin,anstey street,east of eden,burleigh heads,nsw,1970-01-01,3084,3084_be,1922
ebony,lavender,84.0,beaurepai re crescent,james milson rtermnt vlge,seven hills,6019,sa,19401126.0,5364330,84342,ebony,lavender,beaurepai re crescent,james milson rtermnt vlge,seven hills,sa,1970-01-01,6019,6019_la,1923
rosie,rundle,50.0,sturt venue,talonmnae,bundaberg,2263,nt,19751109.0,9092692,38485,rosie,rundle,sturt venue,talonmnae,bundaberg,nt,1970-01-01,2263,2263_ru,92
liam,hirota,23.0,oldfield circuit,mount beauty,pymble,3537,qld,19760630.0,9452756,50216,liam,hirota,oldfield circuit,mount beauty,pymble,qld,1970-01-01,3537,3537_hi,1924
ruben,senb,34.0,jim pike avenue,,yengarie,5540,qld,19510103.0,1604410,50714,ruben,senb,jim pike avenue,,yengarie,qld,1970-01-01,5540,5540_se,1925
zoe,reid,2400.0,newman morris circuit,the lodge,dolls point,2550,nsw,19001031.0,8054503,42540,zoe,reid,newman morris circuit,the lodge,dolls point,nsw,1970-01-01,2550,2550_re,1165
mitchdll,richmond,38.0,wentworth house,fidge street,blair athol,6148,nsw,19110605.0,4392610,1177,mitchdll,richmond,wentworth house,fidge street,blair athol,nsw,1970-01-01,6148,6148_ri,1926
roisin,bishop,32.0,manning street,roseglen,mount colah,2076,vic,19481220.0,9469770,60486,roisin,bishop,manning street,roseglen,mount colah,vic,1970-01-01,2076,2076_bi,1390
nasyah,rawlings,15.0,andrew crescent,,bundaberg,3915,wa,19290727.0,1838569,63297,nasyah,rawlings,andrew crescent,,bundaberg,wa,1970-01-01,3915,3915_ra,1384
rebecca,blyde,,torrens street,moorillyah,port augusta,3620,vic,19650621.0,8787550,96366,rebecca,blyde,torrens street,moorillyah,port augusta,vic,1970-01-01,3620,3620_bl,1670
michaela,wilkins,11.0,florey drive,,greensbrough,6160,qld,19750325.0,6129953,95012,michaela,wilkins,florey drive,,greensbrough,qld,1970-01-01,6160,6160_wi,1927
fergus,harbottle,1.0,mainwaring rich circuit,uralgrural,belmont,5098,qld,19930324.0,1399936,63237,fergus,harbottle,mainwaring rich circuit,uralgrural,belmont,qld,1970-01-01,5098,5098_ha,1928
phillip,harrington,3.0,davitt close,mirinjani vlge mirinjani hostel,wangaratta,2209,vic,19610601.0,5960004,51993,phillip,harrington,davitt close,mirinjani vlge mirinjani hostel,wangaratta,vic,1970-01-01,2209,2209_ha,1929
,campbdrll,21.0,loder place,eden park,rowville,3040,sa,19570115.0,4301812,92427,,campbdrll,loder place,eden park,rowville,sa,1970-01-01,3040,3040_ca,1190
riley,iacopetta,21.0,girdlestone circuit,,yackandandah,3779,qld,19660915.0,1021033,14430,riley,iacopetta,girdlestone circuit,,yackandandah,qld,1970-01-01,3779,3779_ia,1930
joselyn,nguyen,11.0,port arthur street,st john of god hospital,moranbah,3043,wa,,3134588,66784,joselyn,nguyen,port arthur street,st john of god hospital,moranbah,wa,,3043,3043_ng,1931
holly,berry,41.0,bates street,glendas,currimundi,4670,nsw,19860508.0,4314482,51925,holly,berry,bates street,glendas,currimundi,nsw,1970-01-01,4670,4670_be,1932
emiily,skeen,,belconnen way,location 6656,templars,2133,sa,19390814.0,4133934,58373,emiily,skeen,belconnen way,location 6656,templars,sa,1970-01-01,2133,2133_sk,538
brydee,westernann,13.0,burkitt street,mlc centre,banks,3350,vic,19910126.0,1387695,95773,brydee,westernann,burkitt street,mlc centre,banks,vic,1970-01-01,3350,3350_we,984
thomas,crook,10.0,arden place,kareela,bundaberg east,3073,nsw,19451003.0,6612364,17941,thomas,crook,arden place,kareela,bundaberg east,nsw,1970-01-01,3073,3073_cr,1933
thohrpe,liam,8.0,kianin n ycabins,paul coe drescent,penrith,2204,nsw,19911112.0,9435582,86068,thohrpe,liam,kianin n ycabins,paul coe drescent,penrith,nsw,1970-01-01,2204,2204_li,1934
caleb,kiss,21.0,pialligo avenue,caranv park,dandenon g north,2530,vic,19310218.0,3431125,62950,caleb,kiss,pialligo avenue,caranv park,dandenon g north,vic,1970-01-01,2530,2530_ki,1935
alissa,roundhill,34.0,jackie howe crescent,carey park,iluka,3131,qld,19050319.0,9579886,23190,alissa,roundhill,jackie howe crescent,carey park,iluka,qld,1970-01-01,3131,3131_ro,1936
samuel,lamotte,51.0,cunningham street,tesbury,wentworth falls,3793,nsw,19591111.0,5216844,75087,samuel,lamotte,cunningham street,tesbury,wentworth falls,nsw,1970-01-01,3793,3793_la,1937
james,mccarthy,121.0,tillyard drive,amherst village,,5268,qld,19350714.0,6283744,45269,james,mccarthy,tillyard drive,amherst village,,qld,1970-01-01,5268,5268_mc,517
nicholas,paterson,7.0,hawkesbury crescent,denny downs,naracoorte,3109,qld,19091222.0,3816862,82612,nicholas,paterson,hawkesbury crescent,denny downs,naracoorte,qld,1970-01-01,3109,3109_pa,1938
sam,lowe,,lampard circuit,gumnut cottage,windaroo,6155,nsw,19140118.0,2710939,3673,sam,lowe,lampard circuit,gumnut cottage,windaroo,nsw,1970-01-01,6155,6155_lo,1939
imoen,louca,29.0,blackwell ircuit,bindaree,coolum bdach,2800,qld,19180129.0,2930517,51359,imoen,louca,blackwell ircuit,bindaree,coolum bdach,qld,1970-01-01,2800,2800_lo,1940
abbey,campbell,81.0,adair street,arcaida,wantirna,6501,sa,19211108.0,1327917,18752,abbey,campbell,adair street,arcaida,wantirna,sa,1970-01-01,6501,6501_ca,1941
william,shepherd,17.0,horsley qcrescent,annesley,clayton,2203,qld,19920927.0,8560358,53559,william,shepherd,horsley qcrescent,annesley,clayton,qld,1970-01-01,2203,2203_sh,812
gianni,matson,701.0,willis street,boonooloo,clifton,3101,vic,19410111.0,2540080,69965,gianni,matson,willis street,boonooloo,clifton,vic,1970-01-01,3101,3101_ma,1942
samantha,drechsler,52.0,mara place,tower b rockdale,rochedale south,4595,nsw,19330422.0,8882745,77465,samantha,drechsler,mara place,tower b rockdale,rochedale south,nsw,1970-01-01,4595,4595_dr,1943
jamie,matthews,8.0,rule street,inghams plant,craigmore,3687,nsw,19410506.0,3285602,71373,jamie,matthews,rule street,inghams plant,craigmore,nsw,1970-01-01,3687,3687_ma,1944
lushia,bishop,8.0,damala street,st francis vlge,kia ora,6163,nsw,19431119.0,1153545,66202,lushia,bishop,damala street,st francis vlge,kia ora,nsw,1970-01-01,6163,6163_bi,1847
benjamin,purbel,12.0,leahy close,elizabeth resiedntial village,dover heights,2164,nsw,19240924.0,3302879,70429,benjamin,purbel,leahy close,elizabeth resiedntial village,dover heights,nsw,1970-01-01,2164,2164_pu,1945
anta,hagw,40.0,togo place,caravn park,embleton,2300,nsw,19950203.0,1149839,3856,anta,hagw,togo place,caravn park,embleton,nsw,1970-01-01,2300,2300_ha,1946
callum,dooey,137.0,emery street,texas stuation,matraville,7021,sa,19760824.0,8675161,42273,callum,dooey,emery street,texas stuation,matraville,sa,1970-01-01,7021,7021_do,1947
alexandra,clqarle,184.0,sadlier street,yakatoon,frankston,2756,qld,19190129.0,3045502,43227,alexandra,clqarle,sadlier street,yakatoon,frankston,qld,1970-01-01,2756,2756_cl,1075
bailee,crouch,22.0,tompsitt court,rosetta village,wamberal,4405,wa,19220325.0,8635129,85578,bailee,crouch,tompsitt court,rosetta village,wamberal,wa,1970-01-01,4405,4405_cr,1331
brooke,ryan,46.0,karalt a park,hodgsoncrescent,sale,3055,nsw,19830207.0,6860717,18827,brooke,ryan,karalt a park,hodgsoncrescent,sale,nsw,1970-01-01,3055,3055_ry,1948
karli,millar,1.0,bonney street,st francsi vlge,preston,4814,vic,19738013.0,3731194,72639,karli,millar,bonney street,st francsi vlge,preston,vic,1970-01-01,4814,4814_mi,571
jack,mcgurk,33.0,marrawah street,,frenchs forest,3462,nsw,19940814.0,7084883,23139,jack,mcgurk,marrawah street,,frenchs forest,nsw,1970-01-01,3462,3462_mc,599
seamus,collinson,5.0,southwell street,,winthrop,3166,nsw,19820510.0,6923387,8923,seamus,collinson,southwell street,,winthrop,nsw,1970-01-01,3166,3166_co,147
oliver,zomer,25.0,mcmillan crescent,halls of residence monash university,coffs harbour,7301,qld,19311218.0,7369494,58544,oliver,zomer,mcmillan crescent,halls of residence monash university,coffs harbour,qld,1970-01-01,7301,7301_zo,1949
isaac,morrison,89.0,coolacplace,esk f awm,seaton,2566,vic,19131203.0,2277933,38655,isaac,morrison,coolacplace,esk f awm,seaton,vic,1970-01-01,2566,2566_mo,177
jsohua,villiers,273.0,goyder street,loughmore,adelaide,2484,vic,19730628.0,9653869,49698,jsohua,villiers,goyder street,loughmore,adelaide,vic,1970-01-01,2484,2484_vi,747
isaac,gulliver,3.0,oakover circuit,frost mews,kings park,2299,wa,19830826.0,8710921,22966,isaac,gulliver,oakover circuit,frost mews,kings park,wa,1970-01-01,2299,2299_gu,1950
sebastian,petersen,1.0,chinner crescent,dorothy genders vlge,dapto,3016,wa,19290524.0,2315376,57113,sebastian,petersen,chinner crescent,dorothy genders vlge,dapto,wa,1970-01-01,3016,3016_pe,1239
amelia,blake,1.0,halfrey curcuit,,mossy point,6126,sa,19880506.0,4642758,11418,amelia,blake,halfrey curcuit,,mossy point,sa,1970-01-01,6126,6126_bl,1951
laurne,matson,28.0,castleton crescent,wyndbo urne park,centennial park,3205,,19430921.0,3198708,97928,laurne,matson,castleton crescent,wyndbo urne park,centennial park,,1970-01-01,3205,3205_ma,1952
jack,campbell,169.0,marr svtreet,rhosesyn,oakkeigh,3536,vic,19770109.0,1485686,22413,jack,campbell,marr svtreet,rhosesyn,oakkeigh,vic,1970-01-01,3536,3536_ca,1953
stephanie,lambden-stewart,61.0,burrinjuck crescent,the mall,ngunnawal,5171,vic,19981220.0,7218355,45239,stephanie,lambden stewart,burrinjuck crescent,the mall,ngunnawal,vic,1970-01-01,5171,5171_la,1954
daniel,rodaro,1.0,livingston avenue,st francis room,mooroolbark,3977,qld,19830926.0,8979554,15782,daniel,rodaro,livingston avenue,st francis room,mooroolbark,qld,1970-01-01,3977,3977_ro,1302
joshua,harrington,3.0,davitt close,mirinjani vlge mirinjani hostel,wangaractta,2209,vic,19610601.0,5960004,71879,joshua,harrington,davitt close,mirinjani vlge mirinjani hostel,wangaractta,vic,1970-01-01,2209,2209_ha,1955
mitchell,boyle,10.0,crozier circuit,kinross street,spearwood,2640,sa,19860317.0,5796583,54702,mitchell,boyle,crozier circuit,kinross street,spearwood,sa,1970-01-01,2640,2640_bo,525
joel,everett,9.0,franks place,spring ridge,beechboro,2125,vic,19320531.0,1845071,14364,joel,everett,franks place,spring ridge,beechboro,vic,1970-01-01,2125,2125_ev,1571
alexandra,grosvenor,8.0,anembo street,glenlee,frankston,4818,nsw,19930305.0,2128447,7733,alexandra,grosvenor,anembo street,glenlee,frankston,nsw,1970-01-01,4818,4818_gr,193
marbleigh,clarke,63.0,hodgson crescent,hawkins msaonic vlge,northciffe,2444,vic,19301107.0,3693124,63614,marbleigh,clarke,hodgson crescent,hawkins msaonic vlge,northciffe,vic,1970-01-01,2444,2444_cl,1956
tara,grossmtn,1.0,greigs flat,denovan circuit,eastern hrights,2560,qld,19500910.0,2324149,5069,tara,grossmtn,greigs flat,denovan circuit,eastern hrights,qld,1970-01-01,2560,2560_gr,1957
nathan,kunki,1.0,bunduluk crescent,aremar,ashfield,3149,nsw,19100926.0,5880341,2658,nathan,kunki,bunduluk crescent,aremar,ashfield,nsw,1970-01-01,3149,3149_ku,1004
adam,white,21.0,shumack street,rosewo od garden,loganlea,5072,nsw,19281217.0,7653958,55895,adam,white,shumack street,rosewo od garden,loganlea,nsw,1970-01-01,5072,5072_wh,1958
charlotye,orchard,3.0,,,,4551,wa,19850330.0,3193560,53675,charlotye,orchard,,,,wa,1970-01-01,4551,4551_or,1959
mackwnzie,buzow,80.0,snowden place,nioka,greenhill,2152,nsw,19420118.0,2858815,64550,mackwnzie,buzow,snowden place,nioka,greenhill,nsw,1970-01-01,2152,2152_bu,1960
demie,hirota,19.0,suttor street,namarva station,dulwich hill,4551,qld,19370501.0,2070669,32021,demie,hirota,suttor street,namarva station,dulwich hill,qld,1970-01-01,4551,4551_hi,398
,abeywickrama,18.0,carnegie garden,derry zlodge,armdialg,2299,qld,19130224.0,6845689,93101,,abeywickrama,carnegie garden,derry zlodge,armdialg,qld,1970-01-01,2299,2299_ab,1961
brianna,brock,39.0,dethridge street,pioneer lodge,ivanhoe,2096,vic,19530929.0,4207662,79139,brianna,brock,dethridge street,pioneer lodge,ivanhoe,vic,1970-01-01,2096,2096_br,1962
madeleine,bibb,22.0,henty street,walea,nambour,4500,tas,19970902.0,9875423,64545,madeleine,bibb,henty street,walea,nambour,tas,1970-01-01,4500,4500_bi,1963
edward,boyes,15.0,sainsbury street,,spearwood,2773,nsw,,3358208,85940,edward,boyes,sainsbury street,,spearwood,nsw,,2773,2773_bo,1964
jasmine,royleu,46.0,minehan place,geregarow station,werrington,5162,nsw,19475027.0,8590831,63108,jasmine,royleu,minehan place,geregarow station,werrington,nsw,1970-01-01,5162,5162_ro,1876
david,mccracken,19.0,daley crescent,,mayfield,3629,nsw,19850917.0,9195151,65822,david,mccracken,daley crescent,,mayfield,nsw,1970-01-01,3629,3629_mc,174
charlee,hugelmann,8.0,martley circuit,eddington,mosman,4802,sa,19490921.0,6939061,65970,charlee,hugelmann,martley circuit,eddington,mosman,sa,1970-01-01,4802,4802_hu,946
meliasa,redmond,11.0,alroy ircuit,braemorae,long jetty,4852,sa,19501114.0,7547575,83328,meliasa,redmond,alroy ircuit,braemorae,long jetty,sa,1970-01-01,4852,4852_re,1835
cameron,,19.0,spofforth street,walkers o rchard,moree,2208,qld,19561117.0,6804360,37884,cameron,,spofforth street,walkers o rchard,moree,qld,1970-01-01,2208,2208_,1965
caitlin,lowe,6.0,,longridge,balcatta,6062,sa,19551029.0,1321288,1087,caitlin,lowe,,longridge,balcatta,sa,1970-01-01,6062,6062_lo,1966
talia,silvetsrhino,74.0,finniss crescent,sec 478 hd paringa,mosman,2067,qld,19311020.0,8926703,86890,talia,silvetsrhino,finniss crescent,sec 478 hd paringa,mosman,qld,1970-01-01,2067,2067_si,1967
holly,callado,29.0,goodchild street,hornsbie,plumpton,5012,qld,19330121.0,2585336,82403,holly,callado,goodchild street,hornsbie,plumpton,qld,1970-01-01,5012,5012_ca,1968
jack,campbell,169.0,marr street,rhosew yn,oakleigh,3356,vic,19770109.0,1485686,54386,jack,campbell,marr street,rhosew yn,oakleigh,vic,1970-01-01,3356,3356_ca,1969
blake,herbert,14.0,spensley place,baptist retirement,whalan,3978,sa,19530521.0,6463138,28431,blake,herbert,spensley place,baptist retirement,whalan,sa,1970-01-01,3978,3978_he,1970
anita,catherwood,5.0,nish place,talonmane,emerald,3073,nsw,19420708.0,7373271,1138,anita,catherwood,nish place,talonmane,emerald,nsw,1970-01-01,3073,3073_ca,879
tynan,butt,31.0,canopus crescent,wollartukkee,munruben,3016,qld,19140629.0,5405181,37227,tynan,butt,canopus crescent,wollartukkee,munruben,qld,1970-01-01,3016,3016_bu,1971
nicholas,roxburgh,20.0,keverstone circuit,unt 7,port macquarie,7008,act,19431104.0,5140822,78382,nicholas,roxburgh,keverstone circuit,unt 7,port macquarie,act,1970-01-01,7008,7008_ro,1972
zafa,stanley,2.0,,koah kodge,surry hills,4132,nsw,19971117.0,1275004,3173,zafa,stanley,,koah kodge,surry hills,nsw,1970-01-01,4132,4132_st,1973
brinley,white,21.0,boobialla street,sheep station,carlingford,2830,qld,19241214.0,2042443,86544,brinley,white,boobialla street,sheep station,carlingford,qld,1970-01-01,2830,2830_wh,1864
abbxy,toseland,55.0,haines street,hilldale,mosman,2877,sa,19100830.0,4439847,22215,abbxy,toseland,haines street,hilldale,mosman,sa,1970-01-01,2877,2877_to,1974
charlie,primavera,6.0,dawes street,,dover geights,2533,nsw,19030214.0,3173638,5308,charlie,primavera,dawes street,,dover geights,nsw,1970-01-01,2533,2533_pr,1531
emerson,manson,1.0,goodparla street,munmurra park,moranbah,2094,wa,19890511.0,5082406,70668,emerson,manson,goodparla street,munmurra park,moranbah,wa,1970-01-01,2094,2094_ma,1975
ashley,carxone,13.0,louis lode street,john flynn medical centre,blacktown,2430,vic,19260703.0,4111906,76071,ashley,carxone,louis lode street,john flynn medical centre,blacktown,vic,1970-01-01,2430,2430_ca,1976
james,orchard,3.0,carnallgclose,kooyong,ballina,3095,qld,19970331.0,7947155,45518,james,orchard,carnallgclose,kooyong,ballina,qld,1970-01-01,3095,3095_or,805
,matthews,40.0,longmore crescent,willonyx,ellen grove,3215,qld,19891127.0,4080846,11413,,matthews,longmore crescent,willonyx,ellen grove,qld,1970-01-01,3215,3215_ma,1977
matthew,mason,,willoughby crescent,spq camp,avalon,6171,qld,,2444851,18126,matthew,mason,willoughby crescent,spq camp,avalon,qld,,6171,6171_ma,1978
william,furness,16.0,dexter street,strena rea,westmedows,4568,sa,19021005.0,6115098,14224,william,furness,dexter street,strena rea,westmedows,sa,1970-01-01,4568,4568_fu,577
mia,thredgold,,summerland circuit,cornvale,highett,5110,vic,19980406.0,7484089,4583,mia,thredgold,summerland circuit,cornvale,highett,vic,1970-01-01,5110,5110_th,1979
samuel,,446.0,warragamba avenue,alton hills,brunswick west,5086,qld,19120212.0,8866520,28862,samuel,,warragamba avenue,alton hills,brunswick west,qld,1970-01-01,5086,5086_,301
ronan,phillpott,70.0,southwood retreat,tieve gara,lalor,2177,sa,19530921.0,6393449,55593,ronan,phillpott,southwood retreat,tieve gara,lalor,sa,1970-01-01,2177,2177_ph,1834
benjamin,fitzpatrick,1447.0,bettington circuit,tranquility gdns,taree,2066,nsw,19891108.0,7405689,21533,benjamin,fitzpatrick,bettington circuit,tranquility gdns,taree,nsw,1970-01-01,2066,2066_fi,1980
thomas,simmonds,9.0,lyall crescent,,enoggera,3163,nsw,19590127.0,2772828,37567,thomas,simmonds,lyall crescent,,enoggera,nsw,1970-01-01,3163,3163_si,617
adele,bullock,609.0,shepherdson place,rosedale,rose bay,2170,vic,19071006.0,1839802,46534,adele,bullock,shepherdson place,rosedale,rose bay,vic,1970-01-01,2170,2170_bu,834
callum,doody,137.0,emery street,texas station,matraville,7021,sa,19760824.0,8675161,37699,callum,doody,emery street,texas station,matraville,sa,1970-01-01,7021,7021_do,1947
michael,paschaildis,1.0,de little circuit,nunkuri,osborne park,2380,vic,19930102.0,8507976,74424,michael,paschaildis,de little circuit,nunkuri,osborne park,vic,1970-01-01,2380,2380_pa,1794
rachel,ryan,21.0,kriewaldt circuit,shiel,ermington,4504,vic,19140801.0,3676863,64782,rachel,ryan,kriewaldt circuit,shiel,ermington,vic,1970-01-01,4504,4504_ry,1981
lily,nguyen,43.0,hirschfeld crescent,afflexian,milperra,2084,wa,19270126.0,3183110,93363,lily,nguyen,hirschfeld crescent,afflexian,milperra,wa,1970-01-01,2084,2084_ng,1982
anthony,carbone,28.0,hugh mckay crescent,,mount pleasant,2617,nsw,19531030.0,8781631,36552,anthony,carbone,hugh mckay crescent,,mount pleasant,nsw,1970-01-01,2617,2617_ca,1983
lushia,reid,22.0,hovell street,moline village,revesby,3821,nsw,19780319.0,9766311,5573,lushia,reid,hovell street,moline village,revesby,nsw,1970-01-01,3821,3821_re,1984
zarz,stanley,2.0,paul coe crescent,koah lodge,surry hills,4132,nsw,19971117.0,1275004,88626,zarz,stanley,paul coe crescent,koah lodge,surry hills,nsw,1970-01-01,4132,4132_st,1612
bianca,shepherd,22.0,newdegate street,burbong cottage,fairy hill,2069,qld,19060315.0,3375779,20213,bianca,shepherd,newdegate street,burbong cottage,fairy hill,qld,1970-01-01,2069,2069_sh,1114
sarah,whitre,48.0,sadlier street,berkeleyv illage,punchbowl,2263,vic,19310728.0,9902353,6432,sarah,whitre,sadlier street,berkeleyv illage,punchbowl,vic,1970-01-01,2263,2263_wh,1985
sarah,gukulurruwuy,6.0,barrow p lace,elston,ryfde,3064,wa,19121206.0,9247927,64,sarah,gukulurruwuy,barrow p lace,elston,ryfde,wa,1970-01-01,3064,3064_gu,147
bradley,korbut,25.0,werriwa coescent,the old parsonage,calista,4205,wa,,7577439,34575,bradley,korbut,werriwa coescent,the old parsonage,calista,wa,,4205,4205_ko,1986
micah,humphreys,2.0,windradyne street,enter boolwey s street,jacanz,3137,nsw,19381107.0,5990502,32282,micah,humphreys,windradyne street,enter boolwey s street,jacanz,nsw,1970-01-01,3137,3137_hu,1987
deakyn,newberry,18.0,wirangu place,,quambatook,3205,vic,19500421.0,4632560,92825,deakyn,newberry,wirangu place,,quambatook,vic,1970-01-01,3205,3205_ne,1988
samantha,nelsen,3.0,magenta square,billamein,vale park,3054,nsw,19170726.0,7365496,36188,samantha,nelsen,magenta square,billamein,vale park,nsw,1970-01-01,3054,3054_ne,1989
arki,white,35.0,griffiths street,berragoon,mount isa,2122,sa,19130405.0,5957560,82912,arki,white,griffiths street,berragoon,mount isa,sa,1970-01-01,2122,2122_wh,1990
todd,jolly,50.0,burkitt street,melima,bowral,4226,wa,19360831.0,8156002,60664,todd,jolly,burkitt street,melima,bowral,wa,1970-01-01,4226,4226_jo,1571
tara,dixon,25.0,moogerah s treet,,fairlight,2428,qld,19200105.0,5335030,99283,tara,dixon,moogerah s treet,,fairlight,qld,1970-01-01,2428,2428_di,1991
adriana,pinto,46.0,dryandra street,quandialla,brunswick west,5417,qld,19450702.0,1729257,73920,adriana,pinto,dryandra street,quandialla,brunswick west,qld,1970-01-01,5417,5417_pi,1091
harriet,tailor,,gatton street,dinta,artarmon,4151,nsw,19590819.0,7024715,48499,harriet,tailor,gatton street,dinta,artarmon,nsw,1970-01-01,4151,4151_ta,1992
harley,mccarthy,177.0,pridham street,milton,marsden,3165,nsw,19080419.0,6089216,52361,harley,mccarthy,pridham street,milton,marsden,nsw,1970-01-01,3165,3165_mc,1
brooklyn,rees,77.0,kingsmill street,willandra,cabramata,2035,vic,,9674605,40005,brooklyn,rees,kingsmill street,willandra,cabramata,vic,,2035,2035_re,1370
adam,eveston,11.0,kirkland circuit,warrawong,,2192,act,19940623.0,7493662,12558,adam,eveston,kirkland circuit,warrawong,,act,1970-01-01,2192,2192_ev,968
chloe,wasley,148.0,mclachlan crescent,merri banks,upper coomera,6148,qld,19630503.0,5068158,5557,chloe,wasley,mclachlan crescent,merri banks,upper coomera,qld,1970-01-01,6148,6148_wa,1993
kelsy,charman,46.0,hobbs xtreet,cornucospia,tomakin,4820,vic,19940729.0,1026581,90059,kelsy,charman,hobbs xtreet,cornucospia,tomakin,vic,1970-01-01,4820,4820_ch,1848
ashlie,hinksman,101.0,melrose drive,eden park,coombabah,2171,qld,19331111.0,8950763,61185,ashlie,hinksman,melrose drive,eden park,coombabah,qld,1970-01-01,2171,2171_hi,1994
lily,petersen,13.0,bissenberge r crescent,railway stn,melville,2250,,19020326.0,3851424,71521,lily,petersen,bissenberge r crescent,railway stn,melville,,1970-01-01,2250,2250_pe,877
matthews,hannah,19.0,,,,6210,nsw,19590205.0,1868981,94011,matthews,hannah,,,,nsw,1970-01-01,6210,6210_ha,1995
zachary,hopd,64.0,costello circuit,up the vack,tongala,2280,nsw,19390217.0,2473890,21121,zachary,hopd,costello circuit,up the vack,tongala,nsw,1970-01-01,2280,2280_ho,460
samuel,burnell,2.0,bennelong crescent,greta main,ivanhoe,5066,nsw,19170529.0,9639692,9201,samuel,burnell,bennelong crescent,greta main,ivanhoe,nsw,1970-01-01,5066,5066_bu,284
isabella,runudle,8.0,fawkner street,emerald agrigultural college,pottsville,6154,nsw,,6097070,80769,isabella,runudle,fawkner street,emerald agrigultural college,pottsville,nsw,,6154,6154_ru,1996
daniel,noble,519.0,blakey close,farm cottage,bellevue hill,4035,vic,19090320.0,8724523,17893,daniel,noble,blakey close,farm cottage,bellevue hill,vic,1970-01-01,4035,4035_no,1997
alissa,kerley,38.0,magrath crescent,homesite 3,mount torrens,4701,nsw,19620109.0,5187806,98972,alissa,kerley,magrath crescent,homesite 3,mount torrens,nsw,1970-01-01,4701,4701_ke,1597
emiiluy,crokder,15.0,castleton rcescent,montrise,como,4214,nsw,19461118.0,9660063,62767,emiiluy,crokder,castleton rcescent,montrise,como,nsw,1970-01-01,4214,4214_cr,1998
jessica,faull,10.0,paul coe crescent,gainsbury (cnr waldegrove r road,noble park,2844,sa,19780327.0,7914821,26313,jessica,faull,paul coe crescent,gainsbury cnr waldegrove r road,noble park,sa,1970-01-01,2844,2844_fa,1999
nacoyoa,whte,16.0,blake place,,young,3228,nsw,19260826.0,3012061,60802,nacoyoa,whte,blake place,,young,nsw,1970-01-01,3228,3228_wh,1317
bea u,mccarthy,9.0,gudgenby close,ocean star villas,caiyns,3450,nsw,19070923.0,5234558,842,bea u,mccarthy,gudgenby close,ocean star villas,caiyns,nsw,1970-01-01,3450,3450_mc,2000
monique,cavanaugh,9.0,rodway sptreet,,cronulla,3130,wa,19560111.0,2181923,54837,monique,cavanaugh,rodway sptreet,,cronulla,wa,1970-01-01,3130,3130_ca,2001
lauren,crea,18.0,cith walk,sit 9,athol park,3081,vic,19960613.0,1646449,75005,lauren,crea,cith walk,sit 9,athol park,vic,1970-01-01,3081,3081_cr,528
kazuki,whitea,5.0,ijong dtreet,john curtin hostel,carrum,3616,vic,19360920.0,4008186,2757,kazuki,whitea,ijong dtreet,john curtin hostel,carrum,vic,1970-01-01,3616,3616_wh,2002
mitchell,richmond,38.0,fidge street,wentworth house,blair athol,6148,nsw,19110605.0,4392610,77783,mitchell,richmond,fidge street,wentworth house,blair athol,nsw,1970-01-01,6148,6148_ri,1773
amber,gogovcev,20.0,totterdell street,eden park,mosman,4034,sa,19851112.0,5208847,64645,amber,gogovcev,totterdell street,eden park,mosman,sa,1970-01-01,4034,4034_go,2003
christian,walch,3.0,coombe street,warraview,plumpton,5008,nsw,19930222.0,1670806,9347,christian,walch,coombe street,warraview,plumpton,nsw,1970-01-01,5008,5008_wa,255
kane,sekaran,26.0,wilkins street,the rocks,coolaroo,2155,qld,19160915.0,7612329,85920,kane,sekaran,wilkins street,the rocks,coolaroo,qld,1970-01-01,2155,2155_se,2004
hamish,gilles,157.0,godfrey street,cassadareen,cape paterson,2370,nsw,19180822.0,6415612,33180,hamish,gilles,godfrey street,cassadareen,cape paterson,nsw,1970-01-01,2370,2370_gi,1102
fraser,bishop,57.0,canberra avenue,bindana downs,north haven,2614,nsw,19010417.0,9623266,65448,fraser,bishop,canberra avenue,bindana downs,north haven,nsw,1970-01-01,2614,2614_bi,2005
max,white,47.0,bendigo street,mater professional centre,samford,3677,nsw,19940426.0,7687209,15658,max,white,bendigo street,mater professional centre,samford,nsw,1970-01-01,3677,3677_wh,2006
ruby,vown,65.0,fernyhough crescent,,lamington,3109,nsw,19820119.0,2911379,4134,ruby,vown,fernyhough crescent,,lamington,nsw,1970-01-01,3109,3109_vo,2007
matthew,stanley,40.0,padbury street,rutland park,mill park,6163,nsw,19600430.0,8088932,15074,matthew,stanley,padbury street,rutland park,mill park,nsw,1970-01-01,6163,6163_st,2008
zachary,clarke,16.0,,st john of god hospital,camita,2120,qld,19300102.0,1373543,11108,zachary,clarke,,st john of god hospital,camita,qld,1970-01-01,2120,2120_cl,2009
brendan,elrick,13.0,leist street,tewantin plaza,wangaratta,3137,qld,19241230.0,7767407,37282,brendan,elrick,leist street,tewantin plaza,wangaratta,qld,1970-01-01,3137,3137_el,2010
bianca,shepherd,22.0,newdegate street,burbong ottage,fairy hill,2069,qld,19060315.0,3375779,83378,bianca,shepherd,newdegate street,burbong ottage,fairy hill,qld,1970-01-01,2069,2069_sh,1114
jayden,matthews,28.0,pleasance place,wirreander,ashfield,3414,vic,19380415.0,4373341,17652,jayden,matthews,pleasance place,wirreander,ashfield,vic,1970-01-01,3414,3414_ma,2011
bethany,schaedler,199.0,corroboree park,rosetta village,balwyn north,6043,vic,19410123.0,8801089,52304,bethany,schaedler,corroboree park,rosetta village,balwyn north,vic,1970-01-01,6043,6043_sc,2012
lachlan,manson,457.0,jim pike avenue,bendarra,lemon tree passage,3233,nsw,19680108.0,5276246,70518,lachlan,manson,jim pike avenue,bendarra,lemon tree passage,nsw,1970-01-01,3233,3233_ma,2013
zachary,clarke,2.0,port jackson circuit,masonic memorial village,minchonbury,4470,sa,19731003.0,4301419,33856,zachary,clarke,port jackson circuit,masonic memorial village,minchonbury,sa,1970-01-01,4470,4470_cl,751
campbell,cowden,2.0,pokana circuit,curtin house,st albans,2315,nsw,19790419.0,8190536,36450,campbell,cowden,pokana circuit,curtin house,st albans,nsw,1970-01-01,2315,2315_co,2014
micuael,tylkowski,276.0,ashburton circuit,,st peters,2570,nsw,19290421.0,9384379,50348,micuael,tylkowski,ashburton circuit,,st peters,nsw,1970-01-01,2570,2570_ty,2015
zachary,hope,64.0,costellozcircuit,foxlea,mosman,2280,nsw,19390217.0,2473890,20534,zachary,hope,costellozcircuit,foxlea,mosman,nsw,1970-01-01,2280,2280_ho,2016
flynn,welqer,,woollum street,allunga,surrey hills,2804,qld,19700106.0,9438862,89396,flynn,welqer,woollum street,allunga,surrey hills,qld,1970-01-01,2804,2804_we,2017
matthew,paine,7.0,mcintyre street,urunga,moulyinning,7000,nsw,19250117.0,6277575,16445,matthew,paine,mcintyre street,urunga,moulyinning,nsw,1970-01-01,7000,7000_pa,52
ern,donaldson,13.0,hawkesbury crescent,aralee,lewisgon,7018,,19810427.0,2955815,42400,ern,donaldson,hawkesbury crescent,aralee,lewisgon,,1970-01-01,7018,7018_do,2018
meagan,watkins-lyall,78.0,clancy street,,broken hill,4169,sa,19806817.0,5297907,76582,meagan,watkins lyall,clancy street,,broken hill,sa,1970-01-01,4169,4169_wa,2019
maddison,giordano,34.0,martley circuit,kiaora,ringwood,3429,qld,19621121.0,7118072,27318,maddison,giordano,martley circuit,kiaora,ringwood,qld,1970-01-01,3429,3429_gi,244
hayley,white,,hallen close,chelsea house,orange,2176,sa,19810909.0,4247423,58825,hayley,white,hallen close,chelsea house,orange,sa,1970-01-01,2176,2176_wh,2020
thomas,alagich,9.0,,countyr club,toorak,3216,sa,,3790888,75066,thomas,alagich,,countyr club,toorak,sa,,3216,3216_al,2021
kazuki,white,5.0,ijong street,john curtin hostel,carrum,3616,vic,19360920.0,4008186,80683,kazuki,white,ijong street,john curtin hostel,carrum,vic,1970-01-01,3616,3616_wh,2002
kaminskas,isabelle,19.0,isis cqlose,westholme,port augusta,2765,qld,19060622.0,9770315,69084,kaminskas,isabelle,isis cqlose,westholme,port augusta,qld,1970-01-01,2765,2765_is,2022
harry,clarke,16.0,hyndes crescent,royal brisbane hospital,homebush,4805,nsw,19971021.0,6391399,81392,harry,clarke,hyndes crescent,royal brisbane hospital,homebush,nsw,1970-01-01,4805,4805_cl,2023
sam,glass,250.0,warrego icrcuit,sec 202,frankston,6210,qld,19640219.0,6764035,6780,sam,glass,warrego icrcuit,sec 202,frankston,qld,1970-01-01,6210,6210_gl,2024
casey,tunstall,1.0,strahan row,villa 2,yagoona,3038,sa,19110402.0,3008766,86865,casey,tunstall,strahan row,villa 2,yagoona,sa,1970-01-01,3038,3038_tu,2025
james,quimnzi,6.0,fawkner street,streanshalh,yasls,3142,tas,19860208.0,9289559,38223,james,quimnzi,fawkner street,streanshalh,yasls,tas,1970-01-01,3142,3142_qu,855
ronan,anthomy,100.0,newman morris circuit,old lake shotel,chittering,2148,vic,19710321.0,5778625,63034,ronan,anthomy,newman morris circuit,old lake shotel,chittering,vic,1970-01-01,2148,2148_an,1853
thomas,meadows,13.0,bridgge place,,malvern aest,2794,wa,19840422.0,1641632,1470,thomas,meadows,bridgge place,,malvern aest,wa,1970-01-01,2794,2794_me,1855
magnus,grubb,19.0,gurrang avenue,jalkaro,rye,5044,vic,19771206.0,1271018,9323,magnus,grubb,gurrang avenue,jalkaro,rye,vic,1970-01-01,5044,5044_gr,2026
alisha,white,300.0,dalgarno close,westport,burringbar,6107,vic,19660114.0,9639569,45486,alisha,white,dalgarno close,westport,burringbar,vic,1970-01-01,6107,6107_wh,2027
caleb,hage,34.0,mcdermott street,dallyn,johns river,4350,act,19110405.0,5267460,91486,caleb,hage,mcdermott street,dallyn,johns river,act,1970-01-01,4350,4350_ha,2028
eliza,mason,57.0,kennedy street,brentwood vlge,bundamba,4067,tas,19071124.0,3004030,14146,eliza,mason,kennedy street,brentwood vlge,bundamba,tas,1970-01-01,4067,4067_ma,190
amy,flatman,655.0,campbell street,woodsong,north hobart,2016,vic,19540812.0,1679056,73818,amy,flatman,campbell street,woodsong,north hobart,vic,1970-01-01,2016,2016_fl,2029
holly,shepherd,3.0,stillwell place,elston,albion park rail,6201,vic,19800323.0,4620818,60767,holly,shepherd,stillwell place,elston,albion park rail,vic,1970-01-01,6201,6201_sh,130
jessica,vincent,223.0,,lithgowvale,ascot vale,2209,nsw,19930511.0,8036304,85093,jessica,vincent,,lithgowvale,ascot vale,nsw,1970-01-01,2209,2209_vi,2030
ella,rawlings,1.0,garanga,shoalhaven avenue,bulimba,2481,vic,19031013.0,1872004,11136,ella,rawlings,garanga,shoalhaven avenue,bulimba,vic,1970-01-01,2481,2481_ra,2031
kiana,gillick,25.0,clive steele avenue,mandala gdns,lakemba,4021,nsw,19331116.0,6877470,68167,kiana,gillick,clive steele avenue,mandala gdns,lakemba,nsw,1970-01-01,4021,4021_gi,2032
dominic,flockhart,2.0,oxley steret,clear creek,nortngate,3000,wa,19890621.0,5173538,51384,dominic,flockhart,oxley steret,clear creek,nortngate,wa,1970-01-01,3000,3000_fl,149
jacob,bowerman,19.0,halford crescent,sutyton,nollamara,2431,qdl,19880821.0,6089424,47597,jacob,bowerman,halford crescent,sutyton,nollamara,qdl,1970-01-01,2431,2431_bo,2033
lucy,green,38.0,manning street,,canley vale,2228,nsw,19411102.0,5041084,49336,lucy,green,manning street,,canley vale,nsw,1970-01-01,2228,2228_gr,2034
olivr,clarke,35.0,macumba place,ordviewaestate,sunshine,3150,nsw,19721201.0,3931949,37677,olivr,clarke,macumba place,ordviewaestate,sunshine,nsw,1970-01-01,3150,3150_cl,1772
lauren,blascgke,72.0,mccormcak street,marx hill street,bittern,4619,,19130618.0,7472975,3644,lauren,blascgke,mccormcak street,marx hill street,bittern,,1970-01-01,4619,4619_bl,2035
keegan,wotton,38.0,magrath crescent,marshanti arabians,colac,6108,nsw,19700122.0,1663324,39307,keegan,wotton,magrath crescent,marshanti arabians,colac,nsw,1970-01-01,6108,6108_wo,2036
sameul,ryan,512.0,hilder street,state bank arcade,elizabeth grove,2300,sa,19830613.0,5653742,89360,sameul,ryan,hilder street,state bank arcade,elizabeth grove,sa,1970-01-01,2300,2300_ry,791
travks,stubsb,42.0,scardon street,st john of g o hospital,raymond terrace,2516,nsw,19010228.0,5893718,51099,travks,stubsb,scardon street,st john of g o hospital,raymond terrace,nsw,1970-01-01,2516,2516_st,2037
madisono,mattyews,4.0,sugarloaf circuit,bonn ydoon,burpengary,2090,vic,19290710.0,1551052,96241,madisono,mattyews,sugarloaf circuit,bonn ydoon,burpengary,vic,1970-01-01,2090,2090_ma,2038
gillian,blake,131.0,charterisville avenue,whispering pines,avondale heights,2145,vic,19720122.0,1432771,61550,gillian,blake,charterisville avenue,whispering pines,avondale heights,vic,1970-01-01,2145,2145_bl,2039
oliver,haggett,37.0,aprt 504,dartnell street,holden hill,4858,nsw,19570530.0,2086061,30053,oliver,haggett,aprt 504,dartnell street,holden hill,nsw,1970-01-01,4858,4858_ha,2040
lukas,hannagan,12.0,mundawarocircuit,nimmie,kaleen,2632,vic,19130118.0,8794152,26951,lukas,hannagan,mundawarocircuit,nimmie,kaleen,vic,1970-01-01,2632,2632_ha,2041
wiliam,stubbs,36.0,lamabr,kingsmill street,canterbury,2206,wa,19340903.0,9667086,5417,wiliam,stubbs,lamabr,kingsmill street,canterbury,wa,1970-01-01,2206,2206_st,2042
jessica,smallacombe,43.0,eve place,ellerslee,nunawading,5540,vic,19060713.0,6942191,40693,jessica,smallacombe,eve place,ellerslee,nunawading,vic,1970-01-01,5540,5540_sm,535
destynii,bowermn,21.0,halford crescent,sutton,nollamara,2413,qld,19880821.0,6089424,8607,destynii,bowermn,halford crescent,sutton,nollamara,qld,1970-01-01,2413,2413_bo,2043
megan,purdon,8.0,lyndon street,hawkesbury natural health acupuncture ce,minchinbupry,2256,vic,19900130.0,1801047,16328,megan,purdon,lyndon street,hawkesbury natural health acupuncture ce,minchinbupry,vic,1970-01-01,2256,2256_pu,1736
danika,langer,16.0,bellinger circuit,gwandalan,frankston,4108,act,19900709.0,2332785,29246,danika,langer,bellinger circuit,gwandalan,frankston,act,1970-01-01,4108,4108_la,2044
joshua,mayman,7.0,pike place,,moorooka,2830,vic,19801013.0,1937873,56786,joshua,mayman,pike place,,moorooka,vic,1970-01-01,2830,2830_ma,2045
lauren,paine,27.0,mcvey p lace,yambira,helidon,2463,qld,19440502.0,4517134,44434,lauren,paine,mcvey p lace,yambira,helidon,qld,1970-01-01,2463,2463_pa,526
joshua,felmingham,3.0,fullagar crescent,mariner views,evandale,2229,nsw,19810315.0,8249572,69375,joshua,felmingham,fullagar crescent,mariner views,evandale,nsw,1970-01-01,2229,2229_fe,249
mitchekl,waller,66.0,brewster place,osborne house,toowoomba,4740,sa,19371230.0,9707084,46025,mitchekl,waller,brewster place,osborne house,toowoomba,sa,1970-01-01,4740,4740_wa,2046
timothy,broadby,1.0,mare ngo place,lewin lodge,leonards hill,2770,qld,19670530.0,3863457,48383,timothy,broadby,mare ngo place,lewin lodge,leonards hill,qld,1970-01-01,2770,2770_br,2047
lara,slave,11.0,lamington s treet,rodehill,albany creek,6020,wa,19010927.0,2204911,91491,lara,slave,lamington s treet,rodehill,albany creek,wa,1970-01-01,6020,6020_sl,29
hannah,clarke,19.0,anzac park,willandra village,currumbin valley,2454,nsw,19991107.0,4460293,24992,hannah,clarke,anzac park,willandra village,currumbin valley,nsw,1970-01-01,2454,2454_cl,2048
bree,reid,3.0,gooromon po nds road,eldwick,rockb point,6155,nsw,19230129.0,8794990,94411,bree,reid,gooromon po nds road,eldwick,rockb point,nsw,1970-01-01,6155,6155_re,1673
sebatian,petersen,1.0,chinner cfescent,dorothy genders vlge,dapto,3015,wa,19290524.0,2310376,20987,sebatian,petersen,chinner cfescent,dorothy genders vlge,dapto,wa,1970-01-01,3015,3015_pe,2049
george,hope,76.0,kitchener street,,nanneella,6530,vic,19370305.0,9882299,12966,george,hope,kitchener street,,nanneella,vic,1970-01-01,6530,6530_ho,2050
abby,robson,20.0,anzac park,chanak,ettalong,3149,qld,19840131.0,7511641,39356,abby,robson,anzac park,chanak,ettalong,qld,1970-01-01,3149,3149_ro,2051
stephanie,spong,14.0,kenyon circuit,waverley lodge,normanhurst,3182,nsw,19430901.0,6128280,66666,stephanie,spong,kenyon circuit,waverley lodge,normanhurst,nsw,1970-01-01,3182,3182_sp,1904
emm,papp-horfvath,115.0,appel crescent,the lakes retirement village,allambie,2222,nsw,19620713.0,5409983,42841,emm,papp horfvath,appel crescent,the lakes retirement village,allambie,nsw,1970-01-01,2222,2222_pa,441
tristan,hunting,22.0,jerrabomberra avenue,elamon cottage,tornto,4873,qld,19430818.0,3648446,28278,tristan,hunting,jerrabomberra avenue,elamon cottage,tornto,qld,1970-01-01,4873,4873_hu,2052
kirar,neville,23.0,rene street,medical centre,burpengary,2747,qld,19140824.0,2031372,71500,kirar,neville,rene street,medical centre,burpengary,qld,1970-01-01,2747,2747_ne,2053
kristen,capurso,67.0,bosworth circuit,monier square,magra,4075,vic,19170201.0,7204184,91928,kristen,capurso,bosworth circuit,monier square,magra,vic,1970-01-01,4075,4075_ca,2054
zachay,hope,64.0,costello circuit,foxzla,mosman,2280,nsw,19390217.0,2473890,48563,zachay,hope,costello circuit,foxzla,mosman,nsw,1970-01-01,2280,2280_ho,460
jessica,whle,14.0,blue shadows,pambula street,surry hills,2541,nsw,19341001.0,6125303,55586,jessica,whle,blue shadows,pambula street,surry hills,nsw,1970-01-01,2541,2541_wh,2055
emma,golder,381.0,fullerton crescent,carey park,campsie,2107,qld,19260419.0,1677968,6844,emma,golder,fullerton crescent,carey park,campsie,qld,1970-01-01,2107,2107_go,241
joshua,reid,273.0,goyderstreet,loughmore,adelaide,2484,vic,19730628.0,9653869,28129,joshua,reid,goyderstreet,loughmore,adelaide,vic,1970-01-01,2484,2484_re,2056
shelby,stodart,10.0,currong street,woodrose,dorrigo,2614,nsw,19731031.0,3832597,56867,shelby,stodart,currong street,woodrose,dorrigo,nsw,1970-01-01,2614,2614_st,2057
bkows,luc y,1.0,kriewaldt circuit,rosehill,torfquay,3084,sa,,4309304,42420,bkows,luc y,kriewaldt circuit,rosehill,torfquay,sa,,3084,3084_lu,2058
jake,rhyne,32.0,walker crescent,glencot,burwood,3106,nsw,19511109.0,2471300,30717,jake,rhyne,walker crescent,glencot,burwood,nsw,1970-01-01,3106,3106_rh,2059
paul,coleman,35.0,fiskstrneet,shopping centre,north ryde,2720,sa,19940821.0,7652642,7076,paul,coleman,fiskstrneet,shopping centre,north ryde,sa,1970-01-01,2720,2720_co,2060
christian,minarss,3.0,cox street,bays hospital,sunshine,2153,qld,19890812.0,5492745,14364,christian,minarss,cox street,bays hospital,sunshine,qld,1970-01-01,2153,2153_mi,1571
zachary,clarke,2.0,port jackson circuit,masonic memorial village,minchinbury,4470,sa,19731003.0,4301419,25674,zachary,clarke,port jackson circuit,masonic memorial village,minchinbury,sa,1970-01-01,4470,4470_cl,751
holly,stoker,5.0,ballumbir street,sunnyehikls,kirrawee,6090,vic,19300121.0,8123371,44178,holly,stoker,ballumbir street,sunnyehikls,kirrawee,vic,1970-01-01,6090,6090_st,2061
cade,muhsam,583.0,holder street,frm 654,kingston beach,2620,tas,19040606.0,1082057,58456,cade,muhsam,holder street,frm 654,kingston beach,tas,1970-01-01,2620,2620_mu,2062
lauren,crea,18.0,city walk,,athol park,3081,vic,19960613.0,1646449,39761,lauren,crea,city walk,,athol park,vic,1970-01-01,3081,3081_cr,528
giorgia,frahn,62.0,handasyde street,ramano estate locn 1,tallebudgera,4506,vic,19670206.0,9724789,14508,giorgia,frahn,handasyde street,ramano estate locn 1,tallebudgera,vic,1970-01-01,4506,4506_fr,2063
datcy,shepherd,23.0,,utn 2,kinross,2540,nsw,19771226.0,6039792,69591,datcy,shepherd,,utn 2,kinross,nsw,1970-01-01,2540,2540_sh,2064
mia,paulka,211.0,bourne s treet,,ballina,3975,vic,19260122.0,4721250,61152,mia,paulka,bourne s treet,,ballina,vic,1970-01-01,3975,3975_pa,2065
emiily,vodden,41.0,arcxdia,clement place,stjohsn park,2179,nsw,19811218.0,9588930,45056,emiily,vodden,arcxdia,clement place,stjohsn park,nsw,1970-01-01,2179,2179_vo,2066
natassia,blake,37.0,watgania,kathner street,batemans bay,7004,act,19000911.0,8022390,62433,natassia,blake,watgania,kathner street,batemans bay,act,1970-01-01,7004,7004_bl,2067
teneille,lamprey,36.0,forrest place,terra nostra,bayswater north,4160,vic,19281101.0,9687938,48204,teneille,lamprey,forrest place,terra nostra,bayswater north,vic,1970-01-01,4160,4160_la,851
breeanne,dibben,6.0,collicott circuit,,loganholme,2317,nsw,19241203.0,6261895,58086,breeanne,dibben,collicott circuit,,loganholme,nsw,1970-01-01,2317,2317_di,2068
williaj,bracci,13.0,hann street,upper flat,campfhill,2154,nsw,19470617.0,7315857,47355,williaj,bracci,hann street,upper flat,campfhill,nsw,1970-01-01,2154,2154_br,2069
amy,beckwith,68.0,barkooo,john cleland crescent,blackheath,2036,qld,19160228.0,2583601,94695,amy,beckwith,barkooo,john cleland crescent,blackheath,qld,1970-01-01,2036,2036_be,2070
ryan,shepherd,82.0,kitchener street,unt 1,slacks creek,3040,,19870928.0,4515379,34939,ryan,shepherd,kitchener street,unt 1,slacks creek,,1970-01-01,3040,3040_sh,2071
kaysey,kon,1.0,gaylard place,ohio stiaon,,5009,vid,19600828.0,8475924,33820,kaysey,kon,gaylard place,ohio stiaon,,vid,1970-01-01,5009,5009_ko,2072
jed,coulson,,selwyn street,c ooee,waverley,2765,nsw,19780824.0,7120764,31794,jed,coulson,selwyn street,c ooee,waverley,nsw,1970-01-01,2765,2765_co,2073
bradley,gershon,70.0,dalrymple street,john flynn medical centre,,3264,sa,19930712.0,5762612,62925,bradley,gershon,dalrymple street,john flynn medical centre,,sa,1970-01-01,3264,3264_ge,2074
christopher,clarke,14.0,rene street,,crows nest,4754,sa,19851127.0,5181141,47226,christopher,clarke,rene street,,crows nest,sa,1970-01-01,4754,4754_cl,2075
oliver,szeszwcki,10.0,,,currajong,2228,sa,19720315.0,4739075,80166,oliver,szeszwcki,,,currajong,sa,1970-01-01,2228,2228_sz,1525
cameron,stanley,2.0,majura road,goughs bay,bayswater,2117,wa,19511004.0,1301653,47399,cameron,stanley,majura road,goughs bay,bayswater,wa,1970-01-01,2117,2117_st,2076
brain,benjamin,,leahy zlose,elizabeth residenvtial village,dover heights,2164,nsw,19240924.0,9191751,61317,brain,benjamin,leahy zlose,elizabeth residenvtial village,dover heights,nsw,1970-01-01,2164,2164_be,1505
riley,wegemer,45.0,phillip avenue,walhalla,cremorne,3937,wa,19540621.0,3741613,31382,riley,wegemer,phillip avenue,walhalla,cremorne,wa,1970-01-01,3937,3937_we,2077
jarvis,denholm,95.0,derrington crescent,headland garden,centennial park,2073,nsw,19750315.0,3771528,98842,jarvis,denholm,derrington crescent,headland garden,centennial park,nsw,1970-01-01,2073,2073_de,1558
noah,weavell,20.0,bromell ciecuit,eveston park,new town,3934,tas,19980505.0,7187048,92400,noah,weavell,bromell ciecuit,eveston park,new town,tas,1970-01-01,3934,3934_we,2078
grace,morrison,4.0,wilkins street,,wisemans ferry,4220,qld,19880415.0,8612252,75617,grace,morrison,wilkins street,,wisemans ferry,qld,1970-01-01,4220,4220_mo,2079
sena,mccarthy,7.0,beazley crescent,tinatgel,broadford,4076,act,19561005.0,2726910,84222,sena,mccarthy,beazley crescent,tinatgel,broadford,act,1970-01-01,4076,4076_mc,2080
william,bracci,13.0,hann treet,upper flat,camp hill,2159,nsw,19470617.0,7315057,93853,william,bracci,hann treet,upper flat,camp hill,nsw,1970-01-01,2159,2159_br,2081
emiily,beams,1.0,tarrabool street,fronda,anderrove,2075,qld,19011124.0,6512231,65040,emiily,beams,tarrabool street,fronda,anderrove,qld,1970-01-01,2075,2075_be,1340
anthony,carbone,28.0,hugh mckayecrescent,,mount pleasant,2617,nsw,19531030.0,8781631,82084,anthony,carbone,hugh mckayecrescent,,mount pleasant,nsw,1970-01-01,2617,2617_ca,1983
tal ia,hilton,16.0,lunn pace,,camperdown,3752,vic,19201231.0,9206639,47854,tal ia,hilton,lunn pace,,camperdown,vic,1970-01-01,3752,3752_hi,2082
dyan,zilm,43.0,blamey crescent,condnup,wattle glen,4211,vic,19671229.0,4892613,47949,dyan,zilm,blamey crescent,condnup,wattle glen,vic,1970-01-01,4211,4211_zi,1252
erin,cresp,2.0,clarey crescent,walnut grove estate,wingham,3199,nsw,19430721.0,6489739,52111,erin,cresp,clarey crescent,walnut grove estate,wingham,nsw,1970-01-01,3199,3199_cr,2083
reece,lyden,4.0,cobar place,deergarden caravn park,marulan,2020,sa,19010824.0,2283023,236,reece,lyden,cobar place,deergarden caravn park,marulan,sa,1970-01-01,2020,2020_ly,2084
,rysn,26.0,lance hill avenue,cameroo,forest hill,3020,nsw,19720615.0,7563426,44010,,rysn,lance hill avenue,cameroo,forest hill,nsw,1970-01-01,3020,3020_ry,2085
maxin,hewson,48.0,ammon place,inglewood,ivanhoe,5048,vic,19781215.0,7902006,20779,maxin,hewson,ammon place,inglewood,ivanhoe,vic,1970-01-01,5048,5048_he,1833
leon,haar,24.0,inwood place,brindabella specialist centre,newcastle,4019,vic,19930327.0,5674799,69011,leon,haar,inwood place,brindabella specialist centre,newcastle,vic,1970-01-01,4019,4019_ha,2086
ayden,whit,711.0,dines place,ocean park towers,garran,2506,vic,19390830.0,7585098,55067,ayden,whit,dines place,ocean park towers,garran,vic,1970-01-01,2506,2506_wh,1211
anthony,vijiaraj,26.0,moon place,crower,chinchilla,5453,qld,19871031.0,7277540,55538,anthony,vijiaraj,moon place,crower,chinchilla,qld,1970-01-01,5453,5453_vi,2087
james,croker,24.0,aston crescent,loma langie,cooberpedy,4305,nsw,19170923.0,9477785,60315,james,croker,aston crescent,loma langie,cooberpedy,nsw,1970-01-01,4305,4305_cr,1053
keira,browne,23.0,teakle place,brinjarry,penshurst,3199,wa,19791215.0,3267500,14592,keira,browne,teakle place,brinjarry,penshurst,wa,1970-01-01,3199,3199_br,2088
ca itlin,menzies,,adair street,kilnacrott,wentworth falls,2304,nsw,19190514.0,8126161,7221,ca itlin,menzies,adair street,kilnacrott,wentworth falls,nsw,1970-01-01,2304,2304_me,2089
olivia,shepherd,39.0,burnag place,rowethorpe,magill,3183,nsw,19320907.0,5731308,29089,olivia,shepherd,burnag place,rowethorpe,magill,nsw,1970-01-01,3183,3183_sh,960
charlotte,orchard,3.0,dickinson street,kalinda park,narellan,4551,wa,19850330.0,3193520,9217,charlotte,orchard,dickinson street,kalinda park,narellan,wa,1970-01-01,4551,4551_or,2090
jessica,schumann,8.0,wilkinson street,tintagel,penrith,4111,qld,19160902.0,1077134,65248,jessica,schumann,wilkinson street,tintagel,penrith,qld,1970-01-01,4111,4111_sc,2091
wilh,hefford,1.0,solly place,margaret river carvn park,port pirie,5000,nsw,19520917.0,1267536,67856,wilh,hefford,solly place,margaret river carvn park,port pirie,nsw,1970-01-01,5000,5000_he,2092
daniel,tqow,20.0,,glenlee,blakeview,5089,sa,19310724.0,9926473,85312,daniel,tqow,,glenlee,blakeview,sa,1970-01-01,5089,5089_tq,2093
daniel,riding,228.0,antill street,,,6001,tas,19090516.0,2525592,71839,daniel,riding,antill street,,,tas,1970-01-01,6001,6001_ri,2094
jaykob,clarke,75.0,mileham street,kimberley,dalby,2170,wa,19000919.0,9245172,16385,jaykob,clarke,mileham street,kimberley,dalby,wa,1970-01-01,2170,2170_cl,2095
karla,rump,39.0,hilder street,,normabhurst,3219,wa,19010414.0,7537136,7033,karla,rump,hilder street,,normabhurst,wa,1970-01-01,3219,3219_ru,2096
jake,berry,31.0,boolee street,noss,burleigh waters,2133,qld,19121215.0,3029548,31889,jake,berry,boolee street,noss,burleigh waters,qld,1970-01-01,2133,2133_be,2097
flynn,crea,45.0,,berkeley village,lismore,2068,nsw,19610318.0,7062906,970,flynn,crea,,berkeley village,lismore,nsw,1970-01-01,2068,2068_cr,2098
bailey,mazurkiewicz,26.0,o'hara close,caravn park,mosman,2486,nsw,19131214.0,5855784,36415,bailey,mazurkiewicz,o'hara close,caravn park,mosman,nsw,1970-01-01,2486,2486_ma,2099
benjamin,matthews,36.0,,anzac house (cnr archer s street,torquay,3672,sa,19221224.0,3995925,91782,benjamin,matthews,,anzac house cnr archer s street,torquay,sa,1970-01-01,3672,3672_ma,2100
jessica,rivera,14.0,quick street,jasmine ldoge,kingsthorpe,5605,,19620906.0,1054434,9126,jessica,rivera,quick street,jasmine ldoge,kingsthorpe,,1970-01-01,5605,5605_ri,2101
lara,slpee,11.0,lamington street,rosehill,albany creek,6020,wa,19010927.0,2204911,18828,lara,slpee,lamington street,rosehill,albany creek,wa,1970-01-01,6020,6020_sl,29
david,sydorenko,12.0,fuhrman street,the manor braeside,sefton park,3153,vic,,1746512,68234,david,sydorenko,fuhrman street,the manor braeside,sefton park,vic,,3153,3153_sy,2102
hollie,lillie-hinrichs,27.0,hemmings crescent,kilvinton village,banyo,4030,,19251130.0,4920253,11280,hollie,lillie hinrichs,hemmings crescent,kilvinton village,banyo,,1970-01-01,4030,4030_li,8
reece,lyden,4.0,cobar lpace,deergarden caravn park,marulan,2002,sa,19881122.0,2283032,78118,reece,lyden,cobar lpace,deergarden caravn park,marulan,sa,1970-01-01,2002,2002_ly,2103
lucida,mcneill,7.0,ashburton circuit,malekula,,3223,qld,19090228.0,4361711,23803,lucida,mcneill,ashburton circuit,malekula,,qld,1970-01-01,3223,3223_mc,2104
lily,priest,29.0,nemarang crescent,yellow dam,westmead,2250,tas,19401205.0,2293160,70833,lily,priest,nemarang crescent,yellow dam,westmead,tas,1970-01-01,2250,2250_pr,2105
silas,butter,1.0,tubruubcca,burkitt s treet,canley vale,2031,nsw,19431110.0,7275629,10527,silas,butter,tubruubcca,burkitt s treet,canley vale,nsw,1970-01-01,2031,2031_bu,2106
stubbs,jaxck,150.0,heard sreet,summerset,st agnes,5344,qld,19890526.0,1690126,74728,stubbs,jaxck,heard sreet,summerset,st agnes,qld,1970-01-01,5344,5344_ja,2107
liam,pulford,6.0,theodore street,tarwyn park,penrith,4816,qld,19700908.0,6254692,1144,liam,pulford,theodore street,tarwyn park,penrith,qld,1970-01-01,4816,4816_pu,2108
wztkin,raquel,2.0,albermarle place,hamilton central,auburn,6318,vic,19170312.0,7699627,87928,wztkin,raquel,albermarle place,hamilton central,auburn,vic,1970-01-01,6318,6318_ra,2109
chelsea,ronan,161.0,murphy street,racecourse,urangan,4869,vic,19350815.0,8318674,89805,chelsea,ronan,murphy street,racecourse,urangan,vic,1970-01-01,4869,4869_ro,2110
samantha,forshaw,24.0,mcmillan crescent,tarwong,thebarton,3178,nsw,19140807.0,8586103,33467,samantha,forshaw,mcmillan crescent,tarwong,thebarton,nsw,1970-01-01,3178,3178_fo,581
zacyary,rollins,8.0,fimistericircuit,wathonga,brown hill,5032,nsw,,2423787,35043,zacyary,rollins,fimistericircuit,wathonga,brown hill,nsw,,5032,5032_ro,2111
connor,clarke,39.0,de chair street,wilding,peakhurst,5204,vic,19450907.0,1230316,86694,connor,clarke,de chair street,wilding,peakhurst,vic,1970-01-01,5204,5204_cl,2112
thomas,miles,18.0,caley cruscent,,sunshine,4703,sa,19620721.0,8287970,3384,thomas,miles,caley cruscent,,sunshine,sa,1970-01-01,4703,4703_mi,2113
alexander,mccarthy,17.0,collings street,balala dtation,blakehurst,2913,qld,19280419.0,1582861,97269,alexander,mccarthy,collings street,balala dtation,blakehurst,qld,1970-01-01,2913,2913_mc,2114
emiilh,,36.0,barclay street,wangrah,airlie beach,4780,vic,19090420.0,4870757,8673,emiilh,,barclay street,wangrah,airlie beach,vic,1970-01-01,4780,4780_,390
lachlan,bishop,112.0,newman morris circuit,granny flat rear,bellambi,2038,nsw,19541027.0,4547925,32009,lachlan,bishop,newman morris circuit,granny flat rear,bellambi,nsw,1970-01-01,2038,2038_bi,2115
emiily,robson,97.0,bungoniastreet,st francis vlge,dianella,5066,wa,19420828.0,9454883,27829,emiily,robson,bungoniastreet,st francis vlge,dianella,wa,1970-01-01,5066,5066_ro,1611
,malin,197.0,deamer crescent,westmead accom,st clair,4879,act,19461215.0,1332042,62750,,malin,deamer crescent,westmead accom,st clair,act,1970-01-01,4879,4879_ma,2116
caleb,white,35.0,griffiths street,berragoon,mount isa,2122,sa,19130405.0,5957560,3020,caleb,white,griffiths street,berragoon,mount isa,sa,1970-01-01,2122,2122_wh,2117
shona,arbuckle,4.0,sprent street,anderwood,keysborough,6009,vic,19191013.0,6310771,53367,shona,arbuckle,sprent street,anderwood,keysborough,vic,1970-01-01,6009,6009_ar,2118
benjamin,schwinghammer,14.0,shenton crescent,kilnacrott,camden,3820,nt,19570329.0,4830631,73881,benjamin,schwinghammer,shenton crescent,kilnacrott,camden,nt,1970-01-01,3820,3820_sc,2119
geofge,riddell,2.0,knoke avenue,bonnie doon,manly vale,4405,sa,19360413.0,2523840,74709,geofge,riddell,knoke avenue,bonnie doon,manly vale,sa,1970-01-01,4405,4405_ri,295
isabella,rundle,3.0,fawkner street,emerald agrigultural college,pottsville,6154,nsw,,6097070,71147,isabella,rundle,fawkner street,emerald agrigultural college,pottsville,nsw,,6154,6154_ru,2120
grace,friebel,,edwell place,villa 2,moorabbin,2117,wa,19151028.0,7313566,79895,grace,friebel,edwell place,villa 2,moorabbin,wa,1970-01-01,2117,2117_fr,2121
zarran,bradshaw,89.0,carnegie crescent,,,6147,nsw,19350707.0,7831798,23807,zarran,bradshaw,carnegie crescent,,,nsw,1970-01-01,6147,6147_br,2122
noah,homahnn,30.0,cowper street,,toorak,3551,vic,19940914.0,4356988,16449,noah,homahnn,cowper street,,toorak,vic,1970-01-01,3551,3551_ho,2123
emma,goldesr,381.0,fullerton crescent,care ypark,campsie,2107,qld,19260419.0,1677968,68901,emma,goldesr,fullerton crescent,care ypark,campsie,qld,1970-01-01,2107,2107_go,241
dillon,stubbs,40.0,murphy street,the swamp,salisbury east,7305,sa,19851018.0,8097614,58233,dillon,stubbs,murphy street,the swamp,salisbury east,sa,1970-01-01,7305,7305_st,1028
samuel,milburn,57.0,skirving place,,kyabram,2191,nsw,19721128.0,9177714,67520,samuel,milburn,skirving place,,kyabram,nsw,1970-01-01,2191,2191_mi,2124
pwige,sach,1.0,,renown,gawler west,2031,nsw,19791109.0,2530372,61284,pwige,sach,,renown,gawler west,nsw,1970-01-01,2031,2031_sa,2125
tynan,pota,39.0,ijong street,smthfld,eimeo,4076,nsw,19160119.0,8487584,31043,tynan,pota,ijong street,smthfld,eimeo,nsw,1970-01-01,4076,4076_po,2126
danielle,reid,17.0,kootara crescent,,wannissa,4220,wa,19530118.0,3310083,8447,danielle,reid,kootara crescent,,wannissa,wa,1970-01-01,4220,4220_re,1230
koula,liddy,33.0,perry drive,withern house,devonport,5097,wa,19871115.0,6488432,66695,koula,liddy,perry drive,withern house,devonport,wa,1970-01-01,5097,5097_li,2127
lucy,sandman,11.0,vincent place,the spur,camden south,3199,nsw,19830308.0,2887497,37889,lucy,sandman,vincent place,the spur,camden south,nsw,1970-01-01,3199,3199_sa,2128
stephanie,white,7.0,tambo street,dunfieldp ark,eight mile plains,3711,nsw,19460625.0,9261342,37585,stephanie,white,tambo street,dunfieldp ark,eight mile plains,nsw,1970-01-01,3711,3711_wh,2129
tahni,murton,11.0,macfarland crescent,,ryde,3220,,19231110.0,4111794,46281,tahni,murton,macfarland crescent,,ryde,,1970-01-01,3220,3220_mu,1241
ebony,morby,,macgillivray street,condavale,armidale,2111,nsw,19840906.0,3945914,75209,ebony,morby,macgillivray street,condavale,armidale,nsw,1970-01-01,2111,2111_mo,1718
kobe,george,19.0,tenison-woods circuit,cliff house 2,frankston,3028,qld,19960914.0,8823656,29414,kobe,george,tenison woods circuit,cliff house 2,frankston,qld,1970-01-01,3028,3028_ge,2130
barnagy,egan,13.0,britten-jones drive,rawdon,kaleen,4304,vic,19270529.0,6442215,48103,barnagy,egan,britten jones drive,rawdon,kaleen,vic,1970-01-01,4304,4304_eg,2131
jon,humphreys,3.0,gangele street,eastwood co ttage,woy woy,4400,vic,19890520.0,6017011,77560,jon,humphreys,gangele street,eastwood co ttage,woy woy,vic,1970-01-01,4400,4400_hu,2132
mackenzie,buzow,80.0,snowden place,windsor lodge,greenhill,2152,nsw,19420118.0,2858815,214,mackenzie,buzow,snowden place,windsor lodge,greenhill,nsw,1970-01-01,2152,2152_bu,1960
bianca,matthews,5.0,wentworth avenue,mt pleasant,toowoomba,6743,nsw,19140128.0,1935299,96500,bianca,matthews,wentworth avenue,mt pleasant,toowoomba,nsw,1970-01-01,6743,6743_ma,1149
isabella,mson,8.0,emerald agriglutural college,fawkner street,pottsville,6154,nsw,,6097070,91070,isabella,mson,emerald agriglutural college,fawkner street,pottsville,nsw,,6154,6154_ms,2133
,leslie,5.0,edmondsoqn street,baringa cottage,gorokan,3032,nsw,19390623.0,4197267,7373,,leslie,edmondsoqn street,baringa cottage,gorokan,nsw,1970-01-01,3032,3032_le,2134
judag,jeffries,,condamine street,tinaroo falls,canterbury,2165,nsw,19350906.0,6982633,65377,judag,jeffries,condamine street,tinaroo falls,canterbury,nsw,1970-01-01,2165,2165_je,2135
,gillard,62.0,matina sntreet,sun city resort,ascotp ark,4107,wa,19760203.0,9491843,66608,,gillard,matina sntreet,sun city resort,ascotp ark,wa,1970-01-01,4107,4107_gi,2136
chelsea,colquhoun,22.0,tillyard drive,rowethorpe,noarlunga downs,2800,nsw,19690220.0,4281779,34128,chelsea,colquhoun,tillyard drive,rowethorpe,noarlunga downs,nsw,1970-01-01,2800,2800_co,1697
lachlan,kerslake,555.0,cossington smith crescent,deuverney,clovelly,3197,vic,19901030.0,8553054,94747,lachlan,kerslake,cossington smith crescent,deuverney,clovelly,vic,1970-01-01,3197,3197_ke,2137
micaela,thrussell,27.0,markellb place,nunnlok,frenchs forest,6782,qld,19250608.0,7131335,3404,micaela,thrussell,markellb place,nunnlok,frenchs forest,qld,1970-01-01,6782,6782_th,2138
jake,burnell,34.0,bennelong crescent,gret amain,ivanhoe,5066,nsw,19360809.0,9639692,74769,jake,burnell,bennelong crescent,gret amain,ivanhoe,nsw,1970-01-01,5066,5066_bu,284
sam,stephenson,432.0,geeves curt,,logan reserve,4160,vic,19300207.0,7577085,16043,sam,stephenson,geeves curt,,logan reserve,vic,1970-01-01,4160,4160_st,584
jarvis,matthews,95.0,derrington crescent,the meadows,centennial park,2077,nsw,19750315.0,3771528,99142,jarvis,matthews,derrington crescent,the meadows,centennial park,nsw,1970-01-01,2077,2077_ma,1226
luke,hindess,45.0,gledden street,nairnlodge,clarence park,4703,qld,19011024.0,1089096,2739,luke,hindess,gledden street,nairnlodge,clarence park,qld,1970-01-01,4703,4703_hi,2139
zachary,owerko,4.0,bendigo street,maroubra beach,maclean,2756,,19470101.0,4914201,52921,zachary,owerko,bendigo street,maroubra beach,maclean,,1970-01-01,2756,2756_ow,706
harry,mcneill,11.0,,,bicton,6751,nsw,19920730.0,5511748,96661,harry,mcneill,,,bicton,nsw,1970-01-01,6751,6751_mc,2140
charie,prumavera,16.0,dawes street,st francis vlge,dover heights,2533,nsw,19250314.0,3173638,80852,charie,prumavera,dawes street,st francis vlge,dover heights,nsw,1970-01-01,2533,2533_pr,1531
harry,tippins,86.0,bussauw close,,klemziog,4005,nsw,19490706.0,7994028,25665,harry,tippins,bussauw close,,klemziog,nsw,1970-01-01,4005,4005_ti,384
sophie,petersen,141.0,ivo whitton circuit,flr 5 john flynn medical centre,singleton heights,3094,nsw,19440521.0,1237520,53742,sophie,petersen,ivo whitton circuit,flr 5 john flynn medical centre,singleton heights,nsw,1970-01-01,3094,3094_pe,2141
matthew,seddon,195.0,collingridge street,port 366,paralowie,3803,nsw,19920305.0,6514580,11929,matthew,seddon,collingridge street,port 366,paralowie,nsw,1970-01-01,3803,3803_se,1504
nicole,carbone,46.0,schlich street,simpson army barracks,toowoomba,3000,wa,19030926.0,8190756,61020,nicole,carbone,schlich street,simpson army barracks,toowoomba,wa,1970-01-01,3000,3000_ca,939
benjamin,larg,189.0,wilson atreet,suunybrae,belrose,2067,tas,19451103.0,9646332,94550,benjamin,larg,wilson atreet,suunybrae,belrose,tas,1970-01-01,2067,2067_la,1237
beth,bambling,38.0,maclagan street,centennial glen,gowanbrae,5062,nsw,19640705.0,5577694,14691,beth,bambling,maclagan street,centennial glen,gowanbrae,nsw,1970-01-01,5062,5062_ba,2142
caresse,lyden,1.0,nemarang crescent,sunnyspot farm,nunawading,3199,sa,19250803.0,3017029,6617,caresse,lyden,nemarang crescent,sunnyspot farm,nunawading,sa,1970-01-01,3199,3199_ly,872
jinni,ongley,5.0,derrington crescent,mt sutrt,wahroonga,6007,vic,19200511.0,1805536,25999,jinni,ongley,derrington crescent,mt sutrt,wahroonga,vic,1970-01-01,6007,6007_on,1436
daniele,marceta,57.0,halford crescent,kamilaroi cottage,lakes entrance,6072,wa,19820807.0,8788410,69917,daniele,marceta,halford crescent,kamilaroi cottage,lakes entrance,wa,1970-01-01,6072,6072_ma,2143
sam,stephenson,432.0,mossburn,geeves court,logan reserve,4160,qld,19300207.0,7577085,70806,sam,stephenson,mossburn,geeves court,logan reserve,qld,1970-01-01,4160,4160_st,2144
bridget,crosswell,61.0,parkhill street,blueberry hill,warnbro,3148,sa,19640129.0,8277929,12241,bridget,crosswell,parkhill street,blueberry hill,warnbro,sa,1970-01-01,3148,3148_cr,2145
liam,roebuck,9.0,ashby circuit,belgrade park,padstow,3002,nsw,19591028.0,3685347,97359,liam,roebuck,ashby circuit,belgrade park,padstow,nsw,1970-01-01,3002,3002_ro,2146
hayden,covino,10.0,deamer crescent,glengar iffe,north tyde,2750,qld,19541104.0,2494239,99125,hayden,covino,deamer crescent,glengar iffe,north tyde,qld,1970-01-01,2750,2750_co,1665
macy,klemm,20.0,bonython street,,aitkenvale,2485,vic,19970322.0,7990048,33790,macy,klemm,bonython street,,aitkenvale,vic,1970-01-01,2485,2485_kl,871
spicer,anika,39.0,melrosel drive,rmbe 770,view bank,2076,nsw,19861012.0,5087622,76480,spicer,anika,melrosel drive,rmbe 770,view bank,nsw,1970-01-01,2076,2076_an,2147
jaden,collier,4.0,hale place,taronva,nightcliff,3193,nsw,19331205.0,3528865,47998,jaden,collier,hale place,taronva,nightcliff,nsw,1970-01-01,3193,3193_co,2148
bianca,tunstall,3.0,hoban place,birubi point caravn park,palmerston,3144,sa,19280123.0,1340988,87073,bianca,tunstall,hoban place,birubi point caravn park,palmerston,sa,1970-01-01,3144,3144_tu,2149
samantha,drechsler,52.0,mara place,tower b rockdale,rochedale south,5495,nsw,19330422.0,8882745,86322,samantha,drechsler,mara place,tower b rockdale,rochedale south,nsw,1970-01-01,5495,5495_dr,2150
wittchen,ewan,8.0,barnettlcose,ronobri,bonnellsebay,2295,vic,19920618.0,9662319,18880,wittchen,ewan,barnettlcose,ronobri,bonnellsebay,vic,1970-01-01,2295,2295_ew,2151
xani,green,,phill ip avenue,,armidale,5108,nsw,19390410.0,9201057,45084,xani,green,phill ip avenue,,armidale,nsw,1970-01-01,5108,5108_gr,928
bailey,white,19.0,araluen street,,coralville,2114,qld,19131103.0,4312580,71453,bailey,white,araluen street,,coralville,qld,1970-01-01,2114,2114_wh,1178
adam,eveston,11.0,kirkland circuit,warrawong,,2192,act,19940623.0,7917723,71958,adam,eveston,kirkland circuit,warrawong,,act,1970-01-01,2192,2192_ev,2152
mitchell,chanter,1.0,learmonth drive,bayview towers,benowa,3150,qld,19220713.0,7191519,73919,mitchell,chanter,learmonth drive,bayview towers,benowa,qld,1970-01-01,3150,3150_ch,2153
james,sebregts,30.0,holden crescent,,greensboough,3300,nsw,19040404.0,5342529,88662,james,sebregts,holden crescent,,greensboough,nsw,1970-01-01,3300,3300_se,2154
,vassiliotis,39.0,mortimer lewis drive,hattah-k ulkyne,leongatha,5022,nsw,19910804.0,4669127,95936,,vassiliotis,mortimer lewis drive,hattah k ulkyne,leongatha,nsw,1970-01-01,5022,5022_va,1355
chelsea,morrison,6.0,hansen circuit,public building,golden bay,2680,nsw,19621020.0,6038747,53164,chelsea,morrison,hansen circuit,public building,golden bay,nsw,1970-01-01,2680,2680_mo,2155
zac,maynard,142.0,spowers circuit,,nambour,3500,vic,19041015.0,8703080,57745,zac,maynard,spowers circuit,,nambour,vic,1970-01-01,3500,3500_ma,1294
tiarna,reis,147.0,dines place,brentwood vlge,athelstone,2250,vic,19820122.0,4863287,75400,tiarna,reis,dines place,brentwood vlge,athelstone,vic,1970-01-01,2250,2250_re,1446
kexel,amber,49.0,daintree crescent,,new farm,4061,vic,,9952722,83582,kexel,amber,daintree crescent,,new farm,vic,,4061,4061_am,2156
fyynlay,delfos,151.0,yumba avenue,karobean,frankston,7051,qld,19410702.0,2399211,57334,fyynlay,delfos,yumba avenue,karobean,frankston,qld,1970-01-01,7051,7051_de,2157
blaye,stanfield,9.0,nimbin street,glenlee,arundel,3034,nsw,19970826.0,4080455,9273,blaye,stanfield,nimbin street,glenlee,arundel,nsw,1970-01-01,3034,3034_st,2158
benjamin,santangelo,8.0,case place,roseglen,winthrop,3020,vic,19140729.0,2496528,4118,benjamin,santangelo,case place,roseglen,winthrop,vic,1970-01-01,3020,3020_sa,2159
nathan,afford,51.0,standbridge place,moriah fields,orange,3073,wa,,8483826,22641,nathan,afford,standbridge place,moriah fields,orange,wa,,3073,3073_af,2160
alexandra,rohleader,2.0,kurrama close,albiongrove,kilmore,4218,sa,19260609.0,4210279,78738,alexandra,rohleader,kurrama close,albiongrove,kilmore,sa,1970-01-01,4218,4218_ro,405
freya,springthorpe,5.0,mina wylie crescent,locn 3439,st clair,6158,nsw,19120525.0,7654842,84164,freya,springthorpe,mina wylie crescent,locn 3439,st clair,nsw,1970-01-01,6158,6158_sp,2161
brydee,westermann,13.0,burkitt street,mlc centre,banks,3350,vic,19910126.0,1387695,92884,brydee,westermann,burkitt street,mlc centre,banks,vic,1970-01-01,3350,3350_we,984
kira,blowes,4.0,goyder street,bellfield,davistown,2166,sa,19890603.0,1610583,34104,kira,blowes,goyder street,bellfield,davistown,sa,1970-01-01,2166,2166_bl,591
brooklyn,van de kamp,29.0,nummerak close,weerona grabben gullen,clifton springs,5097,nsw,19900906.0,1277188,37635,brooklyn,van de kamp,nummerak close,weerona grabben gullen,clifton springs,nsw,1970-01-01,5097,5097_va,2162
willow,bennell,82.0,holyman s treet,,wetherill park,3030,,19330323.0,6683840,33521,willow,bennell,holyman s treet,,wetherill park,,1970-01-01,3030,3030_be,1385
timohy,nevilel,21.0,fihelly street,villa 2,st lcuia,3108,wa,19781123.0,1955388,26939,timohy,nevilel,fihelly street,villa 2,st lcuia,wa,1970-01-01,3108,3108_ne,184
madeleine,bibb,22.0,henty street,walea,nambour,4500,tas,19970902.0,9875243,25869,madeleine,bibb,henty street,walea,nambour,tas,1970-01-01,4500,4500_bi,2163
mila,tongyode,195.0,dingo dlats,touristpark,gray,3620,vic,19071010.0,8299710,99876,mila,tongyode,dingo dlats,touristpark,gray,vic,1970-01-01,3620,3620_to,2164
danidlle,fleet,26.0,watterson place,,elsternwick,2450,nsw,19660616.0,7967457,97232,danidlle,fleet,watterson place,,elsternwick,nsw,1970-01-01,2450,2450_fl,2165
makayla,thorpe,15.0,macdonnell street,yakilli park,kogarah,3450,qld,19440116.0,1754223,4982,makayla,thorpe,macdonnell street,yakilli park,kogarah,qld,1970-01-01,3450,3450_th,2166
olivia,tiffin,1.0,de lissa street,sunnyspot farm,peregian beach,3500,tas,19110102.0,2900307,2006,olivia,tiffin,de lissa street,sunnyspot farm,peregian beach,tas,1970-01-01,3500,3500_ti,2167
emiily,,309.0,star close,silverweir,yarram,4505,vic,19950402.0,5928066,71852,emiily,,star close,silverweir,yarram,vic,1970-01-01,4505,4505_,983
sophie,bullock,6.0,boolee street,,port fairy,6076,sa,19510426.0,3859714,21666,sophie,bullock,boolee street,,port fairy,sa,1970-01-01,6076,6076_bu,377
david,goldsworthy,8.0,palmer street,kilburnie,caulfield north,2200,vic,19650226.0,3383985,42855,david,goldsworthy,palmer street,kilburnie,caulfield north,vic,1970-01-01,2200,2200_go,2168
louise,breheny,13.0,hawker street,byamee,woodcroft,2165,sa,19460104.0,3854020,42390,louise,breheny,hawker street,byamee,woodcroft,sa,1970-01-01,2165,2165_br,2169
emiily,pardey,678.0,cane place,rhodes cottage,gidgegannup,2097,nsw,19710322.0,4534889,13667,emiily,pardey,cane place,rhodes cottage,gidgegannup,nsw,1970-01-01,2097,2097_pa,2170
cadwallader,cooper,48.0,mckillopc ircuit,ohio ststion,kellyikle,4165,vic,19560918.0,9773620,21110,cadwallader,cooper,mckillopc ircuit,ohio ststion,kellyikle,vic,1970-01-01,4165,4165_co,2171
chelsea,o'day,115.0,,woodleigh,woodlands,3179,nsw,19060726.0,9669480,71779,chelsea,o'day,,woodleigh,woodlands,nsw,1970-01-01,3179,3179_o',2172
eboni,pantazopoulos,147.0,allott place,wyoming park,aldgate,2325,sa,19860807.0,9030076,96101,eboni,pantazopoulos,allott place,wyoming park,aldgate,sa,1970-01-01,2325,2325_pa,1579
lily,ho,495.0,mccabe crescent,apple cottage,bellevue hill,2758,qld,,8123343,70587,lily,ho,mccabe crescent,apple cottage,bellevue hill,qld,,2758,2758_ho,2173
sophie,pasoce,160.0,,lamingtonnstional,pacific paradise,3248,sa,19941127.0,9967952,83548,sophie,pasoce,,lamingtonnstional,pacific paradise,sa,1970-01-01,3248,3248_pa,2174
melissa,redmeind,11.0,crawford crescent,braemore,monbulk,4852,sa,19501114.0,7547575,58007,melissa,redmeind,crawford crescent,braemore,monbulk,sa,1970-01-01,4852,4852_re,2175
barnaby,siggins,51.0,hurley street,lakes retirement estate,kempsey,5162,vic,19981021.0,5752610,58088,barnaby,siggins,hurley street,lakes retirement estate,kempsey,vic,1970-01-01,5162,5162_si,2176
alisa,ezis,55.0,lowerson place,littled ale,heahtfield,6006,vic,19910312.0,8388422,44919,alisa,ezis,lowerson place,littled ale,heahtfield,vic,1970-01-01,6006,6006_ez,2177
brooke,nguyen,,truganini place,tallinga park,chelsea heights,6062,vic,19240812.0,8781682,8062,brooke,nguyen,truganini place,tallinga park,chelsea heights,vic,1970-01-01,6062,6062_ng,874
darcy,shepherd,23.0,,unt 2,kinrsos,2540,nsw,19771226.0,6039792,10313,darcy,shepherd,,unt 2,kinrsos,nsw,1970-01-01,2540,2540_sh,2178
hamish,gilles,157.0,godfrey street,cassadraeen,burleigh wqters,2370,nsw,19180822.0,6415612,54073,hamish,gilles,godfrey street,cassadraeen,burleigh wqters,nsw,1970-01-01,2370,2370_gi,1102
samuel,voivodich,43.0,manton place,brentwod o vlge,budtdina,4218,nsw,19820724.0,2733496,70264,samuel,voivodich,manton place,brentwod o vlge,budtdina,nsw,1970-01-01,4218,4218_vo,639
cannell,elal,18.0,mainwaring rich circuit,kincumbern autical vlge,asquith,4075,nsw,19570915.0,2076456,4594,cannell,elal,mainwaring rich circuit,kincumbern autical vlge,asquith,nsw,1970-01-01,4075,4075_el,2179
abby,robsno,19.0,anzac park,chanak,ettalong,3149,qld,19840131.0,7511641,6498,abby,robsno,anzac park,chanak,ettalong,qld,1970-01-01,3149,3149_ro,2051
georgia,cookson,27.0,turner place,kapeia,salisbury east,3804,qld,19530305.0,2134191,77845,georgia,cookson,turner place,kapeia,salisbury east,qld,1970-01-01,3804,3804_co,2180
kaitlin,dixon,33.0,ware place,spylaw farm,morwell,2617,nsw,19420804.0,4342419,83025,kaitlin,dixon,ware place,spylaw farm,morwell,nsw,1970-01-01,2617,2617_di,2181
dominmic,dixon,40.0,candlebark close,elmwood,orangr,4178,act,19420309.0,4798978,8100,dominmic,dixon,candlebark close,elmwood,orangr,act,1970-01-01,4178,4178_di,1496
,morrison,42.0,parnell place,,davistown,2580,nsw,19620915.0,3101161,95087,,morrison,parnell place,,davistown,nsw,1970-01-01,2580,2580_mo,1634
stephatnie,spogn,119.0,kenyon circuit,waverley lodge,normannhurst,3182,nsw,19430901.0,6128280,83011,stephatnie,spogn,kenyon circuit,waverley lodge,normannhurst,nsw,1970-01-01,3182,3182_sp,1904
henry,bloomfield,97.0,mcdougall street,bendigo retirement village,rosebud,4563,wa,19321112.0,1646845,62373,henry,bloomfield,mcdougall street,bendigo retirement village,rosebud,wa,1970-01-01,4563,4563_bl,436
charlie,roussounis,13.0,gledden street,woorabinda,craigomre,6076,nsw,19461111.0,7379154,26200,charlie,roussounis,gledden street,woorabinda,craigomre,nsw,1970-01-01,6076,6076_ro,2182
kyra,wilde,26.0,groom street,binbimbie,young,3859,qld,19220601.0,6073461,76388,kyra,wilde,groom street,binbimbie,young,qld,1970-01-01,3859,3859_wi,2183
christian,white,10.0,boolee street,noss,doubleview,4352,nsw,19491125.0,2992541,83899,christian,white,boolee street,noss,doubleview,nsw,1970-01-01,4352,4352_wh,360
melissa,redmondu,11.0,braemore,alroy circuit,long jetty,4852,sa,19501114.0,7547575,91613,melissa,redmondu,braemore,alroy circuit,long jetty,sa,1970-01-01,4852,4852_re,2184
reece,garn egt,,maclagan street,environa,carlingford,879,nt,19390828.0,3123598,22849,reece,garn egt,maclagan street,environa,carlingford,nt,1970-01-01,0879,0879_ga,2185
alia,dobrzycki,3.0,brittlebankcircuit,yarratbah,loganlea,2790,vic,19960130.0,4588807,7523,alia,dobrzycki,brittlebankcircuit,yarratbah,loganlea,vic,1970-01-01,2790,2790_do,1480
ronan,anthomy,100.0,newman morris circuit,old lake thotel,chittering,2148,vic,19710321.0,5778625,97680,ronan,anthomy,newman morris circuit,old lake thotel,chittering,vic,1970-01-01,2148,2148_an,1853
emmet,george,,curtin shopping centre,palm lake resort,newington,4860,sa,19860806.0,4029448,18402,emmet,george,curtin shopping centre,palm lake resort,newington,sa,1970-01-01,4860,4860_ge,588
zacariah,morcom,8.0,dixon drive,bletchly park,toowoomba,2068,wa,19020803.0,1961455,85771,zacariah,morcom,dixon drive,bletchly park,toowoomba,wa,1970-01-01,2068,2068_mo,1359
caleb,lund,,dookie street,yarraibe,harrictown,3218,nsw,19340220.0,3084413,37877,caleb,lund,dookie street,yarraibe,harrictown,nsw,1970-01-01,3218,3218_lu,1309
kimberly,pavli,346.0,pennefather street,,north sycney,3056,nsw,19600628.0,8999689,33207,kimberly,pavli,pennefather street,,north sycney,nsw,1970-01-01,3056,3056_pa,2186
erin,maynard,51.0,wilshire street,warialda,little irver,2777,vic,19970430.0,1815999,5116,erin,maynard,wilshire street,warialda,little irver,vic,1970-01-01,2777,2777_ma,2187
jack,stanfield,,weddin circuit,holmeleigh,madora,4350,wa,19061202.0,7739222,49419,jack,stanfield,weddin circuit,holmeleigh,madora,wa,1970-01-01,4350,4350_st,2188
eliza,sherriff,30.0,a'beckett street,,craigie,4280,nsw,19471027.0,9700056,57091,eliza,sherriff,a'beckett street,,craigie,nsw,1970-01-01,4280,4280_sh,422
sarah,petersen,81.0,shenton crescent,vincent court,birkdale,4311,act,19770508.0,3615543,3843,sarah,petersen,shenton crescent,vincent court,birkdale,act,1970-01-01,4311,4311_pe,2189
grace,chitti,16.0,neeld place,treasalee,wyoming,3501,wa,19670723.0,9584513,27628,grace,chitti,neeld place,treasalee,wyoming,wa,1970-01-01,3501,3501_ch,2190
aidan,walkley,3.0,bunbury street,glenview,ryde,2579,sa,19980813.0,1928366,80288,aidan,walkley,bunbury street,glenview,ryde,sa,1970-01-01,2579,2579_wa,2191
isabella,white,74.0,chowne street,short st (cnr first ave) & albion park r,para h ilsl,3149,sa,19380127.0,1518649,38839,isabella,white,chowne street,short st cnr first ave albion park r,para h ilsl,sa,1970-01-01,3149,3149_wh,2192
,cochrane,192.0,wollongong street,sec 488,bayswater,4172,vic,19311213.0,5453149,2062,,cochrane,wollongong street,sec 488,bayswater,vic,1970-01-01,4172,4172_co,2193
zachariah,walkley,55.0,thornhill crescent,brentwood vlge,little mountain,2283,tas,19710311.0,9623159,97414,zachariah,walkley,thornhill crescent,brentwood vlge,little mountain,tas,1970-01-01,2283,2283_wa,1379
mitchell,nguyen,3.0,pleasance place,boxwood vale,sippy downs,2560,qld,19131126.0,8058525,89759,mitchell,nguyen,pleasance place,boxwood vale,sippy downs,qld,1970-01-01,2560,2560_ng,2194
stella,chandler,50.0,ebdenstreet,rosettavillage,coffs harbour,6304,vic,19741215.0,8164610,19755,stella,chandler,ebdenstreet,rosettavillage,coffs harbour,vic,1970-01-01,6304,6304_ch,34
charlie,eberg,21.0,brewster place,summerdale medical centre,frankston,4570,vic,19711020.0,3939901,90411,charlie,eberg,brewster place,summerdale medical centre,frankston,vic,1970-01-01,4570,4570_eb,47
lachlawn,hersey,26.0,southern cross drive,teazles,frankston,2065,sa,19620521.0,8117786,24637,lachlawn,hersey,southern cross drive,teazles,frankston,sa,1970-01-01,2065,2065_he,868
george,ferrar,,ballumbir sxtreet,rich zedaows,highgate,4558,nsw,19510224.0,1348684,8498,george,ferrar,ballumbir sxtreet,rich zedaows,highgate,nsw,1970-01-01,4558,4558_fe,2195
anthony,coulosn,2.0,clarkso street,cadogan,tin can bay,3084,vic,19380218.0,4284362,68379,anthony,coulosn,clarkso street,cadogan,tin can bay,vic,1970-01-01,3084,3084_co,2196
jack,myriti,86.0,phillip avenue,cheviot hills,hat head,4305,qld,19020104.0,2920677,62855,jack,myriti,phillip avenue,cheviot hills,hat head,qld,1970-01-01,4305,4305_my,2197
,campbell,19.0,loder place,eden mpark,rowville,3040,sa,19570115.0,5304980,99093,,campbell,loder place,eden mpark,rowville,sa,1970-01-01,3040,3040_ca,2198
caitlin,burford,34.0,rowell place,johnflynn medical centre,daw park,3556,nsw,19810303.0,7549173,5768,caitlin,burford,rowell place,johnflynn medical centre,daw park,nsw,1970-01-01,3556,3556_bu,2199
ashleigh,haverfield,40.0,kinsella street,,coonamble,5008,sa,19380317.0,4274253,40259,ashleigh,haverfield,kinsella street,,coonamble,sa,1970-01-01,5008,5008_ha,1569
thomas,george,1.0,mcmanus place,stoney creek,north turramurra,3130,sa,19630225.0,5460534,81205,thomas,george,mcmanus place,stoney creek,north turramurra,sa,1970-01-01,3130,3130_ge,2200
alisa,ezis,55.0,lowerson place,littledale,heathfield,6007,vic,19910312.0,8388422,99575,alisa,ezis,lowerson place,littledale,heathfield,vic,1970-01-01,6007,6007_ez,2201
riley,green,46.0,barwon street,pink lake caravan park,wangaratta,2168,wa,19630414.0,4942246,57032,riley,green,barwon street,pink lake caravan park,wangaratta,wa,1970-01-01,2168,2168_gr,2202
charlotte,vincent,9.0,williamson street,lasswade,toowoomba,4814,nsw,19430214.0,1033071,1147,charlotte,vincent,williamson street,lasswade,toowoomba,nsw,1970-01-01,4814,4814_vi,2203
karissa,creten,185.0,beattie crescent,birrabilla,moranbah,2525,nsw,19360703.0,2328993,65962,karissa,creten,beattie crescent,birrabilla,moranbah,nsw,1970-01-01,2525,2525_cr,63
sophie,waller,24.0,copland drive,suunybrae,mona vale,2285,vic,19380705.0,2972902,58164,sophie,waller,copland drive,suunybrae,mona vale,vic,1970-01-01,2285,2285_wa,2204
joshua,stephenson,14.0,hamersley place,henry kendall hostel,dilston,2319,sa,19121112.0,9006084,38257,joshua,stephenson,hamersley place,henry kendall hostel,dilston,sa,1970-01-01,2319,2319_st,2205
sam,webb,5.0,deamer crescent,belaradah,west lakes shore,2570,wa,19361215.0,4408444,57095,sam,webb,deamer crescent,belaradah,west lakes shore,wa,1970-01-01,2570,2570_we,156
holly,,21.0,vansittart crescent,mannafields farm,coomallo,3047,wa,19361103.0,6664841,31830,holly,,vansittart crescent,mannafields farm,coomallo,wa,1970-01-01,3047,3047_,2206
emiily,beams,23.0,kingscote crescent,cromdzle,warrae,6163,nsw,19481014.0,5500494,9860,emiily,beams,kingscote crescent,cromdzle,warrae,nsw,1970-01-01,6163,6163_be,2207
finlay,rivers,5.0,crisp circuit,kersey' south,newstead,2071,vic,19111130.0,1094276,78048,finlay,rivers,crisp circuit,kersey' south,newstead,vic,1970-01-01,2071,2071_ri,322
lachlan,crouch,1.0,gillespie street,mt annan,penrith,5040,wa,19280711.0,1476916,40075,lachlan,crouch,gillespie street,mt annan,penrith,wa,1970-01-01,5040,5040_cr,2208
alisa,marous,,algan street,belvedere,ballina,3274,qld,19061125.0,7818366,8026,alisa,marous,algan street,belvedere,ballina,qld,1970-01-01,3274,3274_ma,493
brooke,nguyen,98.0,,chobe,yarracille,2107,wa,19960816.0,9574103,40127,brooke,nguyen,,chobe,yarracille,wa,1970-01-01,2107,2107_ng,2209
oliver,salt,25.0,mcmillan crescent,halls of residencedmonash university,coffs harbour,7301,qld,19311218.0,7369494,8340,oliver,salt,mcmillan crescent,halls of residencedmonash university,coffs harbour,qld,1970-01-01,7301,7301_sa,2210
isabela,singleton,80.0,verbrugghen street,rio rita caravn park,largs,5021,vic,19071228.0,6508426,84197,isabela,singleton,verbrugghen street,rio rita caravn park,largs,vic,1970-01-01,5021,5021_si,2211
robert,mccarthy,9.0,gudgenby close,ocean star villas,cairns,3540,nsw,19070923.0,5234558,90776,robert,mccarthy,gudgenby close,ocean star villas,cairns,nsw,1970-01-01,3540,3540_mc,2212
arabella,stubbs,,ringrose crescent,,millmerran,5007,wa,19261116.0,7685033,23998,arabella,stubbs,ringrose crescent,,millmerran,wa,1970-01-01,5007,5007_st,1480
jayden,glsas,250.0,warrego cicuit,sec 202,frankston,6201,qld,19640219.0,6764035,32901,jayden,glsas,warrego cicuit,sec 202,frankston,qld,1970-01-01,6201,6201_gl,2213
cooper,rushforth,6.0,tanderra crescent,torquay,rothwell,2115,nsw,19900914.0,9558215,39684,cooper,rushforth,tanderra crescent,torquay,rothwell,nsw,1970-01-01,2115,2115_ru,2214
maczkowiack,finn,32.0,oxley street,bulliacs treet,wantinra,2196,nt,19101031.0,4732796,17076,maczkowiack,finn,oxley street,bulliacs treet,wantinra,nt,1970-01-01,2196,2196_fi,2215
yasmin,quilliam,45.0,mcculloch street,brackengrae,hurstbridge,5107,sa,19991207.0,5083417,88402,yasmin,quilliam,mcculloch street,brackengrae,hurstbridge,sa,1970-01-01,5107,5107_qu,623
pearson,koopman,2595.0,hagelthorn street,grammar school,petersham,2009,nsw,19730624.0,7232132,79351,pearson,koopman,hagelthorn street,grammar school,petersham,nsw,1970-01-01,2009,2009_ko,2216
,white,6.0,curlewis crescent,emu hill,upwey,2460,qld,19130119.0,7900611,8708,,white,curlewis crescent,emu hill,upwey,qld,1970-01-01,2460,2460_wh,2217
lucas,,177.0,maloney street,dalkeith cottage,craigmore,3595,vic,19111207.0,3698504,66498,lucas,,maloney street,dalkeith cottage,craigmore,vic,1970-01-01,3595,3595_,2218
sophie,bullock,7.0,boolee street,,port fairy,6076,sa,19510426.0,3859714,3084,sophie,bullock,boolee street,,port fairy,sa,1970-01-01,6076,6076_bu,377
graice,morriwon,66.0,quinlivan crescent,,caulfield north,4102,vic,19460909.0,3999669,25143,graice,morriwon,quinlivan crescent,,caulfield north,vic,1970-01-01,4102,4102_mo,482
aimee,trzcinski,117.0,jacobs street,blue hills,frankston,2198,nsw,19280418.0,8941279,27174,aimee,trzcinski,jacobs street,blue hills,frankston,nsw,1970-01-01,2198,2198_tr,349
,kempton,8.0,homburg street,yellow dam,blackotwn,3122,vic,19021108.0,8283089,69171,,kempton,homburg street,yellow dam,blackotwn,vic,1970-01-01,3122,3122_ke,114
jinni,onglrey,5.0,,mt stirt,coombabah,6007,vic,19200511.0,1805536,86553,jinni,onglrey,,mt stirt,coombabah,vic,1970-01-01,6007,6007_on,2219
louis,zierholz,6.0,manifold place,beltrasna angus stud,barrack heights,5520,vic,19661015.0,7022760,71805,louis,zierholz,manifold place,beltrasna angus stud,barrack heights,vic,1970-01-01,5520,5520_zi,1270
blak,aldous,4.0,yambina crescent,nort hdara,west perth,3805,nsw,19811017.0,2067414,27249,blak,aldous,yambina crescent,nort hdara,west perth,nsw,1970-01-01,3805,3805_al,978
georgia,pettigrove,5.0,sinclair street,,prairie,2478,nsw,19231019.0,9695933,35391,georgia,pettigrove,sinclair street,,prairie,nsw,1970-01-01,2478,2478_pe,15
talia,olivefi,72.0,ankaa place,westlkeigh,mosman,3311,qld,19020831.0,8405432,53936,talia,olivefi,ankaa place,westlkeigh,mosman,qld,1970-01-01,3311,3311_ol,1473
toby,mason,71.0,smyth place,hartley st school,redhead,2212,qld,19971021.0,9080629,59085,toby,mason,smyth place,hartley st school,redhead,qld,1970-01-01,2212,2212_ma,2220
jessica,aldoud,4.0,yambina crescent,northd ara,brunswci k heads,3805,nsw,19811017.0,2067414,64642,jessica,aldoud,yambina crescent,northd ara,brunswci k heads,nsw,1970-01-01,3805,3805_al,2221
kyle,matthews,5.0,tristania street,lindis faime,lower templestowe,3351,qld,19930618.0,9797918,55172,kyle,matthews,tristania street,lindis faime,lower templestowe,qld,1970-01-01,3351,3351_ma,2222
caresse,lyden,13.0,nemarang crescent,sunnyspot farm,nunawading,3199,sa,19250803.0,3017029,48666,caresse,lyden,nemarang crescent,sunnyspot farm,nunawading,sa,1970-01-01,3199,3199_ly,872
kayne,gillard,168.0,bursaria street,,leeton,2621,nsw,19340427.0,8329801,18296,kayne,gillard,bursaria street,,leeton,nsw,1970-01-01,2621,2621_gi,2223
caitlin,gallirhir,42.0,lanley square,cashbaxr,rochedale south,2790,sa,19621226.0,3809831,18366,caitlin,gallirhir,lanley square,cashbaxr,rochedale south,sa,1970-01-01,2790,2790_ga,448
leo,robson,13.0,nullagine street,,ingham,3840,vic,19560910.0,7184177,6189,leo,robson,nullagine street,,ingham,vic,1970-01-01,3840,3840_ro,2224
ashlie,herbetr,14.0,spensley place,baptist retirement,whalan,3978,sa,19530521.0,6463138,70347,ashlie,herbetr,spensley place,baptist retirement,whalan,sa,1970-01-01,3978,3978_he,2225
damny,petersen,12.0,owen dixon drive,reg simpob court,minto,3029,wa,19441022.0,6090944,94822,damny,petersen,owen dixon drive,reg simpob court,minto,wa,1970-01-01,3029,3029_pe,1893
nicholas,lovelock,8.0,collingridge street,rooganore,ardeer,2756,act,19911014.0,8010826,67589,nicholas,lovelock,collingridge street,rooganore,ardeer,act,1970-01-01,2756,2756_lo,1608
zarran,fenwikc,,thom crescent,wallendoon station,mount evelyn,6163,tas,19001007.0,4000010,39206,zarran,fenwikc,thom crescent,wallendoon station,mount evelyn,tas,1970-01-01,6163,6163_fe,2226
griffin,hannett,13.0,andrews street,booroondoo north,craigmore,6009,nsw,19290315.0,9735493,46272,griffin,hannett,andrews street,booroondoo north,craigmore,nsw,1970-01-01,6009,6009_ha,2227
ainslye,blake,60.0,endeavour street,sheep station,redhesd,7015,qld,19860920.0,1261880,5262,ainslye,blake,endeavour street,sheep station,redhesd,qld,1970-01-01,7015,7015_bl,2228
bianca,matthwes,5.0,wentwort h avenue,mt pleasant,toowoomba,3585,nsw,19140128.0,9714560,37141,bianca,matthwes,wentwort h avenue,mt pleasant,toowoomba,nsw,1970-01-01,3585,3585_ma,2229
michaela,thrussell,27.0,markell place,,frenchs forest,6728,qld,19250608.0,1947368,65101,michaela,thrussell,markell place,,frenchs forest,qld,1970-01-01,6728,6728_th,2230
jack,brock,45.0,duhig place,,boyaunp,2484,nsw,19800422.0,8460078,82110,jack,brock,duhig place,,boyaunp,nsw,1970-01-01,2484,2484_br,226
alia,dobrzycki,3.0,brittlebank circuit,yarrabmah,loganlea,2709,vic,19960130.0,4588807,10515,alia,dobrzycki,brittlebank circuit,yarrabmah,loganlea,vic,1970-01-01,2709,2709_do,2231
olivia,green,47.0,mugga way,dunoon (cnr camp r road,avenell heights,6148,vic,19051029.0,6438790,85502,olivia,green,mugga way,dunoon cnr camp r road,avenell heights,vic,1970-01-01,6148,6148_gr,997
takeisha,kaufman,,holman street,mclean vlge,cooroy,2229,vic,19970116.0,5410937,73626,takeisha,kaufman,holman street,mclean vlge,cooroy,vic,1970-01-01,2229,2229_ka,2232
teneille,lamprey,23.0,forrest place,terra nostra,baysware north,4160,vic,19281101.0,9687938,13331,teneille,lamprey,forrest place,terra nostra,baysware north,vic,1970-01-01,4160,4160_la,851
eliza,runfle,19.0,warabin crescent,east oad,mermaid waters,2644,nsw,19480101.0,3405386,17827,eliza,runfle,warabin crescent,east oad,mermaid waters,nsw,1970-01-01,2644,2644_ru,2233
chelsie,kearnes,109.0,schomburgk street,glenveagh,dianella,5573,vic,19350421.0,7712196,34280,chelsie,kearnes,schomburgk street,glenveagh,dianella,vic,1970-01-01,5573,5573_ke,2234
rhys,schuetz,122.0,howarth place,villa 19,keysborough,2024,vic,19440909.0,5276446,35945,rhys,schuetz,howarth place,villa 19,keysborough,vic,1970-01-01,2024,2024_sc,2235
owen,dudley,16.0,shumack street,shallow crossing,logan,2166,sa,19550402.0,2640696,35881,owen,dudley,shumack street,shallow crossing,logan,sa,1970-01-01,2166,2166_du,2236
jack,facci,37.0,packer street,somerton park,belrose,3806,sa,19960816.0,1697247,32708,jack,facci,packer street,somerton park,belrose,sa,1970-01-01,3806,3806_fa,2237
mikaela,white,19.0,anzacpark,,blair athol,4557,nsw,19811017.0,4853274,67704,mikaela,white,anzacpark,,blair athol,nsw,1970-01-01,4557,4557_wh,792
zac,passalacqua,67.0,durham place,bexley,ashwood,2222,nsw,19890206.0,1082732,12144,zac,passalacqua,durham place,bexley,ashwood,nsw,1970-01-01,2222,2222_pa,2238
,tadege,1.0,mcinnes street,,scarborough,2870,nsw,19001013.0,3817644,1131,,tadege,mcinnes street,,scarborough,nsw,1970-01-01,2870,2870_ta,2239
anita,brock,168.0,canaway place,rosetta zillage,mount warren park,2049,qld,19540610.0,4746605,18259,anita,brock,canaway place,rosetta zillage,mount warren park,qld,1970-01-01,2049,2049_br,1359
tommi-lee,tiut,45.0,vincent place,aranmor,orchard h ills,7250,tas,19200805.0,1237681,55524,tommi lee,tiut,vincent place,aranmor,orchard h ills,tas,1970-01-01,7250,7250_ti,2240
jaggah,waller,26.0,hayfiel vlge,murray crescent,ferryden park,2015,nsw,19240709.0,9945221,18527,jaggah,waller,hayfiel vlge,murray crescent,ferryden park,nsw,1970-01-01,2015,2015_wa,2241
jack,coleman,39.0,parkin street,tara park,tarragindi,4226,qld,19280820.0,1254211,66634,jack,coleman,parkin street,tara park,tarragindi,qld,1970-01-01,4226,4226_co,2242
connor,rawlings,70.0,,oxf ord,kuraby,4216,qld,19330925.0,2468428,5698,connor,rawlings,,oxf ord,kuraby,qld,1970-01-01,4216,4216_ra,2243
sarah,gukulurruwuy,6.0,barrow place,elston,ryde,3064,wa,19121206.0,9247927,8923,sarah,gukulurruwuy,barrow place,elston,ryde,wa,1970-01-01,3064,3064_gu,147
abbey,hoang,16.0,,robgil l farm,noble wpark,2444,wa,19621226.0,6810521,18754,abbey,hoang,,robgil l farm,noble wpark,wa,1970-01-01,2444,2444_ho,2244
grace,george,1.0,hopegoodplace,willow lmdge,bonython,2550,nxw,19200909.0,7396495,6903,grace,george,hopegoodplace,willow lmdge,bonython,nxw,1970-01-01,2550,2550_ge,2245
jordan,ryan,16.0,carnegie crescent,tahmoor,millbrook,6004,vic,19900903.0,2479030,58903,jordan,ryan,carnegie crescent,tahmoor,millbrook,vic,1970-01-01,6004,6004_ry,212
reece,miels,31.0,woronora street,wandearah,leslir vale,3110,nsw,19410117.0,4643316,76729,reece,miels,woronora street,wandearah,leslir vale,nsw,1970-01-01,3110,3110_mi,2246
chloe,crosthwaite,42.0,ashkanasy crescent,rosedale,canterbury,4215,nsw,19550722.0,8848058,73110,chloe,crosthwaite,ashkanasy crescent,rosedale,canterbury,nsw,1970-01-01,4215,4215_cr,108
joshua,green,17.0,lypiatt,maddock place,edgecliff,6244,qld,,4331979,42229,joshua,green,lypiatt,maddock place,edgecliff,qld,,6244,6244_gr,2247
daniel,rees,1.0,livingston avenue,st francis room,mooroolbark,3977,qld,19830926.0,8979554,70700,daniel,rees,livingston avenue,st francis room,mooroolbark,qld,1970-01-01,3977,3977_re,2248
,webb,10.0,barber crescent,gundaline,eleebana,3741,nsw,19281205.0,5814003,70295,,webb,barber crescent,gundaline,eleebana,nsw,1970-01-01,3741,3741_we,2249
jamse,trevan,40.0,cumpston place,pacific palms caravn park,capetree,3350,qld,19620905.0,3977077,85586,jamse,trevan,cumpston place,pacific palms caravn park,capetree,qld,1970-01-01,3350,3350_tr,2250
gemma,kopetow,21.0,morgan crescent,laane coree,largs north,2478,nsw,19461104.0,3397501,25766,gemma,kopetow,morgan crescent,laane coree,largs north,nsw,1970-01-01,2478,2478_ko,2251
connor,grosser,16.0,herschell circuit,cladagh cottage,denhams beach,3083,qld,19230612.0,5253252,79314,connor,grosser,herschell circuit,cladagh cottage,denhams beach,qld,1970-01-01,3083,3083_gr,2252
helena,ebert,21.0,garratt street,braeburn,aspley,2024,vic,19710327.0,2510937,81578,helena,ebert,garratt street,braeburn,aspley,vic,1970-01-01,2024,2024_eb,608
riley,iacopetta,21.0,girdlestone circuit,,yackandandah,3797,qld,19660915.0,1021033,55880,riley,iacopetta,girdlestone circuit,,yackandandah,qld,1970-01-01,3797,3797_ia,2253
charlotte,glass,3.0,sculpto r street,green far m mates,hahndorf,2581,qld,19510713.0,3792276,73267,charlotte,glass,sculpto r street,green far m mates,hahndorf,qld,1970-01-01,2581,2581_gl,873
caleb,hage,34.0,mcdermottstreet,the will ows,yamba,4360,sct,19110405.0,5267640,56266,caleb,hage,mcdermottstreet,the will ows,yamba,sct,1970-01-01,4360,4360_ha,2254
abby,toseland,55.0,haines street,hilldale,mosman,2877,sa,19100830.0,4439847,67504,abby,toseland,haines street,hilldale,mosman,sa,1970-01-01,2877,2877_to,1974
olivee,sal,25.0,mcmillan erscent,hallsof residence monash university,coffs harbour,7310,qld,19311218.0,7369494,47456,olivee,sal,mcmillan erscent,hallsof residence monash university,coffs harbour,qld,1970-01-01,7310,7310_sa,657
cooepr,cadwalwlader,48.0,mckillop circuit,ohio station,kellyville,4175,vic,19560918.0,9773620,30645,cooepr,cadwalwlader,mckillop circuit,ohio station,kellyville,vic,1970-01-01,4175,4175_ca,2255
anastasia,green,,erindale drive,villa 102,portarlington,2285,nsw,19720728.0,3163826,48480,anastasia,green,erindale drive,villa 102,portarlington,nsw,1970-01-01,2285,2285_gr,2256
rachel,,17.0,hilder street,berowra,palmerston,4740,nsw,19550530.0,6410415,11881,rachel,,hilder street,berowra,palmerston,nsw,1970-01-01,4740,4740_,2257
ne ville,jack,21.0,fihellystreet,villa 2,st lucia,3108,wa,19781123.0,1955388,95821,ne ville,jack,fihellystreet,villa 2,st lucia,wa,1970-01-01,3108,3108_ja,2258
lauren,heenan,15.0,warland place,belebe,st clair,3630,sa,19490630.0,2210907,38233,lauren,heenan,warland place,belebe,st clair,sa,1970-01-01,3630,3630_he,1034
john-paul,binns,69.0,brand street,,mawson,4012,nsw,19070612.0,9026975,29129,john paul,binns,brand street,,mawson,nsw,1970-01-01,4012,4012_bi,1816
harrison,campain,34.0,ossa place,,mooroolbark,6155,vic,19870409.0,4394472,52176,harrison,campain,ossa place,,mooroolbark,vic,1970-01-01,6155,6155_ca,2259
cobuy,berry,,agnewstreet,,cremorne,3088,vic,19570701.0,1390881,85102,cobuy,berry,agnewstreet,,cremorne,vic,1970-01-01,3088,3088_be,2260
thomas,white,706.0,monaro crescent,birrabilla,point lonsdale,2088,wa,19310818.0,5855559,21564,thomas,white,monaro crescent,birrabilla,point lonsdale,wa,1970-01-01,2088,2088_wh,35
tahlia,vacchiani,,newland street,tahmoor,blackbutt,2304,qld,19041007.0,5476244,47171,tahlia,vacchiani,newland street,tahmoor,blackbutt,qld,1970-01-01,2304,2304_va,743
mitchell,,5.0,legge street,sec 552,campbellfield,2761,,19850131.0,3318920,15688,mitchell,,legge street,sec 552,campbellfield,,1970-01-01,2761,2761_,2261
callum,glossop,74.0,ratcliffe crescent,rowethorpe,st kilda east,6156,wa,19851219.0,1406566,32715,callum,glossop,ratcliffe crescent,rowethorpe,st kilda east,wa,1970-01-01,6156,6156_gl,2262
,brokc,1.0,duhig place,,boynaup,2488,nsw,19800422.0,8460078,89149,,brokc,duhig place,,boynaup,nsw,1970-01-01,2488,2488_br,2263
natalee,coleman,293.0,minns place,,waterman,3910,vic,19120405.0,3646292,96139,natalee,coleman,minns place,,waterman,vic,1970-01-01,3910,3910_co,109
cooper,coxon,8.0,downard street,homewood,laanecoorie,3128,sa,19070923.0,5430172,79596,cooper,coxon,downard street,homewood,laanecoorie,sa,1970-01-01,3128,3128_co,748
patrick,dargavlile,18.0,cerutty crescent,rosedale,st luca,3364,nsw,19770925.0,5982994,16886,patrick,dargavlile,cerutty crescent,rosedale,st luca,nsw,1970-01-01,3364,3364_da,2264
bailey,bevis,13.0,moorhouse street,,hawthorn,3220,nsw,19840317.0,9030562,61260,bailey,bevis,moorhouse street,,hawthorn,nsw,1970-01-01,3220,3220_be,2265
kyle,rothe,296.0,tipping place,rosetta village,mittagong,2203,nsw,19520102.0,4930237,88533,kyle,rothe,tipping place,rosetta village,mittagong,nsw,1970-01-01,2203,2203_ro,2266
joshua,kenneialy,585.0,bardolph sgreet,gardebest,killlara,2500,wa,19880210.0,2571059,93040,joshua,kenneialy,bardolph sgreet,gardebest,killlara,wa,1970-01-01,2500,2500_ke,1275
zarran,jiang,113.0,thom crescent,wallendoon station,mount evelyn,6163,tas,19001007.0,4000010,47158,zarran,jiang,thom crescent,wallendoon station,mount evelyn,tas,1970-01-01,6163,6163_ji,2267
lachlan,thorpe,26.0,blinkhorn place,geekabee,cordeaux heights,2257,qld,19220128.0,5584987,90076,lachlan,thorpe,blinkhorn place,geekabee,cordeaux heights,qld,1970-01-01,2257,2257_th,2268
laura,braunack,87.0,durville crescent,parkmoor,graceville,2536,nsw,19550419.0,6978084,18623,laura,braunack,durville crescent,parkmoor,graceville,nsw,1970-01-01,2536,2536_br,169
joshua,parr,63.0,,,bungwahl,6251,vic,19950525.0,7710315,32647,joshua,parr,,,bungwahl,vic,1970-01-01,6251,6251_pa,2269
george,ferrar,,ballumbir street,richmeadows,highgtae,4558,nsw,19510224.0,8456781,34335,george,ferrar,ballumbir street,richmeadows,highgtae,nsw,1970-01-01,4558,4558_fe,2270
jaiden,rollins,48.0,rossarden street,tulgeywood,balwyn north,2224,nt,19280722.0,7626396,95260,jaiden,rollins,rossarden street,tulgeywood,balwyn north,nt,1970-01-01,2224,2224_ro,646
aidan,nguyen,10.0,mackenzie street,port hedland regional hospital,camperdown,2573,nsw,,3707777,73524,aidan,nguyen,mackenzie street,port hedland regional hospital,camperdown,nsw,,2573,2573_ng,2271
benjamin,carbone,18.0,wattle street,arthella,orange,3550,vic,19050820.0,3677127,61726,benjamin,carbone,wattle street,arthella,orange,vic,1970-01-01,3550,3550_ca,2272
caresse,thost,2.0,schlich street,wildefell,tahmoor,4121,nsw,19200424.0,1155162,29809,caresse,thost,schlich street,wildefell,tahmoor,nsw,1970-01-01,4121,4121_th,2273
oliver,green,22.0,fisken crescent,brackengrae,camp hill,2207,qld,19500515.0,3509865,65969,oliver,green,fisken crescent,brackengrae,camp hill,qld,1970-01-01,2207,2207_gr,2274
andrew,warneke,56.0,namadgi circuit,carragarra,dalby,3000,nsw,19140410.0,5449129,52520,andrew,warneke,namadgi circuit,carragarra,dalby,nsw,1970-01-01,3000,3000_wa,2275
caleb,hage,34.0,mcdermott street,dallyn,yamba,4350,act,19110405.0,5267640,91385,caleb,hage,mcdermott street,dallyn,yamba,act,1970-01-01,4350,4350_ha,2276
jordsn,lanyon,287.0,,,mona vale,6230,qld,19161215.0,9181688,34813,jordsn,lanyon,,,mona vale,qld,1970-01-01,6230,6230_la,2277
georgia,blake,7.0,huntly,bristin,jesmond,830,wa,19470129.0,4756378,419,georgia,blake,huntly,bristin,jesmond,wa,1970-01-01,0830,0830_bl,1219
joel,ryamn,26.0,lance hill avenue,cameroo,forest hill,3070,nsw,19320239.0,7563426,92173,joel,ryamn,lance hill avenue,cameroo,forest hill,nsw,1970-01-01,3070,3070_ry,105
isabella,shandley,57.0,fincham crescent,wilga,thebarton,2642,nsw,19520602.0,2401777,21355,isabella,shandley,fincham crescent,wilga,thebarton,nsw,1970-01-01,2642,2642_sh,2278
jackson,christo,840.0,fowles street,mou ntveiw,burleig heads,2830,sa,19830807.0,2932837,96396,jackson,christo,fowles street,mou ntveiw,burleig heads,sa,1970-01-01,2830,2830_ch,2279
cambell,de la cruz,373.0,wirraway crescent,boxgrove,balaklava,2111,nsw,19870911.0,4131610,74264,cambell,de la cruz,wirraway crescent,boxgrove,balaklava,nsw,1970-01-01,2111,2111_de,1616
olivia,hobson,78.0,louis loder street,summitc ottage,kaleen,4870,nsw,19760812.0,4535695,17636,olivia,hobson,louis loder street,summitc ottage,kaleen,nsw,1970-01-01,4870,4870_ho,2280
chloe,arneil,113.0,pullen sreet,blue hills,belmlnt,4883,nsw,19951224.0,4389592,61028,chloe,arneil,pullen sreet,blue hills,belmlnt,nsw,1970-01-01,4883,4883_ar,332
olivia,shepherd,39.0,burnage place,rowethorpe,winstonthills,3183,nsw,19320907.0,5731308,97759,olivia,shepherd,burnage place,rowethorpe,winstonthills,nsw,1970-01-01,3183,3183_sh,960
anthony,coulson,2.0,clarkso nstreet,cadogan,burrell creek,3094,vic,19380218.0,4284362,969,anthony,coulson,clarkso nstreet,cadogan,burrell creek,vic,1970-01-01,3094,3094_co,2281
dylan,nguyen,10.0,mackey lace,cypress garden,tyalgum,2640,vic,19580111.0,4147733,42938,dylan,nguyen,mackey lace,cypress garden,tyalgum,vic,1970-01-01,2640,2640_ng,2282
brooke,ryan,46.0,hodgson crescent,karalta park,sale,3055,nsw,19830207.0,7996851,68470,brooke,ryan,hodgson crescent,karalta park,sale,nsw,1970-01-01,3055,3055_ry,2283
danielle,dent,12.0,kootara crescent,cave hill creek,wanniassa,4220,wa,19530118.0,3310083,83762,danielle,dent,kootara crescent,cave hill creek,wanniassa,wa,1970-01-01,4220,4220_de,2284
tara,,320.0,winter street,yengola,wannero,3153,nsw,19460615.0,3244945,2498,tara,,winter street,yengola,wannero,nsw,1970-01-01,3153,3153_,2285
bryce,,16.0,meldrum street,rp 155232,arana hills,3128,nsw,19440613.0,4164990,85238,bryce,,meldrum street,rp 155232,arana hills,nsw,1970-01-01,3128,3128_,2286
oshaughnessy,bailez,19.0,araluen street,barclay downs,corlaville,2114,qld,19131103.0,4312580,49612,oshaughnessy,bailez,araluen street,barclay downs,corlaville,qld,1970-01-01,2114,2114_ba,2287
nicolas,fogg,,safari ldoge,wilshire street,lemongrove,2011,wa,19901127.0,3325932,75244,nicolas,fogg,safari ldoge,wilshire street,lemongrove,wa,1970-01-01,2011,2011_fo,2288
thorpe,makayla,15.0,macdonne ll street,yakilli park,kogarah,3450,qld,19440116.0,1754223,77641,thorpe,makayla,macdonne ll street,yakilli park,kogarah,qld,1970-01-01,3450,3450_ma,2289
lock,emmerson,5.0,burnie s treet,gordale,thursdaq iland,3174,vic,19211129.0,3901477,35549,lock,emmerson,burnie s treet,gordale,thursdaq iland,vic,1970-01-01,3174,3174_em,2290
samule,voivodich,43.0,manton p lace,brentwoo d vlge,buddan,4218,nsw,19820724.0,2733496,47207,samule,voivodich,manton p lace,brentwoo d vlge,buddan,nsw,1970-01-01,4218,4218_vo,639
madisno,miels,75.0,woronora street,wandearah,leslie vale,3101,nsw,19770216.0,4643316,4442,madisno,miels,woronora street,wandearah,leslie vale,nsw,1970-01-01,3101,3101_mi,2291
jessica,canton,31.0,canopus crescent,macarthur place,peregian beach,4670,vic,19840428.0,2398287,60423,jessica,canton,canopus crescent,macarthur place,peregian beach,vic,1970-01-01,4670,4670_ca,2292
finn,garcia,12.0,yumba avenue,highpoint,toogoom,7322,wa,19640105.0,4449917,33431,finn,garcia,yumba avenue,highpoint,toogoom,wa,1970-01-01,7322,7322_ga,2293
ainsley,blake,60.0,endeavour street,sheep station,redheda,7015,qld,19860920.0,1261880,22884,ainsley,blake,endeavour street,sheep station,redheda,qld,1970-01-01,7015,7015_bl,2228
jack,clapham,121.0,hadleigh circuit,school residence,somertoncpark,2714,qld,19960523.0,1214270,58795,jack,clapham,hadleigh circuit,school residence,somertoncpark,qld,1970-01-01,2714,2714_cl,1145
finlay,white,15.0,goodwin street,,salisbury heights,4228,qdl,19560628.0,1233871,17343,finlay,white,goodwin street,,salisbury heights,qdl,1970-01-01,4228,4228_wh,1605
connor,de angelis,31.0,pambula street,springdale,st peters,2640,vic,19720629.0,8260585,52235,connor,de angelis,pambula street,springdale,st peters,vic,1970-01-01,2640,2640_de,2294
grace,george,1.0,hopegood place,willow lodge,mill park,3175,nsw,19200909.0,7396495,57339,grace,george,hopegood place,willow lodge,mill park,nsw,1970-01-01,3175,3175_ge,2295
amber,frah,5.0,solomon crescent,stoney creek,leichhardt,2507,vic,19180701.0,3134475,38675,amber,frah,solomon crescent,stoney creek,leichhardt,vic,1970-01-01,2507,2507_fr,2296
mitchell,richmond,38.0,,wentworth house,,6148,nsw,19110605.0,4392610,22827,mitchell,richmond,,wentworth house,,nsw,1970-01-01,6148,6148_ri,2297
tate,hingston,159.0,oxley street,wylarah,kurri kurri,5040,nsw,19680521.0,1955716,82785,tate,hingston,oxley street,wylarah,kurri kurri,nsw,1970-01-01,5040,5040_hi,2298
shaun,mccarthy,3.0,alfred hilbl drive,hold fas t shores,mortlake,2032,wa,19630818.0,6220857,17916,shaun,mccarthy,alfred hilbl drive,hold fas t shores,mortlake,wa,1970-01-01,2032,2032_mc,1025
brooke,wyllie,40.0,rumkerlace,huntington,marrara,4650,vic,,4282147,11652,brooke,wyllie,rumkerlace,huntington,marrara,vic,,4650,4650_wy,2299
jacob,stoneman,53.0,balsillie crescent,emuvale,bilbul,4226,wa,19920924.0,1597681,52009,jacob,stoneman,balsillie crescent,emuvale,bilbul,wa,1970-01-01,4226,4226_st,546
indiana,goonan,15.0,sparkes kclose,corinella glen,carnegie,3135,nsw,19610313.0,9556041,93746,indiana,goonan,sparkes kclose,corinella glen,carnegie,nsw,1970-01-01,3135,3135_go,800
noah,weavekll,64.0,bromell circuit,evesto n park,new town,3934,tas,19980505.0,7187948,3417,noah,weavekll,bromell circuit,evesto n park,new town,tas,1970-01-01,3934,3934_we,2300
anika,spicer,3.0,melrose drive,rmbe 770,view avnk,2067,nsw,19861012.0,1434508,91701,anika,spicer,melrose drive,rmbe 770,view avnk,nsw,1970-01-01,2067,2067_sp,198
blake,fitzpatrick,20.0,allan street,cedar oaks,cowra,2257,wa,19121117.0,2439353,66868,blake,fitzpatrick,allan street,cedar oaks,cowra,wa,1970-01-01,2257,2257_fi,2301
olivia,cecotti,4.0,dobell circuit,,cabramatta,6153,vic,19580919.0,6701777,17842,olivia,cecotti,dobell circuit,,cabramatta,vic,1970-01-01,6153,6153_ce,2302
beua,chandler,10.0,fox place,,burwood,4810,tas,19180422.0,4212098,61309,beua,chandler,fox place,,burwood,tas,1970-01-01,4810,4810_ch,1299
harry,clarke,16.0,hyndes crescent,royal brisbane hospital,homebush,4805,nss,19971021.0,6391399,88794,harry,clarke,hyndes crescent,royal brisbane hospital,homebush,nss,1970-01-01,4805,4805_cl,2023
cameron,bisho,1.0,chillagoe street,edith hall,numerlala,6152,sa,19290325.0,8928429,7377,cameron,bisho,chillagoe street,edith hall,numerlala,sa,1970-01-01,6152,6152_bi,502
jamie,matthews,8.0,,,craigmore,3687,nsw,19410506.0,3285602,3595,jamie,matthews,,,craigmore,nsw,1970-01-01,3687,3687_ma,2303
dante,longo,36.0,rumker place,weeroona,ormond,6058,vic,19980220.0,6540789,85447,dante,longo,rumker place,weeroona,ormond,vic,1970-01-01,6058,6058_lo,2304
aley,gibb,20.0,burdekinravenue,blueberry,deniliquin,2046,act,19130303.0,4379286,8233,aley,gibb,burdekinravenue,blueberry,deniliquin,act,1970-01-01,2046,2046_gi,2305
lachlan,joannou,40.0,woodger place,meilene retirement,mayfield,3023,qld,19770813.0,2419080,34799,lachlan,joannou,woodger place,meilene retirement,mayfield,qld,1970-01-01,3023,3023_jo,2306
ellie,campbell,37.0,douglas place,port hedland regional hospital,corio,7008,wa,19380331.0,4597845,14040,ellie,campbell,douglas place,port hedland regional hospital,corio,wa,1970-01-01,7008,7008_ca,1403
sarah,clarke,37.0,kellewayavenue,allandale,marleston,6014,qld,19140908.0,9081739,44022,sarah,clarke,kellewayavenue,allandale,marleston,qld,1970-01-01,6014,6014_cl,2307
sian,,3.0,ashkanasy crescent,miowra,sylvania,5042,nsw,19510904.0,3279804,138,sian,,ashkanasy crescent,miowra,sylvania,nsw,1970-01-01,5042,5042_,237
charles,leane,18.0,mentha place,colooli village,keysborough,5211,vic,19870107.0,8426799,51109,charles,leane,mentha place,colooli village,keysborough,vic,1970-01-01,5211,5211_le,2308
jessica,petersen,72.0,springvale drive,,toowoomba,2905,nsw,19200108.0,5526479,10455,jessica,petersen,springvale drive,,toowoomba,nsw,1970-01-01,2905,2905_pe,2309
teaha,binns,26.0,castley circuit,warrambucca garden,rokeby,3816,nsw,19760420.0,1129369,7546,teaha,binns,castley circuit,warrambucca garden,rokeby,nsw,1970-01-01,3816,3816_bi,2310
,ryan,11.0,newman morris circuit,rsde 302,stephens,3011,qld,,2290010,30589,,ryan,newman morris circuit,rsde 302,stephens,qld,,3011,3011_ry,2311
levi,wyllie,46.0,barnard circuit,links court (cnr susanne s street,scarborough,3020,nsw,19791016.0,1466395,7680,levi,wyllie,barnard circuit,links court cnr susanne s street,scarborough,nsw,1970-01-01,3020,3020_wy,2312
diamond,beiler,39.0,devonport street,craiglee tsation,maryborough,4221,,19050207.0,3554756,74334,diamond,beiler,devonport street,craiglee tsation,maryborough,,1970-01-01,4221,4221_be,2313
eliza,haack,8.0,castleton crescent,,,3123,vic,,4953359,63118,eliza,haack,castleton crescent,,,vic,,3123,3123_ha,2314
white,max,47.0,,materprofessional centre,samford,3677,nsw,19940426.0,7678209,11368,white,max,,materprofessional centre,samford,nsw,1970-01-01,3677,3677_ma,2315
emma,louca,92.0,cherry place,pinecroft,berwick,3377,vic,19590308.0,4142406,77561,emma,louca,cherry place,pinecroft,berwick,vic,1970-01-01,3377,3377_lo,2316
tw,peta,20.0,william webb drive,glenlee,blakeview,5089,sa,19310724.0,1345281,71602,tw,peta,william webb drive,glenlee,blakeview,sa,1970-01-01,5089,5089_pe,2317
,de paoli,12.0,neumayer street,riverland ivllage,propect,2452,nsw,19990313.0,1420240,29427,,de paoli,neumayer street,riverland ivllage,propect,nsw,1970-01-01,2452,2452_de,404
benjanmin,novk,39.0,port jackson circuit,sherwood,dapto,6163,nt,19010630.0,6037054,31339,benjanmin,novk,port jackson circuit,sherwood,dapto,nt,1970-01-01,6163,6163_no,1096
rosa,parr,40.0,nicholson crescent,villa 32,mount evelyn,2200,nsw,19080409.0,8467968,95323,rosa,parr,nicholson crescent,villa 32,mount evelyn,nsw,1970-01-01,2200,2200_pa,2318
trevorrow,charles,,duggan street,inishmore,whitebridge,5473,vic,19721022.0,5211176,75386,trevorrow,charles,duggan street,inishmore,whitebridge,vic,1970-01-01,5473,5473_ch,2319
stanley,sachin,20.0,tanderracrescent,villa 2,geraldton,2705,sa,19320919.0,2886997,6885,stanley,sachin,tanderracrescent,villa 2,geraldton,sa,1970-01-01,2705,2705_sa,2320
harry,mezic,99.0,staunton place,kaluna,nambour,2485,wa,19211029.0,1124001,85282,harry,mezic,staunton place,kaluna,nambour,wa,1970-01-01,2485,2485_me,2321
connor,nguyen,19.0,lancehill avenue,kittani,sale,2216,nsw,19861116.0,1825598,45923,connor,nguyen,lancehill avenue,kittani,sale,nsw,1970-01-01,2216,2216_ng,2322
joshua,villiers,273.0,goyder st reet,loughmore,adelaide,2484,vic,19730628.0,9653869,97685,joshua,villiers,goyder street reet,loughmore,adelaide,vic,1970-01-01,2484,2484_vi,747
lachlan,hersey,26.0,southern cwross drive,teazles,fran kston,2605,sa,19620521.0,8117786,82664,lachlan,hersey,southern cwross drive,teazles,fran kston,sa,1970-01-01,2605,2605_he,2323
wil liam,shepherd,17.0,horsley crescent,annes ley,clayton,2203,qld,19920927.0,8560358,61561,wil liam,shepherd,horsley crescent,annes ley,clayton,qld,1970-01-01,2203,2203_sh,2324
jordan,ryan,61.0,carnegiecrescent,tahomor,millbrook,6004,vic,,2479030,40246,jordan,ryan,carnegiecrescent,tahomor,millbrook,vic,,6004,6004_ry,2325
hunter,green,37.0,kingsmill street,john flynn medical centre,greenacre,3084,nsw,19860813.0,9810237,22733,hunter,green,kingsmill street,john flynn medical centre,greenacre,nsw,1970-01-01,3084,3084_gr,1919
charles,leane,18.0,mentha place,coloolivillage,keysbprough,5211,vic,19870107.0,8426799,21748,charles,leane,mentha place,coloolivillage,keysbprough,vic,1970-01-01,5211,5211_le,2308
hannah,dixon,83.0,fergusoncrircuit,crown allotment,albur,7253,nsw,19130806.0,1605811,21060,hannah,dixon,fergusoncrircuit,crown allotment,albur,nsw,1970-01-01,7253,7253_di,2326
marvo,maleszka,,winrae,genoa street,exeter,2251,vic,19391223.0,9915886,10449,marvo,maleszka,winrae,genoa street,exeter,vic,1970-01-01,2251,2251_ma,2327
olivia,farnham,3.0,wanganeenavenue,marijdin,port broughton,2107,sa,19011012.0,3915581,98902,olivia,farnham,wanganeenavenue,marijdin,port broughton,sa,1970-01-01,2107,2107_fa,2328
browne,jack,34.0,caleycrescent,nioka,campsie,4030,qld,19590916.0,5959455,41880,browne,jack,caleycrescent,nioka,campsie,qld,1970-01-01,4030,4030_ja,2329
kyle,paterson,35.0,allan street,palm lake resort,toronto,2874,vic,,9754588,96296,kyle,paterson,allan street,palm lake resort,toronto,vic,,2874,2874_pa,2330
joel,boutchard,5.0,guguru place,antigua,surry hills,3174,vic,19251116.0,7546007,62636,joel,boutchard,guguru place,antigua,surry hills,vic,1970-01-01,3174,3174_bo,772
victoria,dixon,66.0,cooney court,loma langie,hackham,3165,nsw,19220922.0,4788064,63556,victoria,dixon,cooney court,loma langie,hackham,nsw,1970-01-01,3165,3165_di,2331
milloar,isabella,34.0,sherwoodcircuit,jasmin e lodge,east maitland,4055,vic,19401025.0,5762876,46155,milloar,isabella,sherwoodcircuit,jasmin e lodge,east maitland,vic,1970-01-01,4055,4055_is,2332
jack,stubbhw,150.0,heard srteet,summe sret,st agnes,5344,qld,19890526.0,1690126,20694,jack,stubbhw,heard srteet,summe sret,st agnes,qld,1970-01-01,5344,5344_st,42
liam,waller,37.0,,oldpurraqunda,st kilda east,3221,wa,19920706.0,7876568,2658,liam,waller,,oldpurraqunda,st kilda east,wa,1970-01-01,3221,3221_wa,1004
keeli n,priest,53.0,kyeema,albermarleplace,elwood,4506,wa,19100920.0,7236512,91609,keeli n,priest,kyeema,albermarleplace,elwood,wa,1970-01-01,4506,4506_pr,558
delaney,webb,55.0,dennys place,marsland,leichhardt,4129,qld,19571016.0,3898406,23243,delaney,webb,dennys place,marsland,leichhardt,qld,1970-01-01,4129,4129_we,2333
melanie,bouras,74.0,gorge creek orchards,inwood place,hoppers c rossing,2206,nsw,19971016.0,9221934,10022,melanie,bouras,gorge creek orchards,inwood place,hoppers c rossing,nsw,1970-01-01,2206,2206_bo,2334
keely,liddy,12.0,lazarus place,rsl westhaven,benowa,3175,vic,19780919.0,6872855,43015,keely,liddy,lazarus place,rsl westhaven,benowa,vic,1970-01-01,3175,3175_li,2335
jarvis,matthews,95.0,derrington crescent,the meadows,centennial park,2073,nsw,19750315.0,3771528,17916,jarvis,matthews,derrington crescent,the meadows,centennial park,nsw,1970-01-01,2073,2073_ma,1025
zara,stnaley,2.0,paul coe crescent,koah lldge,surrylhills,4132,nsw,19971117.0,1275004,90190,zara,stnaley,paul coe crescent,koah lldge,surrylhills,nsw,1970-01-01,4132,4132_st,1612
talia,silvestrino,74.0,kingston street,sec 478 hd paringa,mosman,2067,qld,19311020.0,8926703,5436,talia,silvestrino,kingston street,sec 478 hd paringa,mosman,qld,1970-01-01,2067,2067_si,2336
benjamin,lowe,96.0,macleay street,morocco,wanneroo,2530,vic,19261108.0,5606231,37481,benjamin,lowe,macleay street,morocco,wanneroo,vic,1970-01-01,2530,2530_lo,2337
dylan,campbell,42.0,bernacchi street,forest hills,port macquarie,2097,qld,19941220.0,9385938,95042,dylan,campbell,bernacchi street,forest hills,port macquarie,qld,1970-01-01,2097,2097_ca,2338
benjamin,lowe,96.0,morocco,macleay street,wanneroo,2530,vic,19261108.0,5606231,76516,benjamin,lowe,morocco,macleay street,wanneroo,vic,1970-01-01,2530,2530_lo,2339
james,campbell,1181.0,jaeger circuit,hamden place,beechboro,3943,qld,19991103.0,2846606,59205,james,campbell,jaeger circuit,hamden place,beechboro,qld,1970-01-01,3943,3943_ca,2340
aloysius,chandler,14.0,morehead street,glenei ra,scarborough,4078,qld,19170308.0,2866938,55303,aloysius,chandler,morehead street,glenei ra,scarborough,qld,1970-01-01,4078,4078_ch,2341
charlie,roussounis,13.0,gledden street,woorabinda,craigmore,6026,nsw,19461111.0,7379154,84737,charlie,roussounis,gledden street,woorabinda,craigmore,nsw,1970-01-01,6026,6026_ro,54
ellne,dixon,69.0,litchfield place,killara lodge,mount isa,4053,wa,19281110.0,9305219,99120,ellne,dixon,litchfield place,killara lodge,mount isa,wa,1970-01-01,4053,4053_di,437
cooper,dixon,18.0,de gillern place,pia place,caulfield north,4114,vic,19670919.0,3514159,76852,cooper,dixon,de gillern place,pia place,caulfield north,vic,1970-01-01,4114,4114_di,2342
jasmine,hodgens,399.0,burtt crescent,yammacoona,maryborough,6006,qld,19970618.0,8417307,90782,jasmine,hodgens,burtt crescent,yammacoona,maryborough,qld,1970-01-01,6006,6006_ho,684
kirra,nguyen,17.0,elimatta street,colbara,goonellabah,2291,vic,19810716.0,8305865,46270,kirra,nguyen,elimatta street,colbara,goonellabah,vic,1970-01-01,2291,2291_ng,2343
cassandra,ewald,7.0,kambah exchange street,petirwil,yangebup,2135,vic,19631104.0,9333629,82603,cassandra,ewald,kambah exchange street,petirwil,yangebup,vic,1970-01-01,2135,2135_ew,2344
brooke,nguyen,98.0,,chobe,yarraville,2107,wa,19960816.0,9574103,88169,brooke,nguyen,,chobe,yarraville,wa,1970-01-01,2107,2107_ng,2345
kimberly,pavli,346.0,pennefather street,,north sydney,3056,nsw,19600628.0,1529118,3354,kimberly,pavli,pennefather street,,north sydney,nsw,1970-01-01,3056,3056_pa,1767
bailee,millar,22.0,rowntree crescent,,carlingford,3064,vic,19890910.0,8928243,3319,bailee,millar,rowntree crescent,,carlingford,vic,1970-01-01,3064,3064_mi,2346
tara,rolilns,11.0,bonwick place,,surrey heills,8210,nsw,19120710.0,7514831,28621,tara,rolilns,bonwick place,,surrey heills,nsw,1970-01-01,8210,8210_ro,2347
judah,jeffries,,condamine street,tinaroo falls,canterbury,2162,nsw,19350906.0,6982133,38436,judah,jeffries,condamine street,tinaroo falls,canterbury,nsw,1970-01-01,2162,2162_je,688
toby,geragyty,49.0,la perouse street,,west lakes,2141,nsw,19450115.0,3871725,48695,toby,geragyty,la perouse street,,west lakes,nsw,1970-01-01,2141,2141_ge,2348
max,moucho,14.0,,brae view,keysborough,3936,nsw,19280822.0,6834257,64802,max,moucho,,brae view,keysborough,nsw,1970-01-01,3936,3936_mo,2349
seddon,matthew,195.0,collingridge street,port 366,paralowie,3803,nsw,19920305.0,6514580,36786,seddon,matthew,collingridge street,port 366,paralowie,nsw,1970-01-01,3803,3803_ma,2350
carla,carbone,33.0,faithfull circuit,rosehill,westmead,3072,tas,19710605.0,9383264,68148,carla,carbone,faithfull circuit,rosehill,westmead,tas,1970-01-01,3072,3072_ca,2351
noah,mason,68.0,,st james,burwood,2142,sa,19500202.0,8983319,92916,noah,mason,,st james,burwood,sa,1970-01-01,2142,2142_ma,2352
dillon,morrison,164.0,drevermann street,burra minga,toronto,3194,qdl,19920126.0,9218356,40448,dillon,morrison,drevermann street,burra minga,toronto,qdl,1970-01-01,3194,3194_mo,2353
riley,nguyen,221.0,chuculbac rescent,yarramine park,lower templestowe,2199,vic,19580921.0,7498288,93662,riley,nguyen,chuculbac rescent,yarramine park,lower templestowe,vic,1970-01-01,2199,2199_ng,2354
hindess,lutke,54.0,gledden street,nairnzlodge,clarence park,4703,qld,19771109.0,1089096,62777,hindess,lutke,gledden street,nairnzlodge,clarence park,qld,1970-01-01,4703,4703_lu,2355
william,afford,63.0,marengo place,the hammno e village,,2303,sa,19730414.0,6875258,33228,william,afford,marengo place,the hammno e village,,sa,1970-01-01,2303,2303_af,2356
clain,entresz,33.0,ringrose crescent,jingara,cairns,6023,nsw,19900120.0,5070905,93423,clain,entresz,ringrose crescent,jingara,cairns,nsw,1970-01-01,6023,6023_en,2357
david,donaldson,12.0,fuhrman sreet,the manor braeside,sefton park,3153,vic,,1746512,90107,david,donaldson,fuhrman sreet,the manor braeside,sefton park,vic,,3153,3153_do,2358
emiiy,minards,23.0,beetaloo street,old post office,downer,3969,wa,19180430.0,9745200,91734,emiiy,minards,beetaloo street,old post office,downer,wa,1970-01-01,3969,3969_mi,2359
jonah,thorpe,8.0,monkmanstreet,wonga square,canley hrights,5025,vic,19580420.0,6699959,48964,jonah,thorpe,monkmanstreet,wonga square,canley hrights,vic,1970-01-01,5025,5025_th,378
anthony,goode,4.0,northam htreet,,southbank,2320,wa,19641029.0,5567470,77269,anthony,goode,northam htreet,,southbank,wa,1970-01-01,2320,2320_go,2360
lily,thorpe,313.0,rivett place,thurlgona,mount gravatt,6104,wa,19310318.0,9216285,95568,lily,thorpe,rivett place,thurlgona,mount gravatt,wa,1970-01-01,6104,6104_th,2361
portia,miles,869.0,eldershaw place,,spearwood,2134,vic,19520311.0,9170437,54143,portia,miles,eldershaw place,,spearwood,vic,1970-01-01,2134,2134_mi,2362
savannah,hope,10.0,medley street,blackridge flyfishing school,northbridge,2088,nsw,19581012.0,5486519,85988,savannah,hope,medley street,blackridge flyfishing school,northbridge,nsw,1970-01-01,2088,2088_ho,2363
oliver,vassiluotis,39.0,mortimer lewisadrive,hattah-kulkyne,leongatha,5022,nsw,19910804.0,4669127,29149,oliver,vassiluotis,mortimer lewisadrive,hattah kulkyne,leongatha,nsw,1970-01-01,5022,5022_va,2364
ella,james-palmer,7.0,dodwell street,glenavon,chatham,658,vic,19921207.0,5755173,42514,ella,james palmer,dodwell street,glenavon,chatham,vic,1970-01-01,0658,0658_ja,2365
joshua,hohn,97.0,sommerlad place,coralyn,eight mile plains,3178,vic,19260422.0,6588717,76593,joshua,hohn,sommerlad place,coralyn,eight mile plains,vic,1970-01-01,3178,3178_ho,1000
nathan,kunik,15.0,bunduluk crescent,aremar,ashfield,3149,nsw,19100926.0,5880341,97195,nathan,kunik,bunduluk crescent,aremar,ashfield,nsw,1970-01-01,3149,3149_ku,1004
jacob,schuster,5.0,maidment place,woy woy community care,sunshine,2504,sa,19750307.0,4344953,47295,jacob,schuster,maidment place,woy woy community care,sunshine,sa,1970-01-01,2504,2504_sc,2366
isabrlla,crossman,269.0,churchill way,nioka,redan,2446,vic,19711102.0,2898842,52776,isabrlla,crossman,churchill way,nioka,redan,vic,1970-01-01,2446,2446_cr,2367
tiana,stubbs,417.0,barwell place,lochlee,cromer heights,3869,nsw,19030715.0,1274999,77331,tiana,stubbs,barwell place,lochlee,cromer heights,nsw,1970-01-01,3869,3869_st,1686
grace,timmermans,18.0,cussen street,hallsviole,prestln,2251,wa,19501207.0,6702521,79016,grace,timmermans,cussen street,hallsviole,prestln,wa,1970-01-01,2251,2251_ti,123
chloe,wasley,148.0,mclachlancrescent,merri banks,upper coomera,6148,qld,19630503.0,5068158,11847,chloe,wasley,mclachlancrescent,merri banks,upper coomera,qld,1970-01-01,6148,6148_wa,2368
schkirra,moyse,2.0,,greenwood,ryde,3020,wa,19600909.0,3837519,23198,schkirra,moyse,,greenwood,ryde,wa,1970-01-01,3020,3020_mo,2369
amy,clarke,210.0,amagula avenue,villa 56,brisbane,3189,wa,19040510.0,2004573,20548,amy,clarke,amagula avenue,villa 56,brisbane,wa,1970-01-01,3189,3189_cl,2370
adele,walls,1.0,congreavecourt,abercrombie circuit,beverly hills,3219,qld,19041026.0,4207496,98001,adele,walls,congreavecourt,abercrombie circuit,beverly hills,qld,1970-01-01,3219,3219_wa,2371
jayden,browne,80.0,chaseling street,kincumber nautical vlge,sussex inlet,2630,nsw,19430306.0,2825950,55135,jayden,browne,chaseling street,kincumber nautical vlge,sussex inlet,nsw,1970-01-01,2630,2630_br,2372
catherine,killin,2.0,mcginness street,,lake clifton,3355,nsw,19880913.0,4443647,63907,catherine,killin,mcginness street,,lake clifton,nsw,1970-01-01,3355,3355_ki,2373
madeline,ebdell,,amagula avenue,rockwood,nungfurer,5253,sa,19690807.0,7508632,46371,madeline,ebdell,amagula avenue,rockwood,nungfurer,sa,1970-01-01,5253,5253_eb,1350
edward,campbwell,13.0,atherton dtreet,ballegun,knoxfield,4575,nsw,19920821.0,2810290,96475,edward,campbwell,atherton dtreet,ballegun,knoxfield,nsw,1970-01-01,4575,4575_ca,2374
blake,moody,,studley street,rose vate,riverwood,4869,qld,,4137787,53645,blake,moody,studley street,rose vate,riverwood,qld,,4869,4869_mo,2375
jacob,kopievsky,24.0,downward place,banksiaivllage,bunbjry,4674,qld,19470530.0,3777070,54305,jacob,kopievsky,downward place,banksiaivllage,bunbjry,qld,1970-01-01,4674,4674_ko,2376
david,sokic,11.0,gurubun close,binnalong,dianella,3042,wa,19771128.0,4848529,28744,david,sokic,gurubun close,binnalong,dianella,wa,1970-01-01,3042,3042_so,2377
julia,mantovano,149.0,barber crescent,,bogangar,4300,vic,19840315.0,4747871,91186,julia,mantovano,barber crescent,,bogangar,vic,1970-01-01,4300,4300_ma,2378
adam,guymer,125.0,lawlor place,dickson family practice,teriwie,4405,nsw,19600111.0,6151152,81943,adam,guymer,lawlor place,dickson family practice,teriwie,nsw,1970-01-01,4405,4405_gu,1459
gregory,toews,16.0,badimara street,kodootonga,lower temelestowe,4818,vic,19810610.0,5213349,8642,gregory,toews,badimara street,kodootonga,lower temelestowe,vic,1970-01-01,4818,4818_to,2379
graxe,mason,1.0,,,port macquarie,2375,tas,,6370721,21818,graxe,mason,,,port macquarie,tas,,2375,2375_ma,2380
jasmine,royke,,minehan place,,werrington,5162,nsw,19471027.0,8590831,55699,jasmine,royke,minehan place,,werrington,nsw,1970-01-01,5162,5162_ro,1876
tristan,carp,222.0,marchant gcircuit,georgedale,campbelltown,2913,nsw,19281204.0,1421166,62519,tristan,carp,marchant gcircuit,georgedale,campbelltown,nsw,1970-01-01,2913,2913_ca,2381
jurlia,rayn,3.0,schlichj street,ocean stavrillas,lower templestowe,6285,vic,19230209.0,7077889,95461,jurlia,rayn,schlichj street,ocean stavrillas,lower templestowe,vic,1970-01-01,6285,6285_ra,2382
keelin,priest,4.0,kyeema,albermarle place,beaumaris,4506,wa,19100920.0,7236512,44809,keelin,priest,kyeema,albermarle place,beaumaris,wa,1970-01-01,4506,4506_pr,558
kai,white,8.0,cockcroft avenue,al lunga,parramatta,4179,,19551009.0,6779312,59698,kai,white,cockcroft avenue,al lunga,parramatta,,1970-01-01,4179,4179_wh,2383
silas,edhouse,13.0,fincham cr escent,gateway vlge caravn park,terrigal,2720,nsw,19460712.0,6281089,58214,silas,edhouse,fincham cr escent,gateway vlge caravn park,terrigal,nsw,1970-01-01,2720,2720_ed,1227
isabelle,chittleborough,4.0,burrinjuck crescent,goldview,port macquarie,2466,nws,19470725.0,3979337,49517,isabelle,chittleborough,burrinjuck crescent,goldview,port macquarie,nws,1970-01-01,2466,2466_ch,2384
sachin,garcia,20.0,tanderra crescent,villa2,geraldton,2705,sa,19320919.0,2886997,57568,sachin,garcia,tanderra crescent,villa2,geraldton,sa,1970-01-01,2705,2705_ga,830
adam,evesjon,11.0,kirkland circuit,warrawnog,,2192,act,19940623.0,7493662,8428,adam,evesjon,kirkland circuit,warrawnog,,act,1970-01-01,2192,2192_ev,968
reece,miels,75.0,woronoas treet,,leslie vale,3101,nsw,19410117.0,4643316,69063,reece,miels,woronoas treet,,leslie vale,nsw,1970-01-01,3101,3101_mi,2385
dayna,stephenson,20.0,fellows street,tubbarubba,pallara,4059,qld,19201111.0,9364184,98382,dayna,stephenson,fellows street,tubbarubba,pallara,qld,1970-01-01,4059,4059_st,1177
ashlie,mason,3.0,sinclair street,young retiremeht village,flagstaff hill,3201,nsw,19540731.0,9955736,12634,ashlie,mason,sinclair street,young retiremeht village,flagstaff hill,nsw,1970-01-01,3201,3201_ma,2386
lachlan-john,rivers,5.0,perier olace,oakdale,ringwood,4313,nsw,19960904.0,8718844,50097,lachlan john,rivers,perier olace,oakdale,ringwood,nsw,1970-01-01,4313,4313_ri,1008
danielle,stanley,23.0,river street,,coopersshoot,4865,vic,19820801.0,7127513,29807,danielle,stanley,river street,,coopersshoot,vic,1970-01-01,4865,4865_st,2387
brendan,elrick,13.0,leist xtreet,tewantin plaza,wangaratta,3137,qld,19241230.0,4842648,45810,brendan,elrick,leist xtreet,tewantin plaza,wangaratta,qld,1970-01-01,3137,3137_el,2388
tahlia,vacchiani,20.0,newlands treet,tahmoor,floreat,2305,qld,19041007.0,5476244,99276,tahlia,vacchiani,newlands treet,tahmoor,floreat,qld,1970-01-01,2305,2305_va,2389
flynn,egan,162.0,fergusson crescent,john flynn medical centre,com,2580,nsw,19700305.0,5022596,74532,flynn,egan,fergusson crescent,john flynn medical centre,com,nsw,1970-01-01,2580,2580_eg,2390
edward,grafton,13.0,atherton street,ballegun,knoxfield,4575,nsw,19920821.0,2810290,72144,edward,grafton,atherton street,ballegun,knoxfield,nsw,1970-01-01,4575,4575_gr,2391
thomas,voorendt,17.0,alpen street,tathra,st albans,3567,nsw,19830805.0,1466357,57956,thomas,voorendt,alpen street,tathra,st albans,nsw,1970-01-01,3567,3567_vo,2392
matthew,ryane,1334.0,barraclough crescent,lindisfarme,craigie,2575,nsw,19791003.0,4949902,40932,matthew,ryane,barraclough crescent,lindisfarme,craigie,nsw,1970-01-01,2575,2575_ry,2393
marleigh,clarke,63.0,hodgson crescent,hawkins masonic vlge,northcliffe,2444,vic,19301107.0,3693124,66747,marleigh,clarke,hodgson crescent,hawkins masonic vlge,northcliffe,vic,1970-01-01,2444,2444_cl,1956
zachary,hope,64.0,costello circuit,foxlea,mosman,2280,nsw,19390217.0,2473890,56238,zachary,hope,costello circuit,foxlea,mosman,nsw,1970-01-01,2280,2280_ho,460
hugo,manson,31.0,cox street,milpara,mount eliza,2530,qld,19321204.0,2042233,93770,hugo,manson,cox street,milpara,mount eliza,qld,1970-01-01,2530,2530_ma,1622
heather,white,97.0,doonkuna street,millenium towers,vermont,3822,vic,19860128.0,6026159,19733,heather,white,doonkuna street,millenium towers,vermont,vic,1970-01-01,3822,3822_wh,921
luke,,52.0,sangster place,willyaroostreet,albion park,4220,wa,19711012.0,3259489,415,luke,,sangster place,willyaroostreet,albion park,wa,1970-01-01,4220,4220_,2394
natalia,green,358.0,macrossan crescent,newman medical centre,yagoona,2535,qld,19910111.0,3131587,68526,natalia,green,macrossan crescent,newman medical centre,yagoona,qld,1970-01-01,2535,2535_gr,14
paul,shinnick,25.0,steinwedel street,navan park,spotswood,4740,vic,19110916.0,8600040,95404,paul,shinnick,steinwedel street,navan park,spotswood,vic,1970-01-01,4740,4740_sh,2395
silas,,20.0,jacka crescent,shopping centre,namboxur,4306,vic,19580212.0,7373672,73912,silas,,jacka crescent,shopping centre,namboxur,vic,1970-01-01,4306,4306_,2396
victoria,white,20.0,parker street,moy,calliope,4514,sa,19430329.0,3459225,33114,victoria,white,parker street,moy,calliope,sa,1970-01-01,4514,4514_wh,2397
stehanie,blam,15.0,mcdonaldj street,burns ide,mount eliza,6567,vic,19730806.0,3873535,88771,stehanie,blam,mcdonaldj street,burns ide,mount eliza,vic,1970-01-01,6567,6567_bl,2398
emiily,jolly,36.0,barclay street,wangrah,airlie beach,4870,vic,19090420.0,4870757,68897,emiily,jolly,barclay street,wangrah,airlie beach,vic,1970-01-01,4870,4870_jo,708
david,sokic,11.0,gurubun close,binnalong,dianella,3042,,19771128.0,4848520,7225,david,sokic,gurubun close,binnalong,dianella,,1970-01-01,3042,3042_so,2399
filnay,whige,15.0,goodwintsreet,,salisburyh eights,4228,qld,19700309.0,1233871,99394,filnay,whige,goodwintsreet,,salisburyh eights,qld,1970-01-01,4228,4228_wh,1605
george,blam,15.0,mcdonald sotreet,burnside,mount eliza,6567,vic,19730806.0,3873535,87563,george,blam,mcdonald sotreet,burnside,mount eliza,vic,1970-01-01,6567,6567_bl,725
hayden,covio,10.0,deamer crescent,iowanna,north ryde,2750,qld,19541104.0,2494239,39327,hayden,covio,deamer crescent,iowanna,north ryde,qld,1970-01-01,2750,2750_co,1665
kimberley,campbell,18.0,delprat c ircuit,umaxvale,allambie heights,2458,sa,19561008.0,2172495,75022,kimberley,campbell,delprat c ircuit,umaxvale,allambie heights,sa,1970-01-01,2458,2458_ca,2400
lucy,cla rke,1.0,kriewaldt circuit,,torquay,3085,sa,,4309304,47842,lucy,cla rke,kriewaldt circuit,,torquay,sa,,3085,3085_cl,2401
georgia,leslie,38.0,rosman circuit,genesis,parkvdale,4650,qld,19000701.0,2150872,29988,georgia,leslie,rosman circuit,genesis,parkvdale,qld,1970-01-01,4650,4650_le,1812
sophie,lodiong,90.0,magrath crescent,beaudesert cra avan park,ballina,4051,nsw,19530823.0,5266216,66843,sophie,lodiong,magrath crescent,beaudesert cra avan park,ballina,nsw,1970-01-01,4051,4051_lo,2402
william,afford,80.0,marengo place,the hammond village,albury,2303,sa,19730414.0,7921733,57617,william,afford,marengo place,the hammond village,albury,sa,1970-01-01,2303,2303_af,2403
cameron,cordlingley,12.0,waitestreet,summer hill,colac,5238,nsw,19700430.0,5765191,29465,cameron,cordlingley,waitestreet,summer hill,colac,nsw,1970-01-01,5238,5238_co,2404
thomas,alagich,9.0,crago place,country club,toorak,3216,sa,,3790888,20325,thomas,alagich,crago place,country club,toorak,sa,,3216,3216_al,2405
edward,buttrose,29.0,armstrong crescent,coogee beach caravan resort,kirwan,3429,nsw,19040811.0,5663433,83658,edward,buttrose,armstrong crescent,coogee beach caravan resort,kirwan,nsw,1970-01-01,3429,3429_bu,2406
nathan,monaco,16.0,holli s place,villa 2,summer hkll,4207,nsw,19251021.0,1784132,22629,nathan,monaco,holli s place,villa 2,summer hkll,nsw,1970-01-01,4207,4207_mo,1366
taylor-saige,bendyk,13.0,tallara parkway,yarrabin,queenscliff,2148,vic,19100310.0,5851063,19509,taylor saige,bendyk,tallara parkway,yarrabin,queenscliff,vic,1970-01-01,2148,2148_be,2407
jackson,eglinton,840.0,fowles street,mountview,burleigh heads,2830,sa,19830807.0,2932837,24312,jackson,eglinton,fowles street,mountview,burleigh heads,sa,1970-01-01,2830,2830_eg,2408
alexander,mccarthy,17.0,collings street,balala station,blakehurst,2913,qld,19280419.0,1582861,3473,alexander,mccarthy,collings street,balala station,blakehurst,qld,1970-01-01,2913,2913_mc,2114
victoria,alderson,5.0,kadina crescent,wealdstone,bribie island,4701,nsw,19920117.0,7627842,56439,victoria,alderson,kadina crescent,wealdstone,bribie island,nsw,1970-01-01,4701,4701_al,2409
kaitln,dixon,33.0,ware place,spylas farm,morwell,2617,nsw,19420804.0,4342419,36725,kaitln,dixon,ware place,spylas farm,morwell,nsw,1970-01-01,2617,2617_di,2181
wilde,kyra,26.0,groom street,,young,3859,sa,19090815.0,5230360,23979,wilde,kyra,groom street,,young,sa,1970-01-01,3859,3859_ky,2410
joshua,greenj,17.0,maddock place,,edgecliff,6244,qld,19790110.0,4331997,29678,joshua,greenj,maddock place,,edgecliff,qld,1970-01-01,6244,6244_gr,2411
ethan,pettingill,1.0,carruthers street,glenefer garden,gosford east,2031,nsw,19890131.0,4142808,35833,ethan,pettingill,carruthers street,glenefer garden,gosford east,nsw,1970-01-01,2031,2031_pe,2412
kaitlin,geue,81.0,sheaffe street,ridgepoint,cronulla,3266,vic,19090903.0,2838932,62603,kaitlin,geue,sheaffe street,ridgepoint,cronulla,vic,1970-01-01,3266,3266_ge,346
lucas,campbell,19.0,dyett circuit,kooyong,dapto,2594,vic,19520124.0,3068374,50456,lucas,campbell,dyett circuit,kooyong,dapto,vic,1970-01-01,2594,2594_ca,1399
joshau,belperio,102.0,walker crzescent,,maryborough,7310,nsw,19061028.0,6447360,81761,joshau,belperio,walker crzescent,,maryborough,nsw,1970-01-01,7310,7310_be,2413
spyke,morrison,172.0,magenta square,parklands village,geraldton,3352,qld,19061014.0,7686370,80315,spyke,morrison,magenta square,parklands village,geraldton,qld,1970-01-01,3352,3352_mo,1858
alexandra,leslie,3.0,clancy street,kindilan,clare,2111,wa,19100907.0,5476174,87115,alexandra,leslie,clancy street,kindilan,clare,wa,1970-01-01,2111,2111_le,2414
charlie,gonzales,10.0,gosse street,shelbourne woodstock,preston,3796,qld,19100521.0,2130490,30815,charlie,gonzales,gosse street,shelbourne woodstock,preston,qld,1970-01-01,3796,3796_go,2415
jessica,faull,10.0,paul coe c rescent,gainsbury (cnr waldegrove r road,noble park,2844,as,19780327.0,7914821,42114,jessica,faull,paul coe c rescent,gainsbury cnr waldegrove r road,noble park,as,1970-01-01,2844,2844_fa,1999
olivia,hobson,78.0,summit clttage,louis loder street,kaleen,4870,nsw,,4535695,94852,olivia,hobson,summit clttage,louis loder street,kaleen,nsw,,4870,4870_ho,2416
sarah,everett,126.0,magrath crescent,rowethorpe,chinchilla,2903,vic,19900226.0,8413957,10817,sarah,everett,magrath crescent,rowethorpe,chinchilla,vic,1970-01-01,2903,2903_ev,2417
dale,fimdrfi,37.0,burdett crescent,star court arcade,wilxon,6618,nsw,19930529.0,2625486,17968,dale,fimdrfi,burdett crescent,star court arcade,wilxon,nsw,1970-01-01,6618,6618_fi,2418
lucinda,mcneil,7.0,ashburton circuit,abbeyg reen,vaucluse,3223,qld,19090228.0,3815124,57742,lucinda,mcneil,ashburton circuit,abbeyg reen,vaucluse,qld,1970-01-01,3223,3223_mc,2419
matthew,leong,20.0,kavel sptreet,,minchizbury,6153,nsw,19170916.0,1648925,73838,matthew,leong,kavel sptreet,,minchizbury,nsw,1970-01-01,6153,6153_le,43
naomi,vincent,90.0,southern cross drive,ascotvale,wendouree,5044,vic,19961103.0,4811286,2031,naomi,vincent,southern cross drive,ascotvale,wendouree,vic,1970-01-01,5044,5044_vi,2420
malakai,schoppe,31.0,boddington crescent,broadwatermcaravn park,trafaglar,2747,vic,19141221.0,9890346,43365,malakai,schoppe,boddington crescent,broadwatermcaravn park,trafaglar,vic,1970-01-01,2747,2747_sc,174
isabella,shepherd,28.0,evelyn owen crescent,wirruna,bindoon,2263,vic,19990122.0,7775354,65222,isabella,shepherd,evelyn owen crescent,wirruna,bindoon,vic,1970-01-01,2263,2263_sh,2421
lachlan,carmody,6.0,sheehan street,avenel,terrigal,2767,wa,,7537783,19218,lachlan,carmody,sheehan street,avenel,terrigal,wa,,2767,2767_ca,2422
zoe,gajda,35.0,eddison place,rosebrook,concord,6058,nsw,19600515.0,2599162,47488,zoe,gajda,eddison place,rosebrook,concord,nsw,1970-01-01,6058,6058_ga,622
magnus,mazzone,22.0,ingham olace,halfmoon station,,2285,nt,19650426.0,3684075,76932,magnus,mazzone,ingham olace,halfmoon station,,nt,1970-01-01,2285,2285_ma,1157
talia,oliveri,72.0,ankaa place,westleigh,mosman,3311,qld,19020831.0,8405932,78465,talia,oliveri,ankaa place,westleigh,mosman,qld,1970-01-01,3311,3311_ol,2423
madison,goldsworthy,51.0,ina gregory circuit,ortawenah,maroota south,3579,vic,19760411.0,6295703,7718,madison,goldsworthy,ina gregory circuit,ortawenah,maroota south,vic,1970-01-01,3579,3579_go,2424
sarah,white,48.0,bugden avenue,berkeley village,,2263,vic,19310728.0,9902353,54185,sarah,white,bugden avenue,berkeley village,,vic,1970-01-01,2263,2263_wh,2425
natalee,colean,293.0,minns palce,,waterman,3910,vic,19110405.0,3646292,10127,natalee,colean,minns palce,,waterman,vic,1970-01-01,3910,3910_co,109
nicholas,ryan,5.0,lander crescent,strathdene,gosford east,2453,qld,19100820.0,7460798,11316,nicholas,ryan,lander crescent,strathdene,gosford east,qld,1970-01-01,2453,2453_ry,2426
rebecca,gripton,47.0,geerilong garden,australiafair medical west centre,balwyn north,6030,wa,19420626.0,2546284,10749,rebecca,gripton,geerilong garden,australiafair medical west centre,balwyn north,wa,1970-01-01,6030,6030_gr,1355
logan,green,11.0,marlock street,kersleymews,anula,6233,nsw,19440514.0,2837625,9870,logan,green,marlock street,kersleymews,anula,nsw,1970-01-01,6233,6233_gr,219
kazuki,fenwick,11.0,herron crescent,sunnyview,leichhardt,2564,nsw,19530925.0,6921972,5248,kazuki,fenwick,herron crescent,sunnyview,leichhardt,nsw,1970-01-01,2564,2564_fe,2427
harry,mezic,99.0,staunton place,kaluna,nambojr,2485,wa,19211029.0,1124001,21366,harry,mezic,staunton place,kaluna,nambojr,wa,1970-01-01,2485,2485_me,2321
madison,ebdell,57.0,southlands shops,yellow dam,humpty doo,6110,tas,19541129.0,9104054,95508,madison,ebdell,southlands shops,yellow dam,humpty doo,tas,1970-01-01,6110,6110_eb,2428
sophie,pascoe,46.0,blackman crescent,,pacific paradise,3284,sa,19200214.0,9967942,78204,sophie,pascoe,blackman crescent,,pacific paradise,sa,1970-01-01,3284,3284_pa,2429
elly,reid,58.0,bambridg estreet,john flynn hospital,eight mile plains,4806,nsw,,6391700,82132,elly,reid,bambridg estreet,john flynn hospital,eight mile plains,nsw,,4806,4806_re,2430
liam,thorpe,,paul coe crescent,kianinny cabins,penrith,2204,nsw,19911112.0,9435582,53990,liam,thorpe,paul coe crescent,kianinny cabins,penrith,nsw,1970-01-01,2204,2204_th,2431
jake,grosser,3.0,lexcen avenue,horseshoe bend,casono,2161,vic,19780727.0,8695287,45170,jake,grosser,lexcen avenue,horseshoe bend,casono,vic,1970-01-01,2161,2161_gr,118
kaitlin,donaldson,1.0,praed place,prospect creek,oakleigh east,2121,tas,19520918.0,3119350,15978,kaitlin,donaldson,praed place,prospect creek,oakleigh east,tas,1970-01-01,2121,2121_do,1651
charlotte,orchard,3.0,dickinson street,,narellan,4551,wa,19850330.0,3193520,41412,charlotte,orchard,dickinson street,,narellan,wa,1970-01-01,4551,4551_or,2090
coby,berry,27.0,heagney crsescent,,cremorne,3078,vic,19260518.0,1390881,2644,coby,berry,heagney crsescent,,cremorne,vic,1970-01-01,3078,3078_be,285
robert,mccarthy,9.0,gudgenby close,ocean startvillas,cairns,3450,nsw,19070923.0,5234558,28756,robert,mccarthy,gudgenby close,ocean startvillas,cairns,nsw,1970-01-01,3450,3450_mc,352
deally,karissa,185.0,beattie crescent,birrabilla,moranbah,2525,nsw,19360703.0,2328993,74874,deally,karissa,beattie crescent,birrabilla,moranbah,nsw,1970-01-01,2525,2525_ka,2432
cooper,brain,21.0,mccormack street,karoola,labrador,2448,nsw,19651027.0,9958874,63508,cooper,brain,mccormack street,karoola,labrador,nsw,1970-01-01,2448,2448_br,2433
mikhaili,reid,46.0,bambridge street,john flynn hospital,eight mile plains,4806,nsw,19850523.0,2111602,22280,mikhaili,reid,bambridge street,john flynn hospital,eight mile plains,nsw,1970-01-01,4806,4806_re,2434
tiana,stubbs,417.0,barwell place,locflee,cromer heights,3869,nsw,19030715.0,1274999,32173,tiana,stubbs,barwell place,locflee,cromer heights,nsw,1970-01-01,3869,3869_st,1686
,rees,16.0,meldrum street,rp 1552r32,arana hills,3128,nsw,19440613.0,4164990,4506,,rees,meldrum street,rp 1552r32,arana hills,nsw,1970-01-01,3128,3128_re,2435
melinda,sherin,9.0,conley drive,,macmasters beach,3226,vic,19511104.0,9615557,75736,melinda,sherin,conley drive,,macmasters beach,vic,1970-01-01,3226,3226_sh,279
jemma,vincent,4.0,rivergum van park,bangalay crescent,wentwortdfalls,2572,sa,19480628.0,5700864,48429,jemma,vincent,rivergum van park,bangalay crescent,wentwortdfalls,sa,1970-01-01,2572,2572_vi,2436
david,mccravken,19.0,daley cr escent,,mayfield,3629,nsw,19850917.0,9195151,89172,david,mccravken,daley cr escent,,mayfield,nsw,1970-01-01,3629,3629_mc,174
,kidsley,18.0,disney court,ramano esttae locn 1,labrador,2281,vic,19450301.0,2092869,69911,,kidsley,disney court,ramano esttae locn 1,labrador,vic,1970-01-01,2281,2281_ki,852
joshua,frogley,287.0,martin street,tamwell centre,appin,2250,qld,19751024.0,9897586,95233,joshua,frogley,martin street,tamwell centre,appin,qld,1970-01-01,2250,2250_fr,2437
samuel,stephenson,148.0,hirschfeldcrescent,bandicoot ridge,northr yde,4425,vic,19970715.0,8717077,76351,samuel,stephenson,hirschfeldcrescent,bandicoot ridge,northr yde,vic,1970-01-01,4425,4425_st,2438
ethan,campbell,,reuther street,,moorook,4700,nsw,19331009.0,3430363,52937,ethan,campbell,reuther street,,moorook,nsw,1970-01-01,4700,4700_ca,1725
shely,stdart,10.0,currong street,woodrose,dorrigwo,2614,nsw,19731031.0,3832597,24648,shely,stdart,currong street,woodrose,dorrigwo,nsw,1970-01-01,2614,2614_st,2057
olivia,gwatking,6.0,bourke street,banksia village,currambine,2164,qld,19950123.0,8250782,80324,olivia,gwatking,bourke street,banksia village,currambine,qld,1970-01-01,2164,2164_gw,2439
ronan,phillpott,70.0,southwood retreat,,lalor,2177,sa,19530921.0,6393449,34838,ronan,phillpott,southwood retreat,,lalor,sa,1970-01-01,2177,2177_ph,1834
zarran,bradshaw,89.0,carnegie crescent,,,6147,vic,19350707.0,7831798,3426,zarran,bradshaw,carnegie crescent,,,vic,1970-01-01,6147,6147_br,2122
,matthews,19.0,barlee p lace,goughsbay,eight milecplains,6210,nsw,19590205.0,1868981,58866,,matthews,barlee p lace,goughsbay,eight milecplains,nsw,1970-01-01,6210,6210_ma,2440
olivia,hobson,78.0,louis loder street,summit co ttage,kaleen,4870,tas,19760812.0,4535695,17128,olivia,hobson,louis loder street,summit co ttage,kaleen,tas,1970-01-01,4870,4870_ho,2280
ellen,buckell,69.0,litchfield place,killaralodge,mill park,4053,wa,19281110.0,9305219,42395,ellen,buckell,litchfield place,killaralodge,mill park,wa,1970-01-01,4053,4053_bu,2441
nathan,monaco,16.0,hollis place,villa 2,summer hill,4207,nsw,19251021.0,1784132,31597,nathan,monaco,hollis place,villa 2,summer hill,nsw,1970-01-01,4207,4207_mo,1366
kathleen,wasley,425.0,sturgeon street,langley flats,mount evelyn,6019,qld,19761013.0,6077676,9763,kathleen,wasley,sturgeon street,langley flats,mount evelyn,qld,1970-01-01,6019,6019_wa,2442
alexandra,dolan,12.0,oxley street,cranky jack,,3165,qld,19540418.0,8776463,52753,alexandra,dolan,oxley street,cranky jack,,qld,1970-01-01,3165,3165_do,2443
rebecca,trene rry,37.0,ashburner street,little glencoe,roxburgh park,2000,wa,19050103.0,2980023,95561,rebecca,trene rry,ashburner street,little glencoe,roxburgh park,wa,1970-01-01,2000,2000_tr,432
destynii,bowerman,12.0,halford crescent,sutton,nollaqmra,2413,,19880821.0,6089424,50743,destynii,bowerman,halford crescent,sutton,nollaqmra,,1970-01-01,2413,2413_bo,2043
dibben,breeanne,6.0,collicott circuit,berkley lodge,loganohlme,2317,nsw,19830905.0,6261894,27109,dibben,breeanne,collicott circuit,berkley lodge,loganohlme,nsw,1970-01-01,2317,2317_br,2444
joshua,green,1.0,hawkesbury crescent,loughmore,penola,6020,qld,19010219.0,2855631,66642,joshua,green,hawkesbury crescent,loughmore,penola,qld,1970-01-01,6020,6020_gr,628
zachary,rees,4.0,hicks street,fernd yole,camira,3013,vic,19660116.0,8690795,50137,zachary,rees,hicks street,fernd yole,camira,vic,1970-01-01,3013,3013_re,2445
richmond,emiily,165.0,,peppertree,lilydale,3031,nsw,19590607.0,5444497,96580,richmond,emiily,,peppertree,lilydale,nsw,1970-01-01,3031,3031_em,2446
harry,tippins,86.0,north arm,bussau close,klemsig,4050,nsw,19490706.0,7994028,74780,harry,tippins,north arm,bussau close,klemsig,nsw,1970-01-01,4050,4050_ti,2447
alexandra,howie,18.0,clancy s treet,terranora,goodwood,3033,act,19551111.0,4104594,98679,alexandra,howie,clancy s treet,terranora,goodwood,act,1970-01-01,3033,3033_ho,1445
joshua,gully,24.0,biggs place,professional centre,rochester,2750,vic,19170224.0,8613712,6853,joshua,gully,biggs place,professional centre,rochester,vic,1970-01-01,2750,2750_gu,2448
ewam,wittchen,8.0,,ronobri,bonnells bay,2259,vic,19920618.0,9662319,50088,ewam,wittchen,,ronobri,bonnells bay,vic,1970-01-01,2259,2259_wi,2449
meg,velzbeoer,24.0,kosciusko avenue,homesite 3,labrador,3806,nsw,19690222.0,5490038,91903,meg,velzbeoer,kosciusko avenue,homesite 3,labrador,nsw,1970-01-01,3806,3806_ve,325
ella,wiseman,1.0,shoalhaven avenue,garanga,bulimba,2485,vic,19031013.0,1872004,9306,ella,wiseman,shoalhaven avenue,garanga,bulimba,vic,1970-01-01,2485,2485_wi,2450
kynan,steinert,127.0,haystack crescent,,moss vale,2774,nsw,19371230.0,3332023,43667,kynan,steinert,haystack crescent,,moss vale,nsw,1970-01-01,2774,2774_st,2451
harry,kremneff,138.0,dalziel street,eventide homes,parkdale,2747,vic,19410721.0,6547065,40551,harry,kremneff,dalziel street,eventide homes,parkdale,vic,1970-01-01,2747,2747_kr,2452
,weidenhofer,25.0,grylls crescent,warrambucca garden,forbes,4066,wa,19171010.0,6035150,99006,,weidenhofer,grylls crescent,warrambucca garden,forbes,wa,1970-01-01,4066,4066_we,2453
alexandra,noble,,tytherleigh street,,paddinpgton,2559,tas,19720105.0,3043242,6942,alexandra,noble,tytherleigh street,,paddinpgton,tas,1970-01-01,2559,2559_no,2454
lue,vincent,6.0,du faur steet,ehwk,rose bay,4121,vic,19731223.0,5930785,55882,lue,vincent,du faur steet,ehwk,rose bay,vic,1970-01-01,4121,4121_vi,2455
georgia,pettigrove,5.0,sinclair street,pimda,prairie,2478,nsw,19231019.0,9695933,49626,georgia,pettigrove,sinclair street,pimda,prairie,nsw,1970-01-01,2478,2478_pe,15
harrison,speight,21.0,wattle street,,elizabeth park,5032,qld,19740617.0,7490966,1103,harrison,speight,wattle street,,elizabeth park,qld,1970-01-01,5032,5032_sp,2456
kierrn,slywak,33.0,gowrie court,boxwood vale,north ward,6014,tas,19590803.0,5011995,43533,kierrn,slywak,gowrie court,boxwood vale,north ward,tas,1970-01-01,6014,6014_sl,2457
katelin,o'shannessy,91.0,gallagher street,gimberts road,,2261,qld,19230503.0,8662085,59337,katelin,o'shannessy,gallagher street,gimberts road,,qld,1970-01-01,2261,2261_o',2458
,maynard,45.0,fitchett street,boxdale,winmalee,2195,sa,19181112.0,5043639,87440,,maynard,fitchett street,boxdale,winmalee,sa,1970-01-01,2195,2195_ma,2459
isabella,millar,34.0,sherwood circuit,jasmin elodge,east maitland,4055,vic,19401025.0,5762876,482,isabella,millar,sherwood circuit,jasmin elodge,east maitland,vic,1970-01-01,4055,4055_mi,1877
blakx,thiessen,16.0,wandarri,shackleton circuit,sandfly,2576,nsw,19210321.0,9632907,61259,blakx,thiessen,wandarri,shackleton circuit,sandfly,nsw,1970-01-01,2576,2576_th,2460
braedon,schuetz,122.0,howarth place,villa 19,alice springs,2024,vic,19440909.0,5276446,46455,braedon,schuetz,howarth place,villa 19,alice springs,vic,1970-01-01,2024,2024_sc,2461
nicola,collier,,schaffer llace,mt sturt,,2089,nsw,19420623.0,8536431,46688,nicola,collier,schaffer llace,mt sturt,,nsw,1970-01-01,2089,2089_co,529
tiarna,loveolck,7.0,calder crescent,,pitt town,3810,nsw,19470413.0,1321051,20428,tiarna,loveolck,calder crescent,,pitt town,nsw,1970-01-01,3810,3810_lo,2462
caitlin,mason,451.0,oakey creek road,moondah,parramatta,3036,nsw,19250317.0,2470308,89562,caitlin,mason,oakey creek road,moondah,parramatta,nsw,1970-01-01,3036,3036_ma,2463
callum,jankus,132.0,mcgivern crescent,wynclgffe,sylva nia,3187,nsw,19930925.0,5172345,88950,callum,jankus,mcgivern crescent,wynclgffe,sylva nia,nsw,1970-01-01,3187,3187_ja,2464
clement,hyland,18.0,throsby crescent,carrington retrmnt vlge,mount gravatt,2176,qld,19780204.0,3982916,17776,clement,hyland,throsby crescent,carrington retrmnt vlge,mount gravatt,qld,1970-01-01,2176,2176_hy,2465
demie,madigan,13.0,fawkner street,evergreen,bunyip,6096,sa,19940729.0,5071854,99067,demie,madigan,fawkner street,evergreen,bunyip,sa,1970-01-01,6096,6096_ma,2466
indiana,goonan,4.0,sparkes close,corinella glen,carnegie,3135,nsw,19610313.0,9556041,8635,indiana,goonan,sparkes close,corinella glen,carnegie,nsw,1970-01-01,3135,3135_go,800
caitlin,lwoe,6.0,hawkerplace,longr idge,balcatta,6026,sa,19551029.0,1321288,99487,caitlin,lwoe,hawkerplace,longr idge,balcatta,sa,1970-01-01,6026,6026_lw,2467
emiily,ryan,9.0,barlow street,,condon,4030,nsw,19830414.0,7013840,23785,emiily,ryan,barlow street,,condon,nsw,1970-01-01,4030,4030_ry,2468
emam,louac,33.0,cherry place,,berwick,3377,vic,19590308.0,4142406,97217,emam,louac,cherry place,,berwick,vic,1970-01-01,3377,3377_lo,2316
marcus,dunstone,5.0,mcgowen close,paradise stud,toorak,4802,sa,19960531.0,8697439,30230,marcus,dunstone,mcgowen close,paradise stud,toorak,sa,1970-01-01,4802,4802_du,1920
ruby,clarke,91.0,lalor street,forestvale,newlyn,3922,qld,19641008.0,5280388,56596,ruby,clarke,lalor street,forestvale,newlyn,qld,1970-01-01,3922,3922_cl,2469
matilda,daven,18.0,tristania street,martins well station,tweed heads,3181,vic,19040105.0,1136666,81528,matilda,daven,tristania street,martins well station,tweed heads,vic,1970-01-01,3181,3181_da,2470
luke,lowe,256.0,kneebone street,mt pleasant,wallaville,3185,wa,19520928.0,9454024,58213,luke,lowe,kneebone street,mt pleasant,wallaville,wa,1970-01-01,3185,3185_lo,2471
zali,clarke,80.0,darwinia terrace,,keilor east,2233,sa,19320926.0,2336128,62949,zali,clarke,darwinia terrace,,keilor east,sa,1970-01-01,2233,2233_cl,2472
abby,tosealnd,55.0,haines sdtreet,hillwdale,mosman,2877,sa,19100830.0,4439847,69242,abby,tosealnd,haines sdtreet,hillwdale,mosman,sa,1970-01-01,2877,2877_to,1974
charles,leane,18.0,mentha place,coloolik village,lethbridge,5211,vic,19870107.0,8426799,60120,charles,leane,mentha place,coloolik village,lethbridge,vic,1970-01-01,5211,5211_le,2308
diamond,beiler,39.0,devonport street,craiglee station,maryborough,4221,vic,19050207.0,3554756,38148,diamond,beiler,devonport street,craiglee station,maryborough,vic,1970-01-01,4221,4221_be,2313
jasmine,aldreson,287.0,casuarina street,,wonthella,3610,nsq,19680723.0,7864178,61324,jasmine,aldreson,casuarina street,,wonthella,nsq,1970-01-01,3610,3610_al,1404
ella,cordina,603.0,barnett close,ardrossan,camperdown,6158,vic,19880914.0,4084063,6102,ella,cordina,barnett close,ardrossan,camperdown,vic,1970-01-01,6158,6158_co,2473
jordn yn,coleman,23.0,summerville crescent,huntawyle,avondale heights,4560,,19380327.0,1480351,36614,jordn yn,coleman,summerville crescent,huntawyle,avondale heights,,1970-01-01,4560,4560_co,2474
samuel,ryan,55.0,emerton street,grandview,rosebud,2040,wa,19600615.0,2877050,75477,samuel,ryan,emerton street,grandview,rosebud,wa,1970-01-01,2040,2040_ry,2475
alexandra,noble,35.0,tytherleigh street,,paddington,7000,tas,19720105.0,3043242,53764,alexandra,noble,tytherleigh street,,paddington,tas,1970-01-01,7000,7000_no,2476
thom as,milburn,12.0,sheehy street,witsend,kilcoy,6153,as,19080629.0,6861021,80699,thom as,milburn,sheehy street,witsend,kilcoy,as,1970-01-01,6153,6153_mi,647
jordan,white,52.0,casey crescent,villa 48 alloura waters village,burleigh heads,3458,nsw,19181120.0,1850609,59864,jordan,white,casey crescent,villa 48 alloura waters village,burleigh heads,nsw,1970-01-01,3458,3458_wh,2477
jaime,lontoc,127.0,macleant reet,loma,dalby,2146,vic,19840729.0,4141446,61262,jaime,lontoc,macleant reet,loma,dalby,vic,1970-01-01,2146,2146_lo,2478
ebony,lavender,84.0,beaurepaire crescent,james milson retrmnt vlge,seven hills,6019,sa,19401126.0,5364330,91998,ebony,lavender,beaurepaire crescent,james milson retrmnt vlge,seven hills,sa,1970-01-01,6019,6019_la,1923
joshua,hohn,97.0,sommerlad place,corauyn,eight mi lplains,3178,vic,19260422.0,6588717,58426,joshua,hohn,sommerlad place,corauyn,eight mi lplains,vic,1970-01-01,3178,3178_ho,1000
charlntte,warde,5.0,,kindilan,blighp ark,4814,nsw,19570529.0,6092940,89459,charlntte,warde,,kindilan,blighp ark,nsw,1970-01-01,4814,4814_wa,2479
trent,brain,40.0,madigan syreet,,ekibin,3196,nsw,19700723.0,7357958,86293,trent,brain,madigan syreet,,ekibin,nsw,1970-01-01,3196,3196_br,290
charlotte,glass,3.0,sculptor street,green farm mates,hahncorf,2581,qld,19510713.0,3792216,14046,charlotte,glass,sculptor street,green farm mates,hahncorf,qld,1970-01-01,2581,2581_gl,1526
charles,leaene,4.0,mentha place,,keysborough,5211,vic,19870107.0,8426799,68030,charles,leaene,mentha place,,keysborough,vic,1970-01-01,5211,5211_le,2308
shantal,mckinnell,1.0,mceachern crescent,blueberry,ruse,2324,qld,19620715.0,5127261,22380,shantal,mckinnell,mceachern crescent,blueberry,ruse,qld,1970-01-01,2324,2324_mc,913
jaden,giordano,34.0,martley circuit,kiaora,ringwood,3429,qld,19621121.0,4378319,75132,jaden,giordano,martley circuit,kiaora,ringwood,qld,1970-01-01,3429,3429_gi,2480
jessica,rivers,14.0,quick strkeet,jasmine lodge,kingsthorpe,5065,vic,19620906.0,1054434,79842,jessica,rivers,quick strkeet,jasmine lodge,kingsthorpe,vic,1970-01-01,5065,5065_ri,1744
laura,webb,6.0,,martins well station,trigg,2108,vic,19690412.0,4088462,68673,laura,webb,,martins well station,trigg,vic,1970-01-01,2108,2108_we,2481
thomas,marinos,12.0,davison place,boonooloo,killara,5008,nsw,19741116.0,9081995,89341,thomas,marinos,davison place,boonooloo,killara,nsw,1970-01-01,5008,5008_ma,2482
amy,ryan,49.0,dallas place,the villas north,surfers apradise,2750,vic,19160508.0,6494659,74417,amy,ryan,dallas place,the villas north,surfers apradise,vic,1970-01-01,2750,2750_ry,2483
danny,petersen,12.0,rawdonbhill,owen dixon drive,minto,3029,wa,19441022.0,6090944,69826,danny,petersen,rawdonbhill,owen dixon drive,minto,wa,1970-01-01,3029,3029_pe,2484
james,george,4.0,colborn r place,rosedale,maryborough,2221,wa,19290715.0,5389901,77281,james,george,colborn r place,rosedale,maryborough,wa,1970-01-01,2221,2221_ge,2485
claudia,carsley,24.0,ern florence crescent,brentwood village,east ryde,3034,act,19230117.0,3694984,6780,claudia,carsley,ern florence crescent,brentwood village,east ryde,act,1970-01-01,3034,3034_ca,2024
hanah,white,47.0,waratah street,school house,greensborough,3076,vic,19240312.0,9879908,54764,hanah,white,waratah street,school house,greensborough,vic,1970-01-01,3076,3076_wh,2486
hayley,belperio,16.0,crofts crescent,inglewood,north turramurra,7248,nsw,19280910.0,2514932,1599,hayley,belperio,crofts crescent,inglewood,north turramurra,nsw,1970-01-01,7248,7248_be,2487
andrew,,68.0,anembo street,apt 312 the rock wall,nedlands,4702,nsw,19460513.0,1862712,65698,andrew,,anembo street,apt 312 the rock wall,nedlands,nsw,1970-01-01,4702,4702_,2488
tynan,clarke,19.0,curnow place,liselican,lawrence,4872,vic,19680102.0,7434559,83215,tynan,clarke,curnow place,liselican,lawrence,vic,1970-01-01,4872,4872_cl,2489
jacob,coleman,16.0,shenton crescent,katalina forrest,roselands,5041,nsw,19760506.0,8055185,14062,jacob,coleman,shenton crescent,katalina forrest,roselands,nsw,1970-01-01,5041,5041_co,2490
schuman,alexandra,24.0,monaro crescent,,oakleigh,2280,nsw,19991013.0,9551413,77063,schuman,alexandra,monaro crescent,,oakleigh,nsw,1970-01-01,2280,2280_al,2491
connor,rawlings,70.0,corin lpace,oxford,kuraby,4216,qld,19330925.0,2464828,76887,connor,rawlings,corin lpace,oxford,kuraby,qld,1970-01-01,4216,4216_ra,732
kyra,everett,26.0,groom street,binbimbie,young,3889,qld,19220601.0,6073461,58821,kyra,everett,groom street,binbimbie,young,qld,1970-01-01,3889,3889_ev,2492
taylah,godfrey,2.0,greene place,arawang,cecil plains,2216,nsw,19890403.0,7030753,29903,taylah,godfrey,greene place,arawang,cecil plains,nsw,1970-01-01,2216,2216_go,2493
john-paul,binns,69.0,brand street,uc-dai-loi,mawson,4012,nsw,19070612.0,9026975,88333,john paul,binns,brand street,uc dai loi,mawson,nsw,1970-01-01,4012,4012_bi,1816
georgia,pettigrove,5.0,sinclair street,pinda,prairie,2478,nsw,19231019.0,9695933,79608,georgia,pettigrove,sinclair street,pinda,prairie,nsw,1970-01-01,2478,2478_pe,15
reeve,kotze,77.0,macedon crescent,the meadows,springwood,5125,nsw,19490831.0,3468281,51331,reeve,kotze,macedon crescent,the meadows,springwood,nsw,1970-01-01,5125,5125_ko,2494
thomas,mchenry,4.0,mccawley street,beach house,laverton,2611,wa,19770325.0,6818258,80147,thomas,mchenry,mccawley street,beach house,laverton,wa,1970-01-01,2611,2611_mc,2495
sophie,lodiong,90.0,magrath crescent,beaudesert caravan park,ballina,4051,nsw,19530823.0,5266216,89470,sophie,lodiong,magrath crescent,beaudesert caravan park,ballina,nsw,1970-01-01,4051,4051_lo,2402
sophie,nguyen,26.0,namoi plkace,,mount colah,2550,nsw,19701117.0,2122377,77288,sophie,nguyen,namoi plkace,,mount colah,nsw,1970-01-01,2550,2550_ng,89
juliana,holyoake,7.0,bennett street,sec 202,st clair,5108,act,19830808.0,4389245,80900,juliana,holyoake,bennett street,sec 202,st clair,act,1970-01-01,5108,5108_ho,2496
joshua,miles,21.0,meiklejohn place,rowethorpe,hamilton,3183,wa,19000706.0,6904808,33320,joshua,miles,meiklejohn place,rowethorpe,hamilton,wa,1970-01-01,3183,3183_mi,2497
katelyn,ryan,11.0,newman morris circuit,rsde 302,steph ens,3101,qld,,2290010,47673,katelyn,ryan,newman morris circuit,rsde 302,steph ens,qld,,3101,3101_ry,2498
benjamin,cames,16.0,harrison street,upa cottages,lindfield,4505,qld,19750606.0,3523835,90623,benjamin,cames,harrison street,upa cottages,lindfield,qld,1970-01-01,4505,4505_ca,2499
sarshr,thorpe,2.0,macleay street,bega flats,torquay,3196,vic,19200510.0,9195865,11298,sarshr,thorpe,macleay street,bega flats,torquay,vic,1970-01-01,3196,3196_th,2500
nicole,shadbolt,46.0,schlich s treet,simpson army barracks,toowoomba,3000,wa,19030926.0,8190756,8237,nicole,shadbolt,schlich s treet,simpson army barracks,toowoomba,wa,1970-01-01,3000,3000_sh,2501
amelis,kochiwama,44.0,antares crescent,telopea park,benowa,7017,nsw,19000626.0,2398260,18232,amelis,kochiwama,antares crescent,telopea park,benowa,nsw,1970-01-01,7017,7017_ko,751
xavier,zimmermann,5.0,mackay crescent,prospect creek,mundingburra,7000,wa,19510408.0,9049992,80606,xavier,zimmermann,mackay crescent,prospect creek,mundingburra,wa,1970-01-01,7000,7000_zi,2502
dante,campbell,153.0,scantleburycrescent,,rochester,3011,sa,19570319.0,7815398,28310,dante,campbell,scantleburycrescent,,rochester,sa,1970-01-01,3011,3011_ca,1866
jessica,petersen,72.0,springvale drive,,toowoomba,2905,nsw,19840906.0,5526479,59408,jessica,petersen,springvale drive,,toowoomba,nsw,1970-01-01,2905,2905_pe,2309
pace,ryan,28.0,watchorn close,bolaro,mackay north,2142,vic,19790201.0,4786556,42598,pace,ryan,watchorn close,bolaro,mackay north,vic,1970-01-01,2142,2142_ry,2503
lachlan,headon,1.0,handasyde street,killarney,kirrawee,6025,vic,19061101.0,4078435,64065,lachlan,headon,handasyde street,killarney,kirrawee,vic,1970-01-01,6025,6025_he,2504
angus,rees,23.0,heaton place,pangani,new afrm,6210,nsw,19220723.0,8576362,15780,angus,rees,heaton place,pangani,new afrm,nsw,1970-01-01,6210,6210_re,84
hugh,moody,50.0,jalanga crescent,grangemore,rye,4740,qld,19020220.0,7632147,21241,hugh,moody,jalanga crescent,grangemore,rye,qld,1970-01-01,4740,4740_mo,1330
tyler,statton,4.0,paul coe crescent,belgravearcade,kingstoh,3179,vic,19701224.0,9336789,39515,tyler,statton,paul coe crescent,belgravearcade,kingstoh,vic,1970-01-01,3179,3179_st,753
joshua,campbell,12.0,ballumbir street,hornby lighthouse,harbord,3198,vic,19670227.0,6114246,93909,joshua,campbell,ballumbir street,hornby lighthouse,harbord,vic,1970-01-01,3198,3198_ca,887
emma,thackeray,71.0,kinkead street,warrah lea,ballarat,4161,,19670913.0,4676877,5819,emma,thackeray,kinkead street,warrah lea,ballarat,,1970-01-01,4161,4161_th,172
giaan,blackwell,14.0,kleinig street,port 262,biggera waters,2250,nsw,19770512.0,6179681,11192,giaan,blackwell,kleinig street,port 262,biggera waters,nsw,1970-01-01,2250,2250_bl,1350
jed,mcfadden,4.0,frencham place,wychw ood,bongaree,820,vic,19610503.0,1096232,3756,jed,mcfadden,frencham place,wychw ood,bongaree,vic,1970-01-01,0820,0820_mc,1536
william,lazaroff,12.0,leahy close,millwood,forbes,7256,qld,19780204.0,8072193,91717,william,lazaroff,leahy close,millwood,forbes,qld,1970-01-01,7256,7256_la,76
,clarke,2.0,port jackson circuit,,minchinbury,4470,sa,19731003.0,4301419,88739,,clarke,port jackson circuit,,minchinbury,sa,1970-01-01,4470,4470_cl,2121
toby,callister,14.0,abbott street,terra nostra,balhannah,6027,qld,19790125.0,3037039,91968,toby,callister,abbott street,terra nostra,balhannah,qld,1970-01-01,6027,6027_ca,2505
jaime,lontoc,127.0,maclean street,loma,dalby,2146,vic,19840729.0,4141446,21534,jaime,lontoc,maclean street,loma,dalby,vic,1970-01-01,2146,2146_lo,2478
zachary,owerko,145.0,maroubra beach,bendigo street,maclean,2756,vic,19470101.0,4914201,57707,zachary,owerko,maroubra beach,bendigo street,maclean,vic,1970-01-01,2756,2756_ow,2506
matthew,david,10.0,mcluckie urescent,glenbrae,murdoch,3143,sa,19320323.0,8644609,12878,matthew,david,mcluckie urescent,glenbrae,murdoch,sa,1970-01-01,3143,3143_da,2507
caitlin,crapp,52.0,nanda place,the sarina centre,lilydale,4215,qld,19110118.0,1770135,62657,caitlin,crapp,nanda place,the sarina centre,lilydale,qld,1970-01-01,4215,4215_cr,2508
samudl,,44.0,warragamba avenue,alton hills,brunswick west,5085,qld,19120212.0,8866520,42549,samudl,,warragamba avenue,alton hills,brunswick west,qld,1970-01-01,5085,5085_,2509
harrison,schumann,24.0,monaro crescent,donnellyr vr villg,oakleugh,2280,nsw,19991013.0,9551413,62286,harrison,schumann,monaro crescent,donnellyr vr villg,oakleugh,nsw,1970-01-01,2280,2280_sc,194
jack,belperio,198.0,mccaughey street,caravn park,mcleans ridges,4161,nsw,19820827.0,3604688,85448,jack,belperio,mccaughey street,caravn park,mcleans ridges,nsw,1970-01-01,4161,4161_be,2510
jack,papageorgiou,3135.0,galloway street,palm lake resort,rosebery,3904,wa,19961219.0,8732568,44744,jack,papageorgiou,galloway street,palm lake resort,rosebery,wa,1970-01-01,3904,3904_pa,2511
mackinley,rues,41.0,oman place,locn 2192,parmelia,3084,aw,19710708.0,5830377,1860,mackinley,rues,oman place,locn 2192,parmelia,aw,1970-01-01,3084,3084_ru,2512
kaitlin,dixon,33.0,ware place,,morwell,2617,nsw,19420804.0,4342419,19800,kaitlin,dixon,ware place,,morwell,nsw,1970-01-01,2617,2617_di,2181
bloomfield,jaiden,147.0,hopkins street,locn3 l439,gorokan,2576,qle,,7038120,24961,bloomfield,jaiden,hopkins street,locn3 l439,gorokan,qle,,2576,2576_ja,2513
tristan,carp,222.0,marchant circuit,georgedale,campbelltown,2913,nsw,19281204.0,1421166,31686,tristan,carp,marchant circuit,georgedale,campbelltown,nsw,1970-01-01,2913,2913_ca,2381
trevorrow,charles,,duggan street,inish more,whiteyridge,5473,vic,19721022.0,5211176,79837,trevorrow,charles,duggan street,inish more,whiteyridge,vic,1970-01-01,5473,5473_ch,2319
hayd en,covino,10.0,deamer crescent,glengariffe,north rude,2750,qld,19541104.0,2494239,17405,hayd en,covino,deamer crescent,glengariffe,north rude,qld,1970-01-01,2750,2750_co,1665
kaysey,kon,1.0,gaylard place,ohio station,,5009,vic,19600828.0,8475924,2554,kaysey,kon,gaylard place,ohio station,,vic,1970-01-01,5009,5009_ko,2072
bradley,bishop,166.0,newman morris circuit,shiloah,wickepn,2711,wa,19420604.0,2961043,17271,bradley,bishop,newman morris circuit,shiloah,wickepn,wa,1970-01-01,2711,2711_bi,914
samantha,drechsler,52.0,mara place,tower b rockdale,rochedale south,5495,nsh,19330422.0,8882745,30249,samantha,drechsler,mara place,tower b rockdale,rochedale south,nsh,1970-01-01,5495,5495_dr,2150
max,campbell,18.0,axon street,wandaan,vermont,4128,vic,19640314.0,5229727,75456,max,campbell,axon street,wandaan,vermont,vic,1970-01-01,4128,4128_ca,875
annalise,denholm,46.0,playfair place,fig trees,prospect,2284,nsw,19310404.0,7511051,19945,annalise,denholm,playfair place,fig trees,prospect,nsw,1970-01-01,2284,2284_de,189
liam,schuster,,ebenezer street,ardros san,malvern,4034,tas,19150503.0,3712942,20954,liam,schuster,ebenezer street,ardros san,malvern,tas,1970-01-01,4034,4034_sc,2514
blakd,goldsworthy,259.0,wambool street,la villades pins,north ryde,2360,vic,19240515.0,1108824,71928,blakd,goldsworthy,wambool street,la villades pins,north ryde,vic,1970-01-01,2360,2360_go,1766
isabelle,chittleborough,4.0,burrinjuck crescent,goldview,port macquarie,2466,nsw,19470725.0,3979337,32528,isabelle,chittleborough,burrinjuck crescent,goldview,port macquarie,nsw,1970-01-01,2466,2466_ch,2384
heath,pulford,1.0,forbes street,bullarook park stud,plympton south,2486,nsw,19290623.0,9996491,25043,heath,pulford,forbes street,bullarook park stud,plympton south,nsw,1970-01-01,2486,2486_pu,2515
judah,mernitz,10.0,chevalier street,north doodlakine,shellharbour,2500,sa,19431029.0,9547934,84742,judah,mernitz,chevalier street,north doodlakine,shellharbour,sa,1970-01-01,2500,2500_me,2516
benjamin,brain,12.0,leahy close,elizabeth resid ential village,dover heights,2163,nsw,19240924.0,9191751,40891,benjamin,brain,leahy close,elizabeth resid ential village,dover heights,nsw,1970-01-01,2163,2163_br,2517
hannah,dixoin,7.0,ferguson circuit,crown allotment,albury,7253,nsw,19130806.0,1605711,41815,hannah,dixoin,ferguson circuit,crown allotment,albury,nsw,1970-01-01,7253,7253_di,1356
sebastian,mahony,23.0,le gallienne street,brentwood vlge,sunshine,4073,qld,19220613.0,1542344,56524,sebastian,mahony,le gallienne street,brentwood vlge,sunshine,qld,1970-01-01,4073,4073_ma,2518
millane,mccarthy,3.0,alfredhil drive,hold fastshores,mortlake,2032,wa,19630818.0,6220857,24001,millane,mccarthy,alfredhil drive,hold fastshores,mortlake,wa,1970-01-01,2032,2032_mc,171
monisue,evison,18.0,power street,,haigslea,2880,wa,19970523.0,2858660,27692,monisue,evison,power street,,haigslea,wa,1970-01-01,2880,2880_ev,2519
benjamin,novak,39.0,port jackson circuit,sherwood,dapto,6163,nt,19010630.0,6030754,79300,benjamin,novak,port jackson circuit,sherwood,dapto,nt,1970-01-01,6163,6163_no,2520
christopher,vilums,14.0,rene street,dalamar,crows nest,7454,sa,19191211.0,5181141,780,christopher,vilums,rene street,dalamar,crows nest,sa,1970-01-01,7454,7454_vi,342
charlie,roussonis,13.0,gledden street,,craigmore,6926,nsw,19461111.0,7379154,62478,charlie,roussonis,gledden street,,craigmore,nsw,1970-01-01,6926,6926_ro,2521
dominic,dixon,40.0,candlebark close,elmwood,orange,4178,act,19420409.0,4798978,21109,dominic,dixon,candlebark close,elmwood,orange,act,1970-01-01,4178,4178_di,1496
madeline,mason,54.0,hoseason street,lakefront retrmnt vlge,granville,4818,nsw,19081128.0,2185997,98021,madeline,mason,hoseason street,lakefront retrmnt vlge,granville,nsw,1970-01-01,4818,4818_ma,1768
kelsey,priest,4.0,cambridge street,talasea,south melbourne,2234,nsw,19991209.0,8167161,30999,kelsey,priest,cambridge street,talasea,south melbourne,nsw,1970-01-01,2234,2234_pr,2522
holly,reid,1.0,pope street,kilnacrott,westfield,5253,nsw,19211120.0,8240957,29961,holly,reid,pope street,kilnacrott,westfield,nsw,1970-01-01,5253,5253_re,2523
harriet,hage,40.0,togo place,caravn park,vale park,2300,nsw,19950203.0,1149839,75318,harriet,hage,togo place,caravn park,vale park,nsw,1970-01-01,2300,2300_ha,918
alexandra,ferribs,70.0,gledden street,mount beevor,kaleden,3658,nsw,19790807.0,7258596,44797,alexandra,ferribs,gledden street,mount beevor,kaleden,nsw,1970-01-01,3658,3658_fe,513
tiarna,rump,5.0,yalga close,rowethorpe,baxter,4037,vic,19180211.0,2182440,66487,tiarna,rump,yalga close,rowethorpe,baxter,vic,1970-01-01,4037,4037_ru,2524
talia,hilton,11.0,rosella street,,camperdown,3752,vic,19201231.0,9206639,96056,talia,hilton,rosella street,,camperdown,vic,1970-01-01,3752,3752_hi,2525
casey,vitkunas,11.0,jones place,karinga park,emmaville,2346,tas,19551102.0,2474313,26935,casey,vitkunas,jones place,karinga park,emmaville,tas,1970-01-01,2346,2346_vi,100
trey,white,10.0,needham place,mcivor house,lilyd ale,4810,qld,19740724.0,7008048,3990,trey,white,needham place,mcivor house,lilyd ale,qld,1970-01-01,4810,4810_wh,1120
calemb,lund,,dookie street,yarrabie,harristown,3218,nsw,19340220.0,3084413,34971,calemb,lund,dookie street,yarrabie,harristown,nsw,1970-01-01,3218,3218_lu,1309
alyssa,stubbs,286.0,marchant circuit,berowra,daylesford,6062,nsw,19430526.0,3921899,50542,alyssa,stubbs,marchant circuit,berowra,daylesford,nsw,1970-01-01,6062,6062_st,2526
katelin,vpy,6.0,nott street,,graceville,4879,vic,19511208.0,3546400,62537,katelin,vpy,nott street,,graceville,vic,1970-01-01,4879,4879_vp,2527
marco,maleszka,6.0,genoa street,winrae,exeter,2251,vic,19391223.0,9915886,5801,marco,maleszka,genoa street,winrae,exeter,vic,1970-01-01,2251,2251_ma,595
ruby,vincent,68.0,bunya close,lumeah cottage,corrimal,3806,sa,19430807.0,3231773,45436,ruby,vincent,bunya close,lumeah cottage,corrimal,sa,1970-01-01,3806,3806_vi,2528
nicola,coleman,64.0,,,caves beach,5435,qld,19250918.0,8953567,7316,nicola,coleman,,,caves beach,qld,1970-01-01,5435,5435_co,2529
felicity,godfrey,16.0,stuckey place,oaklands village,slacks creek,6050,nsw,19361030.0,6452813,37537,felicity,godfrey,stuckey place,oaklands village,slacks creek,nsw,1970-01-01,6050,6050_go,51
jackson,eglinton,840.0,fowles street,moun tview,burleigh heads,2830,sa,19830807.0,2932837,39022,jackson,eglinton,fowles street,moun tview,burleigh heads,sa,1970-01-01,2830,2830_eg,2408
tess,beckwith,13.0,musgrave street,dale view,caloundra west,2905,wa,19350624.0,3602593,2891,tess,beckwith,musgrave street,dale view,caloundra west,wa,1970-01-01,2905,2905_be,2530
sophie,waller,24.0,goldfinch circuit,suunybrae,mona vale,2285,vic,19380705.0,2972902,96244,sophie,waller,goldfinch circuit,suunybrae,mona vale,vic,1970-01-01,2285,2285_wa,2531
elizabeth,stephenson,56.0,hallen close,warra,kununufra,4127,nsw,19121119.0,4481240,26447,elizabeth,stephenson,hallen close,warra,kununufra,nsw,1970-01-01,4127,4127_st,575
hamish,huebner,44.0,shepherdson place,boeing park,berriwillock,2259,vic,19441219.0,4829612,31456,hamish,huebner,shepherdson place,boeing park,berriwillock,vic,1970-01-01,2259,2259_hu,2532
jayden,beattie,26.0,wray place,somerled,south brisbane,3149,nsw,19760501.0,8476326,49687,jayden,beattie,wray place,somerled,south brisbane,nsw,1970-01-01,3149,3149_be,599
brooke,wyl lie,40.0,rumker place,huntington,woodcroft,4655,nsw,19700409.0,4282147,22032,brooke,wyl lie,rumker place,huntington,woodcroft,nsw,1970-01-01,4655,4655_wy,600
jack,stubbs,150.0,curnow jlace,summe erset,st agnes,5344,,19830223.0,1690126,7850,jack,stubbs,curnow jlace,summe erset,st agnes,,1970-01-01,5344,5344_st,2533
lock,cassidy,23.0,gurrang avenue,homestead camravan park,callala bay,4076,,19921126.0,3826197,16728,lock,cassidy,gurrang avenue,homestead camravan park,callala bay,,1970-01-01,4076,4076_ca,843
nicholas,pamplin,9.0,werriwa crescent,,dinner plain,4101,nws,19891125.0,2631349,18981,nicholas,pamplin,werriwa crescent,,dinner plain,nws,1970-01-01,4101,4101_pa,2534
,white,17.0,noel rya n garden,bowilliac court,glengowrie,7018,nsw,19400918.0,9764411,1520,,white,noel rya n garden,bowilliac court,glengowrie,nsw,1970-01-01,7018,7018_wh,2535
reece,miels,75.0,woronora street,wandearah,lesliev ale,3101,,19410117.0,4643316,48476,reece,miels,woronora street,wandearah,lesliev ale,,1970-01-01,3101,3101_mi,2385
joshua,hohn,97.0,sommerlad place,brentwoodvlge,eight mile plains,3178,vic,19260422.0,6588717,75027,joshua,hohn,sommerlad place,brentwoodvlge,eight mile plains,vic,1970-01-01,3178,3178_ho,1000
jay,clarke,96.0,perrin circuit,lemnos,evans head,4356,qld,19260823.0,8531513,75278,jay,clarke,perrin circuit,lemnos,evans head,qld,1970-01-01,4356,4356_cl,2536
kelye,sheoley,90.0,cromwell circuit,wombat h ill,noble aprk,2026,vic,19780711.0,2664293,50670,kelye,sheoley,cromwell circuit,wombat h ill,noble aprk,vic,1970-01-01,2026,2026_sh,2537
erin,webb,7.0,harbison crescent,tintagel,balcatta,7250,tas,19751229.0,7361524,15649,erin,webb,harbison crescent,tintagel,balcatta,tas,1970-01-01,7250,7250_we,2538
jenna,campbell,50.0,sturt avenue,talonmane,bundaberg,2263,nt,19751109.0,9092692,32326,jenna,campbell,sturt avenue,talonmane,bundaberg,nt,1970-01-01,2263,2263_ca,974
isabella,gilbertson,,boswell crescent,trinity haven,morwell,4074,nsw,19111011.0,9304242,27301,isabella,gilbertson,boswell crescent,trinity haven,morwell,nsw,1970-01-01,4074,4074_gi,1397
emiixy,leslie,37.0,medley dtreet,tamar arcade,athelstone,4380,sa,19900328.0,5815613,42820,emiixy,leslie,medley dtreet,tamar arcade,athelstone,sa,1970-01-01,4380,4380_le,2539
mikhayla,staude,10.0,onkaparinga crescent,nullo mntain,trentham,2211,tas,19111004.0,2821444,51681,mikhayla,staude,onkaparinga crescent,nullo mntain,trentham,tas,1970-01-01,2211,2211_st,2540
alexandra,ferirs,61.0,mount beevor,gledden street,tatyra,3658,nsw,19790807.0,7258596,64274,alexandra,ferirs,mount beevor,gledden street,tatyra,nsw,1970-01-01,3658,3658_fe,2541
cha rles,trevorrow,20.0,duggan dtreet,,whitebridge,5473,vic,19721022.0,5211176,29671,cha rles,trevorrow,duggan dtreet,,whitebridge,vic,1970-01-01,5473,5473_tr,2542
thomas,curthoys,5.0,lawrence crescent,,williamstown,3152,qld,19171213.0,1060104,78854,thomas,curthoys,lawrence crescent,,williamstown,qld,1970-01-01,3152,3152_cu,2543
oscar,goldsworthy,87.0,waller crescent,riversdale caravan park,bossley park,2037,wa,19160410.0,4576980,36025,oscar,goldsworthy,waller crescent,riversdale caravan park,bossley park,wa,1970-01-01,2037,2037_go,2544
alex,macgowan,569.0,knox street,,hazelbrook,2067,act,19731006.0,3829141,91755,alex,macgowan,knox street,,hazelbrook,act,1970-01-01,2067,2067_ma,2545
annalise,stephenson,81.0,rose scott circuit,cordoba manor,ashfoeld,4226,vic,19461101.0,4783085,80358,annalise,stephenson,rose scott circuit,cordoba manor,ashfoeld,vic,1970-01-01,4226,4226_st,2546
talih,lowe,,rayment place,colbin park,edithvale,2346,sa,19090206.0,4605726,76499,talih,lowe,rayment place,colbin park,edithvale,sa,1970-01-01,2346,2346_lo,2547
chelsea,schoebinger,72.0,mayo street,winteriga,ringwood east,3352,qld,19280930.0,3488070,32208,chelsea,schoebinger,mayo street,winteriga,ringwood east,qld,1970-01-01,3352,3352_sc,2548
seamus,collnison,5.0,southwelrl street,,winthrop,3166,nsw,19820510.0,6923387,21350,seamus,collnison,southwelrl street,,winthrop,nsw,1970-01-01,3166,3166_co,147
sam,berry,3.0,tenison-woopds circuit,,ashfield,6169,nsw,19780527.0,6459366,76315,sam,berry,tenison woopds circuit,,ashfield,nsw,1970-01-01,6169,6169_be,2549
finn,bishop,37.0,bertel crescent,meemar,new farm,3021,nsw,19231205.0,5327827,47851,finn,bishop,bertel crescent,meemar,new farm,nsw,1970-01-01,3021,3021_bi,2550
emmerson,lock,5.0,burnie street,gordale,thursday island,3147,vic,19211129.0,3901477,15611,emmerson,lock,burnie street,gordale,thursday island,vic,1970-01-01,3147,3147_lo,82
william,bracci,13.0,hann street,upper flat,camp hill,2514,nsw,19470617.0,7315857,72104,william,bracci,hann street,upper flat,camp hill,nsw,1970-01-01,2514,2514_br,2551
joshua,green,17.0,maddock place,lypiatt,edgecliff,6244,qld,19790110.0,4331997,43350,joshua,green,maddock place,lypiatt,edgecliff,qld,1970-01-01,6244,6244_gr,2411
bryce,rees,16.0,meldrumstreet,rp 1 55232,arana hills,3128,nsw,19440613.0,4164990,10853,bryce,rees,meldrumstreet,rp 1 55232,arana hills,nsw,1970-01-01,3128,3128_re,1785
,zierholz,55.0,manifold place,beltrasna angus stud,barrackpheights,5520,vic,19661015.0,7022760,17647,,zierholz,manifold place,beltrasna angus stud,barrackpheights,vic,1970-01-01,5520,5520_zi,2552
joshua,,90.0,david street,,longjetty,6630,nsw,19410614.0,7166687,71964,joshua,,david street,,longjetty,nsw,1970-01-01,6630,6630_,543
miaq,tamasasukas,11.0,rollstonstreet,riverviewt erraces,northbridge,6147,nsw,19060711.0,5670356,40213,miaq,tamasasukas,rollstonstreet,riverviewt erraces,northbridge,nsw,1970-01-01,6147,6147_ta,912
lucinda,nguyen,131.0,tate street,cygnet river schoolhouse,surrey hills,4103,qld,19741006.0,3028286,96770,lucinda,nguyen,tate street,cygnet river schoolhouse,surrey hills,qld,1970-01-01,4103,4103_ng,2553
jack,saccardo,296.0,marsden street,pegg's creek,belconnen,2026,nsw,19201129.0,5032448,70283,jack,saccardo,marsden street,pegg's creek,belconnen,nsw,1970-01-01,2026,2026_sa,2554
lily,manfield,10.0,cambage street,fairlight,harbord,3028,vic,19370630.0,3130875,20327,lily,manfield,cambage street,fairlight,harbord,vic,1970-01-01,3028,3028_ma,2555
jacob,capel,151.0,elvire place,burnie thompson park,jacana,4121,vic,19890817.0,9467362,29895,jacob,capel,elvire place,burnie thompson park,jacana,vic,1970-01-01,4121,4121_ca,2556
emma,crossman,53.0,mcdowall place,kellhaven,tara,5608,vic,19391027.0,3561186,8294,emma,crossman,mcdowall place,kellhaven,tara,vic,1970-01-01,5608,5608_cr,2557
callum,camens,35.0,latchford street,northwest meidlal centre,cloverdale,2481,tas,19810925.0,5181189,80163,callum,camens,latchford street,northwest meidlal centre,cloverdale,tas,1970-01-01,2481,2481_ca,660
mesgan,mcphie,3.0,groom street,wonba,box hill south,4350,qld,19391002.0,7916971,85768,mesgan,mcphie,groom street,wonba,box hill south,qld,1970-01-01,4350,4350_mc,965
katelyn,colegamte,55.0,fiveasah street,,londonderry,2195,nsw,19280828.0,4406021,63275,katelyn,colegamte,fiveasah street,,londonderry,nsw,1970-01-01,2195,2195_co,2558
liam,pulford,6.0,theodore street,tarwyn prk,penrith,4816,qld,19700908.0,6254692,67358,liam,pulford,theodore street,tarwyn prk,penrith,qld,1970-01-01,4816,4816_pu,2108
isabelle,chittlebrough,4.0,burrinjuck crescent,goldview,port macquarie,2466,nsw,19470725.0,3979337,33236,isabelle,chittlebrough,burrinjuck crescent,goldview,port macquarie,nsw,1970-01-01,2466,2466_ch,2384
amy,barton-ancliffe,1.0,maitland street,dananbilla,mcmahons point,830,vic,19290104.0,6730658,6040,amy,barton ancliffe,maitland street,dananbilla,mcmahons point,vic,1970-01-01,0830,0830_ba,2559
joshua,torzillo,92.0,maclaurin crescent,glub bamn,hawthorn,2148,nsw,19290709.0,1090709,93648,joshua,torzillo,maclaurin crescent,glub bamn,hawthorn,nsw,1970-01-01,2148,2148_to,2560
alisa,marous,13.0,algan street,belvedere,bal lina,3274,qld,19061125.0,7818366,26655,alisa,marous,algan street,belvedere,bal lina,qld,1970-01-01,3274,3274_ma,493
brooke,brain,82.0,florence taylor street,shadoof lodge,lilli pilli,4869,nsw,19611223.0,9562116,10366,brooke,brain,florence taylor street,shadoof lodge,lilli pilli,nsw,1970-01-01,4869,4869_br,2561
david,kentsch,210.0,stockdale street,rowethorpe court units,ivanhoe,4069,vic,19840130.0,9252152,60057,david,kentsch,stockdale street,rowethorpe court units,ivanhoe,vic,1970-01-01,4069,4069_ke,84
spencxr,royans,24.0,yarra srteet,katalina f orrest,taree,3820,act,,8155837,92858,spencxr,royans,yarra srteet,katalina f orrest,taree,act,,3820,3820_ro,2562
georgia,mason,7.0,ashby circuit,sheep station,oakleigh,2106,nsw,19740809.0,6257051,7422,georgia,mason,ashby circuit,sheep station,oakleigh,nsw,1970-01-01,2106,2106_ma,2563
mya,tylkowski,23.0,ashburton circuit,the market place,st peters,2570,nsw,19290421.0,9384379,88352,mya,tylkowski,ashburton circuit,the market place,st peters,nsw,1970-01-01,2570,2570_ty,2015
,wyllie,4.0,folingsby street,,woodcroft,3196,sa,19521130.0,6347027,38883,,wyllie,folingsby street,,woodcroft,sa,1970-01-01,3196,3196_wy,2564
charlotte,orchard,14.0,dickinson street,,narellan,4515,wa,19850330.0,3193520,21261,charlotte,orchard,dickinson street,,narellan,wa,1970-01-01,4515,4515_or,2565
adam,weaver,8.0,colvin street,,albury,6084,,19181111.0,9473856,55944,adam,weaver,colvin street,,albury,,1970-01-01,6084,6084_we,2566
tara,dixon,25.0,goldstein crescent,eldwcik,figtree,2428,qld,19200105.0,5335030,99956,tara,dixon,goldstein crescent,eldwcik,figtree,qld,1970-01-01,2428,2428_di,1688
challenor,nathqn,1.0,wellingtonb street,myona,cronulla,5109,vic,19600213.0,2694239,13461,challenor,nathqn,wellingtonb street,myona,cronulla,vic,1970-01-01,5109,5109_na,2567
rosie,rundle,50.0,sturt avenue,talonmane,bundaberg,2263,nt,19751109.0,9092692,46381,rosie,rundle,sturt avenue,talonmane,bundaberg,nt,1970-01-01,2263,2263_ru,92
white,jscob,24.0,hacke place,belgrade tpark,bayvie wheights,2229,vic,19590228.0,8872731,56011,white,jscob,hacke place,belgrade tpark,bayvie wheights,vic,1970-01-01,2229,2229_js,2568
lowe,harley,3.0,fox place,cooee palms,gerogery,4702,nt,19291003.0,1515266,9055,lowe,harley,fox place,cooee palms,gerogery,nt,1970-01-01,4702,4702_ha,2569
kobe,georghe,19.0,tenison-woods circuit,cliff house 2,frankston,3028,qld,19960914.0,8823656,13579,kobe,georghe,tenison woods circuit,cliff house 2,frankston,qld,1970-01-01,3028,3028_ge,2130
kylvie,koziol,16.0,wolffcrescent,brentwoo e vlge,kurrajong heights,3153,vic,19320079.0,9336502,50487,kylvie,koziol,wolffcrescent,brentwoo e vlge,kurrajong heights,vic,1970-01-01,3153,3153_ko,2570
jenna,paslic,679.0,tarana street,mallanganee,osbor ne,4342,vic,19541124.0,7730932,79116,jenna,paslic,tarana street,mallanganee,osbor ne,vic,1970-01-01,4342,4342_pa,241
erin,maynard,14.0,wilshire street,warialda,little river,2777,vic,19970430.0,7429462,34733,erin,maynard,wilshire street,warialda,little river,vic,1970-01-01,2777,2777_ma,2571
miller,egan,162.0,fergusson crescent,john flynn medical centre,como,2580,nsw,19700305.0,5022596,58577,miller,egan,fergusson crescent,john flynn medical centre,como,nsw,1970-01-01,2580,2580_eg,1765
samantha,doblinger,7.0,bangalay crescent,the hammond village,deer park,4380,nsw,19131222.0,1907245,2656,samantha,doblinger,bangalay crescent,the hammond village,deer park,nsw,1970-01-01,4380,4380_do,1258
morrison,jasmine,1.0,methven lpace,armidale,point lonsdale,3218,wa,19760810.0,1195414,97872,morrison,jasmine,methven lpace,armidale,point lonsdale,wa,1970-01-01,3218,3218_ja,2572
hugo,manson,31.0,cox street,milpara,elwood,2530,qld,19321204.0,2042233,91482,hugo,manson,cox street,milpara,elwood,qld,1970-01-01,2530,2530_ma,1622
keeoin,stephenson,53.0,albermarle place,kyeema,beaumaris,4506,wa,19100920.0,7236512,78098,keeoin,stephenson,albermarle place,kyeema,beaumaris,wa,1970-01-01,4506,4506_st,2573
isabella,millar,34.0,sherwood circuit,jasmine lodge,east maitland,4055,vic,19401025.0,5762876,60394,isabella,millar,sherwood circuit,jasmine lodge,east maitland,vic,1970-01-01,4055,4055_mi,1877
timothy,broadby,1.0,marengo place,lewin lodge,leonards hill,2770,qld,19670530.0,3863457,76727,timothy,broadby,marengo place,lewin lodge,leonards hill,qld,1970-01-01,2770,2770_br,2047
jasmine,campbell,639.0,rawlings place,donald coburn lodg,alice springs,2750,as,19550613.0,8692804,4276,jasmine,campbell,rawlings place,donald coburn lodg,alice springs,as,1970-01-01,2750,2750_ca,2574
sophie,reid,3.0,hawkins close,greenhills,toowong,2276,wa,19210624.0,9022097,15668,sophie,reid,hawkins close,greenhills,toowong,wa,1970-01-01,2276,2276_re,2575
michadl,wuchatsch,41.0,meehan garden,medical c entre,dianella,4707,wa,19190110.0,1614304,18355,michadl,wuchatsch,meehan garden,medical c entre,dianella,wa,1970-01-01,4707,4707_wu,2576
aidan,nguyen,8.0,jerrabomberra avenue,brentwood village,broome,4022,vic,19011002.0,5998380,68816,aidan,nguyen,jerrabomberra avenue,brentwood village,broome,vic,1970-01-01,4022,4022_ng,2577
alex,kranz,961.0,ogden close,aintree,kirribilli,5290,vic,19951022.0,8620763,9088,alex,kranz,ogden close,aintree,kirribilli,vic,1970-01-01,5290,5290_kr,565
oliver,bendpyk,42.0,tallara parkway,yarra bin,queenscliff,2148,vic,19100310.0,5851063,36002,oliver,bendpyk,tallara parkway,yarra bin,queenscliff,vic,1970-01-01,2148,2148_be,1324
barhaby,siggyins,51.0,hurley street,lakes retiremnet estate,kempsye,5162,vic,19981021.0,5752610,13976,barhaby,siggyins,hurley street,lakes retiremnet estate,kempsye,vic,1970-01-01,5162,5162_si,2176
william,shepherd,17.0,annesley,horsley crescent,clayton,2203,qld,19220707.0,8560358,51774,william,shepherd,annesley,horsley crescent,clayton,qld,1970-01-01,2203,2203_sh,2578
aaliyth,papageorgiou,30.0,elimatta street,glevniew,woollahra,4051,nsw,19980305.0,9041936,98609,aaliyth,papageorgiou,elimatta street,glevniew,woollahra,nsw,1970-01-01,4051,4051_pa,1476
victoria,pulfojrd,7.0,summerville crescent,,black rock,2315,vic,19240707.0,6151307,91905,victoria,pulfojrd,summerville crescent,,black rock,vic,1970-01-01,2315,2315_pu,979
kayne,dunnicliff,168.0,bursaria street,,leeton,2621,nsw,19340427.0,3871397,78524,kayne,dunnicliff,bursaria street,,leeton,nsw,1970-01-01,2621,2621_du,2579
sara,burnell,30.0,adkinson close,leith,auburn,4558,qld,19360319.0,9860719,92782,sara,burnell,adkinson close,leith,auburn,qld,1970-01-01,4558,4558_bu,1005
andrew,radic,116.0,anembo street,apt 312 thw rock wall,nedlands,4702,nsw,19460513.0,1862712,47016,andrew,radic,anembo street,apt 312 thw rock wall,nedlands,nsw,1970-01-01,4702,4702_ra,2580
jasper,mcwhirter-whitlock,57.0,daley crescent,cheviot hills,armidale,5048,qld,19530402.0,5002405,35750,jasper,mcwhirter whitlock,daley crescent,cheviot hills,armidale,qld,1970-01-01,5048,5048_mc,2581
thomas,nel,4.0,hopegood place,kordella park,freshwater,7054,vic,19480712.0,7889710,53198,thomas,nel,hopegood place,kordella park,freshwater,vic,1970-01-01,7054,7054_ne,2582
holly,webb,21.0,vansittart crescent,mannafields farm,coomalo,3047,nsw,19361103.0,6664841,85146,holly,webb,vansittart crescent,mannafields farm,coomalo,nsw,1970-01-01,3047,3047_we,553
nicole,brooker,,mctaggart crescent,moaa,hamilton,3044,nsw,,6831450,525,nicole,brooker,mctaggart crescent,moaa,hamilton,nsw,,3044,3044_br,2583
harrison,campain,34.0,ossap l ace,,mooroolbark,6155,vic,19870409.0,4394472,11860,harrison,campain,ossap l ace,,mooroolbark,vic,1970-01-01,6155,6155_ca,2584
catherine,matthews,12.0,abrahams crescent,the stables,beecroft,4225,vic,19810321.0,4030528,84073,catherine,matthews,abrahams crescent,the stables,beecroft,vic,1970-01-01,4225,4225_ma,2585
madison,white,18.0,enright crescent,mystra,invermay,3081,wa,19071011.0,9715765,79259,madison,white,enright crescent,mystra,invermay,wa,1970-01-01,3081,3081_wh,1883
ned,george,4.0,colborne place,rosegdale,maryborough,2222,wa,19290715.0,5389901,4973,ned,george,colborne place,rosegdale,maryborough,wa,1970-01-01,2222,2222_ge,2586
jayden,millar,8.0,jardine s treet,rocklea,penshurst,2069,sa,19670521.0,4322749,55578,jayden,millar,jardine s treet,rocklea,penshurst,sa,1970-01-01,2069,2069_mi,2587
nicholas,cavanaugh,9.0,canberra hse,rodway street,cronulla,3130,wa,19560111.0,2181923,90874,nicholas,cavanaugh,canberra hse,rodway street,cronulla,wa,1970-01-01,3130,3130_ca,2588
rachel,singleton,80.0,verbrugghen street,rio rita caravn park,largs,5021,vic,19030715.0,6508426,82873,rachel,singleton,verbrugghen street,rio rita caravn park,largs,vic,1970-01-01,5021,5021_si,2211
brooke,ryan,46.0,hodgson crescent,karatl a park,sale,3055,nsw,19830207.0,8078326,73806,brooke,ryan,hodgson crescent,karatl a park,sale,nsw,1970-01-01,3055,3055_ry,2589
travis,gearamn,12.0,birdwood qtreet,,chatham,5353,nsw,19461203.0,9247527,12381,travis,gearamn,birdwood qtreet,,chatham,nsw,1970-01-01,5353,5353_ge,2590
jesse,rocca,33.0,baldwin drive,,mansfield,2500,nsw,19760607.0,9948416,52813,jesse,rocca,baldwin drive,,mansfield,nsw,1970-01-01,2500,2500_ro,2591
alex-arose,smithson,389.0,miller street,brighg view,albury,3212,qld,19741012.0,2875274,53930,alex arose,smithson,miller street,brighg view,albury,qld,1970-01-01,3212,3212_sm,2592
amelia,struck,13.0,winser crescent,,coffs harbour,2250,vic,19640311.0,7848066,91211,amelia,struck,winser crescent,,coffs harbour,vic,1970-01-01,2250,2250_st,613
charlie,pampiln,9.0,werriwa crescent,inglleood,lymwood,4101,,19891125.0,2631349,17711,charlie,pampiln,werriwa crescent,inglleood,lymwood,,1970-01-01,4101,4101_pa,2593
eliza,wotton,17.0,crozier circuit,raffa estate,the hummock,3072,vic,19260820.0,9804852,40025,eliza,wotton,crozier circuit,raffa estate,the hummock,vic,1970-01-01,3072,3072_wo,2594
erin,green,6.0,len waters street,panaroo farm,torquay,5601,qld,19480705.0,6217407,73826,erin,green,len waters street,panaroo farm,torquay,qld,1970-01-01,5601,5601_gr,2595
isabella,white,74.0,beasley sreet,short st (cnr first av e) & albion park r,para hills,3149,sa,19380127.0,1518649,71797,isabella,white,beasley sreet,short st cnr first av e albion park r,para hills,sa,1970-01-01,3149,3149_wh,1100
xavier,jardine,61.0,lanleysquare,,normanton,2580,act,19331130.0,1885743,44975,xavier,jardine,lanleysquare,,normanton,act,1970-01-01,2580,2580_ja,2596
sophie,mccarthy,17.0,collings street,balala sattion,blakehurst,2913,qld,19280419.0,1582861,70167,sophie,mccarthy,collings street,balala sattion,blakehurst,qld,1970-01-01,2913,2913_mc,2597
elizaseth,stephneson,56.0,hallenclose,warra,kununurra,4127,nsw,19121119.0,4481230,91475,elizaseth,stephneson,hallenclose,warra,kununurra,nsw,1970-01-01,4127,4127_st,2598
kiandra,cowle,2.0,gatliff place,rustenburg sth,girgarre,3995,qld,19801125.0,3328205,80472,kiandra,cowle,gatliff place,rustenburg sth,girgarre,qld,1970-01-01,3995,3995_co,372
emiily,webb,42.0,stewart crescent,,dapto,2153,vic,19501128.0,3138809,16943,emiily,webb,stewart crescent,,dapto,vic,1970-01-01,2153,2153_we,2599
callum,philps,35.0,latchford street,northwest medkcal centre,cloverdale,2491,tas,19810925.0,5181189,20567,callum,philps,latchford street,northwest medkcal centre,cloverdale,tas,1970-01-01,2491,2491_ph,2600
jinni,dreyer,11.0,were street,marriott downs,south melbourne,3172,nsw,19420127.0,3787407,51256,jinni,dreyer,were street,marriott downs,south melbourne,nsw,1970-01-01,3172,3172_dr,2601
jacob,rees,18.0,beazley crescent,wiluna,thornbury,3134,nsw,19580902.0,9679326,93164,jacob,rees,beazley crescent,wiluna,thornbury,nsw,1970-01-01,3134,3134_re,2602
abby,ballantyne,7.0,reveley crescent,narek,mount evelyn,3021,nsw,19530808.0,5179699,14789,abby,ballantyne,reveley crescent,narek,mount evelyn,nsw,1970-01-01,3021,3021_ba,2603
chevonne,o'day,115.0,,woodleigh,woodlands,3179,nsw,19060726.0,9669480,37469,chevonne,o'day,,woodleigh,woodlands,nsw,1970-01-01,3179,3179_o',2604
bianca,matthews,5.0,wentworth avenue,mt pleasant,toowoomba,6473,nsw,19140128.0,1935299,49958,bianca,matthews,wentworth avenue,mt pleasant,toowoomba,nsw,1970-01-01,6473,6473_ma,2605
lara,slape,11.0,lamington street,rosehill,albany creek,6020,wa,19010927.0,2204911,26208,lara,slape,lamington street,rosehill,albany creek,wa,1970-01-01,6020,6020_sl,29
katelin,voy,6.0,nott street,,graceville,4879,vic,19511208.0,3546400,14954,katelin,voy,nott street,,graceville,vic,1970-01-01,4879,4879_vo,633
jessica,smallacombe,43.0,eve pllace,,nunawading,5540,vic,19060713.0,6942191,67576,jessica,smallacombe,eve pllace,,nunawading,vic,1970-01-01,5540,5540_sm,535
harrison,stanley,,majura road,goughs bay,bayswater,2117,wa,19511004.0,1301653,85535,harrison,stanley,majura road,goughs bay,bayswater,wa,1970-01-01,2117,2117_st,2076
solomon,abourjeili,81.0,ellerston avenue,southern cross,attwood,3044,vic,19551019.0,8381808,29542,solomon,abourjeili,ellerston avenue,southern cross,attwood,vic,1970-01-01,3044,3044_ab,580
amber,neumann,6.0,mockridge crescent,rockley,hendra,2630,nsw,19881119.0,9872778,69440,amber,neumann,mockridge crescent,rockley,hendra,nsw,1970-01-01,2630,2630_ne,1300
jordyn,lanyon,37.0,,,mona vale,6230,qld,19161215.0,9181688,77707,jordyn,lanyon,,,mona vale,qld,1970-01-01,6230,6230_la,2606
joshua,harrington,3.0,davitt close,mirinjani vlge mirinjani hostel,wangaratta,2209,vic,19610601.0,5960004,15583,joshua,harrington,davitt close,mirinjani vlge mirinjani hostel,wangaratta,vic,1970-01-01,2209,2209_ha,1955
dillon,camp,18.0,learmonth drive,old cob,geraldton,7015,tas,19330905.0,5756664,47937,dillon,camp,learmonth drive,old cob,geraldton,tas,1970-01-01,7015,7015_ca,2607
darcy,shepherd,23.0,,unt 2,kinross,2540,nsw,19771226.0,6039792,360,darcy,shepherd,,unt 2,kinross,nsw,1970-01-01,2540,2540_sh,2608
karla,rump,39.0,hilderstreet,,kilcunda,3219,wa,19010414.0,1507919,30855,karla,rump,hilderstreet,,kilcunda,wa,1970-01-01,3219,3219_ru,1603
thomas,simmonds,17.0,lyall crescent,,berrimah,3163,nsw,19590127.0,2772828,34534,thomas,simmonds,lyall crescent,,berrimah,nsw,1970-01-01,3163,3163_si,617
joel,tynehr,25.0,corringle close,little s galford,yoogali,3019,wa,19831216.0,7644003,14449,joel,tynehr,corringle close,little s galford,yoogali,wa,1970-01-01,3019,3019_ty,2609
hannah,collier,3.0,allison place,tweed heritage caravan park,warilla,6330,nsw,19510617.0,8330342,84825,hannah,collier,allison place,tweed heritage caravan park,warilla,nsw,1970-01-01,6330,6330_co,2610
spyke,karlsen,4.0,northam street,aptmt 206,southbank,2320,wa,19641029.0,5567470,9833,spyke,karlsen,northam street,aptmt 206,southbank,wa,1970-01-01,2320,2320_ka,1015
jade,dixon,202.0,francis chambers,leven qstreet,toronto,3228,nsw,19250415.0,1463082,68372,jade,dixon,francis chambers,leven qstreet,toronto,nsw,1970-01-01,3228,3228_di,565
zachary,rees,4.0,ferndale,hicks street,camira,3016,vic,19660116.0,8690395,25636,zachary,rees,ferndale,hicks street,camira,vic,1970-01-01,3016,3016_re,2611
,campbell,19.0,loder place,eden park,rowville,3040,sa,19570115.0,4301812,3742,,campbell,loder place,eden park,rowville,sa,1970-01-01,3040,3040_ca,1190
morrion,robin,14.0,markham street,balmaincove,broadmeadows,6168,vic,19250124.0,8531919,19081,morrion,robin,markham street,balmaincove,broadmeadows,vic,1970-01-01,6168,6168_ro,2612
lilzy,hyland,11.0,durack street,rosall,wilroy,2250,nsw,19440426.0,7053521,95104,lilzy,hyland,durack street,rosall,wilroy,nsw,1970-01-01,2250,2250_hy,64
samx,clarke,85.0,couchman crescent,rosetta vi llage,echuca west,5043,vic,19640103.0,6444384,44499,samx,clarke,couchman crescent,rosetta vi llage,echuca west,vic,1970-01-01,5043,5043_cl,1277
oliver,laverty,110.0,burrinjuck crescent,hybernia park,kogarah,3844,vic,19050801.0,7774343,86794,oliver,laverty,burrinjuck crescent,hybernia park,kogarah,vic,1970-01-01,3844,3844_la,2613
ella,weller,3.0,arthur circle,villa 184,springvale south,2653,,19020422.0,5679851,45438,ella,weller,arthur circle,villa 184,springvale south,,1970-01-01,2653,2653_we,2614
reid,marcus,290.0,geils coirt,cambri vlge,naremburn,6020,nsw,19400624.0,3592731,51556,reid,marcus,geils coirt,cambri vlge,naremburn,nsw,1970-01-01,6020,6020_ma,2615
ned,george,4.0,colborne place,rosedale,maryborough,2221,wa,19290715.0,5389901,60560,ned,george,colborne place,rosedale,maryborough,wa,1970-01-01,2221,2221_ge,2616
brooke,morriason,40.0,rumker place,huntint gon,woodcrofft,4655,nsw,19700409.0,4282147,59295,brooke,morriason,rumker place,huntint gon,woodcrofft,nsw,1970-01-01,4655,4655_mo,2617
phoebe,waller,37.0,blacket street,old purrawunda,st kilda east,3221,wa,19920706.0,7876568,24266,phoebe,waller,blacket street,old purrawunda,st kilda east,wa,1970-01-01,3221,3221_wa,2618
jasmine,royle,46.0,minehan place,geregarow station,werrington,5162,nsw,19471027.0,8590831,96065,jasmine,royle,minehan place,geregarow station,werrington,nsw,1970-01-01,5162,5162_ro,1876
charlie,mantovano,7.0,tauss place,grandvew,mitcham,2575,vic,19761213.0,6548135,1579,charlie,mantovano,tauss place,grandvew,mitcham,vic,1970-01-01,2575,2575_ma,2619
deakin,brooker,45.0,andrea place,stonehouse,newmarket,3175,wa,19271025.0,4896662,21697,deakin,brooker,andrea place,stonehouse,newmarket,wa,1970-01-01,3175,3175_br,2620
hana,weaver,8.0,colvin street,,albury,6084,,19181111.0,9473856,91057,hana,weaver,colvin street,,albury,,1970-01-01,6084,6084_we,2566
sophie,nicolle,112.0,garling street,springcreek,kotara,4740,nt,19111001.0,7492384,41859,sophie,nicolle,garling street,springcreek,kotara,nt,1970-01-01,4740,4740_ni,40
emiily,robson,97.0,bungonia svtreet,st francis vlge,dianella,5066,wa,19420328.0,9454883,30570,emiily,robson,bungonia svtreet,st francis vlge,dianella,wa,1970-01-01,5066,5066_ro,1611
kimberly,baillie,27.0,agnew sgreet,,nicholls,3109,qld,19191108.0,2602138,3185,kimberly,baillie,agnew sgreet,,nicholls,qld,1970-01-01,3109,3109_ba,1119
paul,coleman,35.0,fisk street,shopping centre,north ryde,2710,sa,19940821.0,7652642,26487,paul,coleman,fisk street,shopping centre,north ryde,sa,1970-01-01,2710,2710_co,373
tansy,nekar,69.0,boddington crescent,eulong,campsie,2620,nsw,19190804.0,4995109,37630,tansy,nekar,boddington crescent,eulong,campsie,nsw,1970-01-01,2620,2620_ne,2621
ethan,mason,47.0,fink crescent,kurrajong,mermaid waters,6286,qld,19080317.0,9375310,88340,ethan,mason,fink crescent,kurrajong,mermaid waters,qld,1970-01-01,6286,6286_ma,2622
thomas,miles,18.0,caley crescent,vil la 2,sunshine,4703,sa,19620721.0,8287970,41172,thomas,miles,caley crescent,vil la 2,sunshine,sa,1970-01-01,4703,4703_mi,2113
rbuy,dixon,52.0,fiskenscrescent,postoffice road,ballarat horth,3179,vic,19500713.0,2654777,17601,rbuy,dixon,fiskenscrescent,postoffice road,ballarat horth,vic,1970-01-01,3179,3179_di,2623
ruyb,vown,65.0,fernyhough crescent,,lamington,3109,nsw,19820119.0,2911379,39417,ruyb,vown,fernyhough crescent,,lamington,nsw,1970-01-01,3109,3109_vo,2007
archie,warneke,48.0,temperley street,sunrest s tud,north narrabeen,3995,wa,19831118.0,1585410,23793,archie,warneke,temperley street,sunrest s tud,north narrabeen,wa,1970-01-01,3995,3995_wa,2624
teneille,lamprey,63.0,terra nostra,forrest place,bayswater north,4160,vic,19281101.0,9687938,2951,teneille,lamprey,terra nostra,forrest place,bayswater north,vic,1970-01-01,4160,4160_la,2625
alexandra,dolan,12.0,oxley str eet,cranky jack,,3165,qld,19540418.0,8776463,50806,alexandra,dolan,oxley str eet,cranky jack,,qld,1970-01-01,3165,3165_do,2443
james,ryan,,alstons treet,myliton,lake cathie,4461,wa,19580226.0,2349088,67043,james,ryan,alstons treet,myliton,lake cathie,wa,1970-01-01,4461,4461_ry,607
,spinato,17.0,howie bcourt,pinnacles caravn park,mooloolaba,3356,nsw,19821129.0,4527826,13703,,spinato,howie bcourt,pinnacles caravn park,mooloolaba,nsw,1970-01-01,3356,3356_sp,2626
amy,allard,47.0,follett street,oakmont,penshrst,2121,vic,19931107.0,9211342,95048,amy,allard,follett street,oakmont,penshrst,vic,1970-01-01,2121,2121_al,447
melinda,walch,433.0,sage close,cresden 12182,toowong,2549,vic,19220419.0,4495651,63055,melinda,walch,sage close,cresden 12182,toowong,vic,1970-01-01,2549,2549_wa,2627
lauren,frahn,5.0,solomon crescent,stoney rceek,leichhardt,2507,vic,19180701.0,3134475,96588,lauren,frahn,solomon crescent,stoney rceek,leichhardt,vic,1970-01-01,2507,2507_fr,2628
william,shepherd,17.0,horsley crescent,annesley,clayton,2203,qld,19920927.0,8560358,41064,william,shepherd,horsley crescent,annesley,clayton,qld,1970-01-01,2203,2203_sh,812
georgia,lesile,38.0,rosman circuit,gena eis,parkdale,4650,qld,19000701.0,2150872,41882,georgia,lesile,rosman circuit,gena eis,parkdale,qld,1970-01-01,4650,4650_le,1812
lucas,kotal,19.0,boddington crescent,glenlee,minto,4115,vic,19851115.0,6544603,16184,lucas,kotal,boddington crescent,glenlee,minto,vic,1970-01-01,4115,4115_ko,2629
mason,ashlie,6.0,sinclair street,young retirement village,,3201,nsw,19540731.0,9955736,50391,mason,ashlie,sinclair street,young retirement village,,nsw,1970-01-01,3201,3201_as,2630
david,sokic,11.0,gurubun close,binnlaong,dianella,3042,wa,19771128.0,4848259,71468,david,sokic,gurubun close,binnlaong,dianella,wa,1970-01-01,3042,3042_so,2631
shelbey,matthews,18.0,learmonth drive,dolphin arcade,sanctuary point,2289,nsw,19440419.0,3598907,17242,shelbey,matthews,learmonth drive,dolphin arcade,sanctuary point,nsw,1970-01-01,2289,2289_ma,708
beth,bambllng,38.0,maclagan street,centennial glen,gowanbrae,5062,nsw,19640705.0,5577649,34766,beth,bambllng,maclagan street,centennial glen,gowanbrae,nsw,1970-01-01,5062,5062_ba,2632
thomas,waller,35.0,mackenzie street,warrawong,trevallyn,4019,wa,19760904.0,1578270,57089,thomas,waller,mackenzie street,warrawong,trevallyn,wa,1970-01-01,4019,4019_wa,2633
caitlin,clarke,25.0,becker place,southern cross,raymond terrace,4122,sa,19520130.0,5950177,4179,caitlin,clarke,becker place,southern cross,raymond terrace,sa,1970-01-01,4122,4122_cl,2634
laura,ryan,3.0,birrell stteet,craigie-lea,orange,2289,vic,19120402.0,4198979,98625,laura,ryan,birrell stteet,craigie lea,orange,vic,1970-01-01,2289,2289_ry,2635
amy,smeaton,32.0,rivers street,gullamurra,port pirie,7178,qld,19390126.0,9715378,50210,amy,smeaton,rivers street,gullamurra,port pirie,qld,1970-01-01,7178,7178_sm,2636
eliza,stubbs,8.0,diamond street,killara lodge,ingleburn,2032,vic,19741001.0,7309530,26734,eliza,stubbs,diamond street,killara lodge,ingleburn,vic,1970-01-01,2032,2032_st,2637
charlotte,dixon,219.0,ferber place,mlc centre,geelong west,4810,qld,19141202.0,3783386,63116,charlotte,dixon,ferber place,mlc centre,geelong west,qld,1970-01-01,4810,4810_di,1759
noah,gamlin,,canning street,villa 183,mosman,7262,sa,19091023.0,6693641,64215,noah,gamlin,canning street,villa 183,mosman,sa,1970-01-01,7262,7262_ga,1754
nicole,neville,11.0,mccormack street,,corrimal east,2211,qld,19150910.0,7061873,49305,nicole,neville,mccormack street,,corrimal east,qld,1970-01-01,2211,2211_ne,2638
henry,bloomfield,97.0,mcdougall wtreet,bendigo retirement village,rosegud,4563,ws,19321112.0,1646845,65139,henry,bloomfield,mcdougall wtreet,bendigo retirement village,rosegud,ws,1970-01-01,4563,4563_bl,436
luas,campbell,19.0,dyett cfcuit,kooyong,wangaratta,2594,nsw,19520124.0,3068374,65613,luas,campbell,dyett cfcuit,kooyong,wangaratta,nsw,1970-01-01,2594,2594_ca,1399
imogen,louca,29.0,blackwell circuit,bindaree,coolum beach,2800,qld,19180129.0,2930517,16095,imogen,louca,blackwell circuit,bindaree,coolum beach,qld,1970-01-01,2800,2800_lo,1940
sean,matthews,19.0,,marandyvale,bunbry,5051,sa,19520805.0,2832579,9018,sean,matthews,,marandyvale,bunbry,sa,1970-01-01,5051,5051_ma,2639
zac,morrison,204.0,cygnet crescent,killarney,bundaberg north,4020,qld,19130807.0,4641311,82137,zac,morrison,cygnet crescent,killarney,bundaberg north,qld,1970-01-01,4020,4020_mo,2640
alisa,van keulen,24.0,wakefield avenue,deridgeree,matraville,6160,vic,19561006.0,6451488,47133,alisa,van keulen,wakefield avenue,deridgeree,matraville,vic,1970-01-01,6160,6160_va,2641
archie,clarke,162.0,nangor street,omaru,westmead,2251,vic,19780909.0,5273648,22400,archie,clarke,nangor street,omaru,westmead,vic,1970-01-01,2251,2251_cl,1099
silas,noble,35.0,ainsworth street,yonagla,clayton,2281,wa,19211208.0,6885608,86580,silas,noble,ainsworth street,yonagla,clayton,wa,1970-01-01,2281,2281_no,974
katelyn,ryan,11.0,newman morris circuit,rsde 302,stephens,3011,qld,,2290010,66368,katelyn,ryan,newman morris circuit,rsde 302,stephens,qld,,3011,3011_ry,2642
masno,madeline,54.0,hoseason street,lakefront ret rmnt vlge,gran ville,4818,nsw,19081128.0,2185997,61335,masno,madeline,hoseason street,lakefront ret rmnt vlge,gran ville,nsw,1970-01-01,4818,4818_ma,1768
jack,broadby,38.0,davies place,glanworth station,colonel light gardens,2226,nsw,19190411.0,9327822,81999,jack,broadby,davies place,glanworth station,colonel light gardens,nsw,1970-01-01,2226,2226_br,1820
darcie,priest,67.0,sid barnes crescent,kinglake central,dianella,3011,vic,19570911.0,5032178,22140,darcie,priest,sid barnes crescent,kinglake central,dianella,vic,1970-01-01,3011,3011_pr,1650
michael,blake,44.0,chermsid e street,bellevue gardens rv,dalby,2705,vic,,5253034,3465,michael,blake,chermsid e street,bellevue gardens rv,dalby,vic,,2705,2705_bl,1430
will,seng,36.0,jim pikea venue,warilie,yengarie,5540,qld,19510103.0,1604410,83211,will,seng,jim pikea venue,warilie,yengarie,qld,1970-01-01,5540,5540_se,2643
cooper,cadwallader,48.0,mckillop circuit,ohio station,kellyville,4165,vic,19560918.0,9773620,9883,cooper,cadwallader,mckillop circuit,ohio station,kellyville,vic,1970-01-01,4165,4165_ca,2644
michael,tylkowski,276.0,ashburton circuit,the market place,st pwters,2570,nsw,19920421.0,9384379,4640,michael,tylkowski,ashburton circuit,the market place,st pwters,nsw,1970-01-01,2570,2570_ty,2015
,bishop,,beedham place,buffel rise,highbury,3844,vic,19450525.0,1234783,71909,,bishop,beedham place,buffel rise,highbury,vic,1970-01-01,3844,3844_bi,2645
arabella,stubbs,64.0,ringrose crescent,the park,st huberts island,5007,wa,19261116.0,7685033,88458,arabella,stubbs,ringrose crescent,the park,st huberts island,wa,1970-01-01,5007,5007_st,1480
liam,dixon,,curnow place,peroomba,greenwood,5113,qld,19450114.0,4280929,16010,liam,dixon,curnow place,peroomba,greenwood,qld,1970-01-01,5113,5113_di,2646
elly,reid,58.0,bambridge street,johnflynn hospital,eight mile plains,4860,nsw,,6391700,38248,elly,reid,bambridge street,johnflynn hospital,eight mile plains,nsw,,4860,4860_re,2647
james,pasoce,36.0,cumpston place,pacific palzs caravn park,capertee,3350,nsw,19620905.0,3977077,16806,james,pasoce,cumpston place,pacific palzs caravn park,capertee,nsw,1970-01-01,3350,3350_pa,2648
danika,alhabsji,2.0,ewing street,oakdale,toowoomba,2161,vic,19020325.0,2643761,2875,danika,alhabsji,ewing street,oakdale,toowoomba,vic,1970-01-01,2161,2161_al,731
thomas,dumpe,20.0,sparkes close,talonmane,orelia,4807,qld,19040116.0,7197230,31221,thomas,dumpe,sparkes close,talonmane,orelia,qld,1970-01-01,4807,4807_du,2649
holly,webb,21.0,vansittart crescent,mannafields farm,coomallo,3047,wa,19361103.0,6664841,18704,holly,webb,vansittart crescent,mannafields farm,coomallo,wa,1970-01-01,3047,3047_we,553
zali,reid,17.0,kootara cescent,,wanniassa,4220,wa,19530118.0,3310083,46794,zali,reid,kootara cescent,,wanniassa,wa,1970-01-01,4220,4220_re,2650
travis,gearman,12.0,birdwood street,sunny brees,chatham,5353,nsw,19461203.0,9247527,30776,travis,gearman,birdwood street,sunny brees,chatham,nsw,1970-01-01,5353,5353_ge,2590
george,artis,49.0,macfarland crescent,tulla burra,springfield,4091,vic,19810320.0,5959224,4302,george,artis,macfarland crescent,tulla burra,springfield,vic,1970-01-01,4091,4091_ar,2651
ellen,mason,15.0,parkhill street,tintagel,kingston,2800,vic,19040813.0,4116673,73967,ellen,mason,parkhill street,tintagel,kingston,vic,1970-01-01,2800,2800_ma,2652
bianca,wyllie,4.0,folingsby street,villa 3,woodcroft,3196,sa,19521130.0,6347027,32832,bianca,wyllie,folingsby street,villa 3,woodcroft,sa,1970-01-01,3196,3196_wy,568
kobe,george,19.0,tenison-woods circuit,cliff h ouse 2,franston,3028,qdl,19960914.0,8823656,4300,kobe,george,tenison woods circuit,cliff h ouse 2,franston,qdl,1970-01-01,3028,3028_ge,2130
lucas,benger,1.0,cunningham street,padicam,melton south,2232,nsw,19851030.0,5458466,17837,lucas,benger,cunningham street,padicam,melton south,nsw,1970-01-01,2232,2232_be,79
jake,musolino,23.0,goodwin street,shopping centre,bundaberg,3175,vic,19400225.0,9383963,76732,jake,musolino,goodwin street,shopping centre,bundaberg,vic,1970-01-01,3175,3175_mu,2653
amy,chandler,65.0,plantroad,blck 1089,findon,2086,sa,19730318.0,1609739,54175,amy,chandler,plantroad,blck 1089,findon,sa,1970-01-01,2086,2086_ch,432
jacob,clarke,5.0,sulman place,dianella masonic vlge,prospect,2280,nsw,19500505.0,3831021,85840,jacob,clarke,sulman place,dianella masonic vlge,prospect,nsw,1970-01-01,2280,2280_cl,1285
matthew,ryan,1334.0,barraclough crescent,lindisfarme,craigie,2575,nsw,19791003.0,4949902,29481,matthew,ryan,barraclough crescent,lindisfarme,craigie,nsw,1970-01-01,2575,2575_ry,2393
,abeywickrama,16.0,carnegie garden,derry lodge,armdiale,2294,qld,19130224.0,4107592,92180,,abeywickrama,carnegie garden,derry lodge,armdiale,qld,1970-01-01,2294,2294_ab,2654
emiily,blake,41.0,kevin street,sunbury,tinbeerwah,6210,vic,19081017.0,7575886,76887,emiily,blake,kevin street,sunbury,tinbeerwah,vic,1970-01-01,6210,6210_bl,732
fyynlay,clarke,23.0,leason close,tantallon,,5290,wa,19331228.0,7464958,25432,fyynlay,clarke,leason close,tantallon,,wa,1970-01-01,5290,5290_cl,2655
brooke,antees,46.0,brophy street,karalta park,sale,3055,nsw,19830207.0,6860717,77327,brooke,antees,brophy street,karalta park,sale,nsw,1970-01-01,3055,3055_an,2656
madeline,purtell,2.0,dennis street,,franklin,4570,qld,19811121.0,3603598,34728,madeline,purtell,dennis street,,franklin,qld,1970-01-01,4570,4570_pu,940
kiar,terend,24.0,barada crescent,,dulwich hill,2526,nsw,19000405.0,3054502,44463,kiar,terend,barada crescent,,dulwich hill,nsw,1970-01-01,2526,2526_te,2657
xani,webb,5.0,len waters street,willmont park,landsborough,2617,wa,19911101.0,8286026,81435,xani,webb,len waters street,willmont park,landsborough,wa,1970-01-01,2617,2617_we,2658
james,farnham,238.0,wanganeen avenue,marjidin,port broughton,2107,sa,19011012.0,3915581,21050,james,farnham,wanganeen avenue,marjidin,port broughton,sa,1970-01-01,2107,2107_fa,1158
andrew,cambell,35.0,dennis street,brindabella specialist centre,whorouly,3636,vic,19420601.0,9196209,89860,andrew,cambell,dennis street,brindabella specialist centre,whorouly,vic,1970-01-01,3636,3636_ca,2659
coleman,jaiden,47.0,radcliffej street,fernbank,concord,4550,vic,19720423.0,6077956,46134,coleman,jaiden,radcliffej street,fernbank,concord,vic,1970-01-01,4550,4550_ja,2660
jacob,hassall,33.0,murchisbon street,torbanela,yabba n orth,3632,nsw,19790619.0,6010042,79199,jacob,hassall,murchisbon street,torbanela,yabba n orth,nsw,1970-01-01,3632,3632_ha,2661
braedon,block,,mulga street,dalkeith cottage,toorak,7190,sa,19790281.0,2643187,27090,braedon,block,mulga street,dalkeith cottage,toorak,sa,1970-01-01,7190,7190_bl,2662
evan,dreyer,21.0,smiths road,sydney road,redbank plains,2611,vic,19930408.0,4211470,33326,evan,dreyer,smiths road,sydney road,redbank plains,vic,1970-01-01,2611,2611_dr,2663
alexadra,dolan,12.0,oxley s treet,cranky jack,,3165,qld,19540418.0,8776463,83874,alexadra,dolan,oxley s treet,cranky jack,,qld,1970-01-01,3165,3165_do,2443
madeleine,green,20.0,weetman place,hopeview,orang,2152,vic,19911013.0,5184902,72498,madeleine,green,weetman place,hopeview,orang,vic,1970-01-01,2152,2152_gr,2664
aaliyah,huddy,60.0,currong street,chactor,wellington point,2232,sa,19310408.0,1091178,21268,aaliyah,huddy,currong street,chactor,wellington point,sa,1970-01-01,2232,2232_hu,651
sophie,hobson,113.0,hytten place,envir ona,padstow,3429,vic,19261103.0,4286830,48797,sophie,hobson,hytten place,envir ona,padstow,vic,1970-01-01,3429,3429_ho,1283
emma,goldet,381.0,fullerton crescent,,campsie,2107,qld,19260419.0,1677968,51437,emma,goldet,fullerton crescent,,campsie,qld,1970-01-01,2107,2107_go,241
baiely,wyllie,17.0,howie court,barra barroo,north m aclean,6210,vic,19611221.0,5687428,8849,baiely,wyllie,howie court,barra barroo,north m aclean,vic,1970-01-01,6210,6210_wy,2665
jesse,tenant,33.0,baldwind rive,anzac house (cnr drcher s street,mansfield,2500,nsw,19760607.0,9948416,61892,jesse,tenant,baldwind rive,anzac house cnr drcher s street,mansfield,nsw,1970-01-01,2500,2500_te,842
matthews,nicholas,8.0,collingridge street,rookanore,ardere,2756,act,19911014.0,8010826,96972,matthews,nicholas,collingridge street,rookanore,ardere,act,1970-01-01,2756,2756_ni,2666
zachiariah,reid,8.0,dixon drive,bletchly park,toowoomba,2068,wa,19027803.0,1961455,1108,zachiariah,reid,dixon drive,bletchly park,toowoomba,wa,1970-01-01,2068,2068_re,2667
laura,wegb,6.0,,martins well station,tri gg,2108,vic,19690412.0,4088462,1584,laura,wegb,,martins well station,tri gg,vic,1970-01-01,2108,2108_we,2668
mattheo,haren,52.0,bentham street,kularoo garden,robina,3941,vic,19770918.0,1826559,48285,mattheo,haren,bentham street,kularoo garden,robina,vic,1970-01-01,3941,3941_ha,2669
,de paoli,12.0,neumayer street,riverland village,prospect,2452,nsw,19990313.0,1420240,84576,,de paoli,neumayer street,riverland village,prospect,nsw,1970-01-01,2452,2452_de,404
jacob,marampon,39.0,lowanna street,,keysborough,3806,vic,19820914.0,7380723,36118,jacob,marampon,lowanna street,,keysborough,vic,1970-01-01,3806,3806_ma,793
leo,robson,13.0,nullagine street,,ingham,3804,vic,19560910.0,7184177,73642,leo,robson,nullagine street,,ingham,vic,1970-01-01,3804,3804_ro,2670
,stanfield,9.0,,glenlee,arunddl,3034,nsw,19970826.0,4080455,78235,,stanfield,,glenlee,arunddl,nsw,1970-01-01,3034,3034_st,2671
cameron,burford,114.0,brand street,diamond star,casino,5098,nsw,19240223.0,2546762,3654,cameron,burford,brand street,diamond star,casino,nsw,1970-01-01,5098,5098_bu,2672
sophie,cotbin,7.0,calder crescent,,figtree,3810,nsw,19470413.0,1321061,23903,sophie,cotbin,calder crescent,,figtree,nsw,1970-01-01,3810,3810_co,2673
ellie,beazley,93.0,,kuliup,spotswood,870,vic,19350718.0,3294834,68764,ellie,beazley,,kuliup,spotswood,vic,1970-01-01,0870,0870_be,2674
oliver,blake,8.0,outtrim avenue,,st lucia,2298,qld,19891203.0,5564357,45745,oliver,blake,outtrim avenue,,st lucia,qld,1970-01-01,2298,2298_bl,2675
barnabh,siggins,51.0,hurley street,lakes retireemnt estate,kempsey,5162,vic,19981021.0,5752610,98911,barnabh,siggins,hurley street,lakes retireemnt estate,kempsey,vic,1970-01-01,5162,5162_si,2176
jade,browne,12.0,noble close,circle h,avoca,3180,qld,19921015.0,1314590,40832,jade,browne,noble close,circle h,avoca,qld,1970-01-01,3180,3180_br,699
timothy,bellchambers,,buggy crescent,medica ldentre,pymble,2323,vic,19210723.0,6606450,37643,timothy,bellchambers,buggy crescent,medica ldentre,pymble,vic,1970-01-01,2323,2323_be,1080
,abeywickrama,16.0,carnegie garden,derry lodge,armidale,2299,qld,19130224.0,6845689,4389,,abeywickrama,carnegie garden,derry lodge,armidale,qld,1970-01-01,2299,2299_ab,1961
clement,hyland,18.0,throsby crescent,carrington retrmnt vlge,mount gravatt,2176,qld,19581028.0,3982916,86422,clement,hyland,throsby crescent,carrington retrmnt vlge,mount gravatt,qld,1970-01-01,2176,2176_hy,2465
rednond,melissa,11.0,alroy circuit,braemore,long jetty,4852,sa,19501114.0,7547575,70411,rednond,melissa,alroy circuit,braemore,long jetty,sa,1970-01-01,4852,4852_me,2676
connro,white,706.0,monaro cr escent,birrabilla,point lonsdale,2088,wa,19310818.0,5855559,12384,connro,white,monaro cr escent,birrabilla,point lonsdale,wa,1970-01-01,2088,2088_wh,2677
ronan,phillpott,70.0,southwood retreat,tieve tara,lalor,2177,sa,19530921.0,6393449,118,ronan,phillpott,southwood retreat,tieve tara,lalor,sa,1970-01-01,2177,2177_ph,1834
samuel,bishop,142.0,beedham place,buffel rise,highbury,3844,vic,19450525.0,1234782,29517,samuel,bishop,beedham place,buffel rise,highbury,vic,1970-01-01,3844,3844_bi,2678
vendula,webcb,3.0,molloy crescent,gwandakan,clayton,2680,nsw,19350812.0,7308373,83169,vendula,webcb,molloy crescent,gwandakan,clayton,nsw,1970-01-01,2680,2680_we,1510
kennealy,joshua,,bardolphustreet,,killara,2500,wa,19880210.0,2571059,90716,kennealy,joshua,bardolphustreet,,killara,wa,1970-01-01,2500,2500_jo,2679
jacob,kopievsky,24.0,downward place,banksia village,bunbury,4671,qld,19470530.0,3777070,53664,jacob,kopievsky,downward place,banksia village,bunbury,qld,1970-01-01,4671,4671_ko,1126
emiily,wilkins,120.0,chuculba crescent,rowethorpe,blacksmiths,2122,sa,19470425.0,9861786,16209,emiily,wilkins,chuculba crescent,rowethorpe,blacksmiths,sa,1970-01-01,2122,2122_wi,2680
domenique,paterson,15.0,,merewether pufblic school,greensborough,3138,qld,19161017.0,4975843,15283,domenique,paterson,,merewether pufblic school,greensborough,qld,1970-01-01,3138,3138_pa,2681
,musolino,342.0,elliott srfeet,kildarra,bedfordale,2081,qld,19631110.0,8789539,89175,,musolino,elliott srfeet,kildarra,bedfordale,qld,1970-01-01,2081,2081_mu,2682
liam,matthews,87.0,alexandra street,albeni station,eight mile plains,2101,qld,19250915.0,5551029,24914,liam,matthews,alexandra street,albeni station,eight mile plains,qld,1970-01-01,2101,2101_ma,2683
alexa-rose,white,22.0,warrego circuit,burnside,bayswater,3040,nt,19160822.0,2502613,62328,alexa rose,white,warrego circuit,burnside,bayswater,nt,1970-01-01,3040,3040_wh,131
jaes,campbell,1181.0,jaeger circuit,hamden place,beechboro,3943,qld,19991103.0,2846606,79507,jaes,campbell,jaeger circuit,hamden place,beechboro,qld,1970-01-01,3943,3943_ca,2340
mahony,sebastian,23.0,le gallienne street,brentwood vlge,sunshine,4073,qld,19750108.0,1542344,86,mahony,sebastian,le gallienne street,brentwood vlge,sunshine,qld,1970-01-01,4073,4073_se,2684
gloufssis,blake,10.0,bate place,,poochera,2143,vic,,4587041,53938,gloufssis,blake,bate place,,poochera,vic,,2143,2143_bl,2685
jake,westbrook,15.0,booroondara street,ascot park,salisbury east,2074,nsw,19001115.0,2330929,60105,jake,westbrook,booroondara street,ascot park,salisbury east,nsw,1970-01-01,2074,2074_we,1021
jasmine,aledrson,287.0,casuarina street,,wonthella,3601,nws,19680723.0,7864178,71184,jasmine,aledrson,casuarina street,,wonthella,nws,1970-01-01,3601,3601_al,2686
william,sztolc,49.0,manuka circle,crown allotment,marsden,3136,vic,19780124.0,1398044,94053,william,sztolc,manuka circle,crown allotment,marsden,vic,1970-01-01,3136,3136_sz,2687
ellen,thuleow,69.0,litchfield place,killara lodge,mill park,4053,wa,19281110.0,9305219,33610,ellen,thuleow,litchfield place,killara lodge,mill park,wa,1970-01-01,4053,4053_th,2688
juliana,berry,42.0,nungara street,tantallon,alfords point,2620,nsw,19630218.0,2105374,99776,juliana,berry,nungara street,tantallon,alfords point,nsw,1970-01-01,2620,2620_be,2689
isabella,rundle,8.0,fawknerstreet,emerald agrigultural college,pottsvklle,6154,nsw,,6097070,35647,isabella,rundle,fawknerstreet,emerald agrigultural college,pottsvklle,nsw,,6154,6154_ru,2690
madison,white,18.0,enright drescent,mystra,bassendean,3081,wa,19071011.0,9715765,48300,madison,white,enright drescent,mystra,bassendean,wa,1970-01-01,3081,3081_wh,1883
annalise,ebert,18.0,cuscaden crescent,sunny-brae,surrey hills,2444,wa,19280516.0,7465191,37384,annalise,ebert,cuscaden crescent,sunny brae,surrey hills,wa,1970-01-01,2444,2444_eb,2691
emiily,robson,97.0,bungonia street,st francis vlge,dianella,5066,wa,19420328.0,9458483,67529,emiily,robson,bungonia street,st francis vlge,dianella,wa,1970-01-01,5066,5066_ro,2692
jake,green,12.0,cussen street,blacksdane private sanctuary,blacktown,6152,vic,19040723.0,2432617,63934,jake,green,cussen street,blacksdane private sanctuary,blacktown,vic,1970-01-01,6152,6152_gr,2693
greeb,madeleine,20.0,weetman place,hopeview,orange,2125,vic,19911013.0,5184902,4387,greeb,madeleine,weetman place,hopeview,orange,vic,1970-01-01,2125,2125_ma,2694
tyron,girdler,5.0,galibal street,vanorluc rmb 4050,sale,7050,nsw,19630710.0,7496929,54683,tyron,girdler,galibal street,vanorluc rmb 4050,sale,nsw,1970-01-01,7050,7050_gi,2695
nicholas,pamplin,9.0,werriwa crescent,inglewood,dinner plain,4101,nsw,19891125.0,2631349,4929,nicholas,pamplin,werriwa crescent,inglewood,dinner plain,nsw,1970-01-01,4101,4101_pa,2534
monique,stoneman,53.0,balsillie acrescent,emuv ale,bilbul,4226,wa,19920924.0,1597681,43636,monique,stoneman,balsillie acrescent,emuv ale,bilbul,wa,1970-01-01,4226,4226_st,2696
john,hamblin,27.0,wallace place,claymore springs,woy woy,6758,vic,19171215.0,1084423,32764,john,hamblin,wallace place,claymore springs,woy woy,vic,1970-01-01,6758,6758_ha,2697
emma,golder,381.0,fullerton crescent,carey oark,campsie,2107,qld,19260419.0,1677968,28266,emma,golder,fullerton crescent,carey oark,campsie,qld,1970-01-01,2107,2107_go,241
emiily,beattie,7.0,cuscaden crescent,danric lodge,albion park,6275,qld,19340317.0,3499772,15127,emiily,beattie,cuscaden crescent,danric lodge,albion park,qld,1970-01-01,6275,6275_be,2698
grayson,stanley,9.0,eaglemont retreat,kimberley,,4107,tas,19710422.0,5818249,29674,grayson,stanley,eaglemont retreat,kimberley,,tas,1970-01-01,4107,4107_st,252
paul,cole man,35.0,fisk street,,nort hryde,2710,sa,19940821.0,7652642,66654,paul,cole man,fisk street,,nort hryde,sa,1970-01-01,2710,2710_co,373
matthew,sunderland,522.0,max henry crescent,tigers hill,banks,4152,nsq,19190521.0,5343886,6211,matthew,sunderland,max henry crescent,tigers hill,banks,nsq,1970-01-01,4152,4152_su,479
hana,weaver,8.0,colvin street,,albufy,6084,,19181111.0,9473856,29166,hana,weaver,colvin street,,albufy,,1970-01-01,6084,6084_we,2566
madison,,25.0,southlands shops,yellow dam,humpty doo,6110,tas,19545129.0,9104054,65769,madison,,southlands shops,yellow dam,humpty doo,tas,1970-01-01,6110,6110_,2699
courtney,dumphy,22.0,nardoo crescent,warringa nebraska,tingalpa,2114,nsw,19340914.0,5053600,15882,courtney,dumphy,nardoo crescent,warringa nebraska,tingalpa,nsw,1970-01-01,2114,2114_du,2700
natalee,coleman,293.0,minns place,,waterman,3910,vic,19110405.0,3646292,88757,natalee,coleman,minns place,,waterman,vic,1970-01-01,3910,3910_co,109
helen,ebert,21.0,garratt street,braeburn,aspley,2024,vic,19710327.0,2510937,11600,helen,ebert,garratt street,braeburn,aspley,vic,1970-01-01,2024,2024_eb,608
samuel,voivodich,43.0,manton place,brentwood vlge,buddina,4218,nsw,19820724.0,2733496,40089,samuel,voivodich,manton place,brentwood vlge,buddina,nsw,1970-01-01,4218,4218_vo,639
matthew,green,19.0,,cotswold park,lake bathurst,3194,vic,19981225.0,4706388,57264,matthew,green,,cotswold park,lake bathurst,vic,1970-01-01,3194,3194_gr,2701
isabella,white,357.0,beasleys treet,short st (cnr firs tave) & albion park r,para hlls,3149,sa,19380127.0,1518649,77459,isabella,white,beasleys treet,short st cnr firs tave albion park r,para hlls,sa,1970-01-01,3149,3149_wh,1100
nathan,daehn,204.0,,homevea,adamstown,2617,vic,19110417.0,4227775,96835,nathan,daehn,,homevea,adamstown,vic,1970-01-01,2617,2617_da,2702
lachlan,etheribgton,92.0,westbury c ircuit,mallaxby,greenbushes,5045,nsw,19950411.0,1615398,47745,lachlan,etheribgton,westbury c ircuit,mallaxby,greenbushes,nsw,1970-01-01,5045,5045_et,2703
jamse,warneke,56.0,namadgi circuit,carrangarra,dalgy,3000,nsw,19140410.0,5449129,86355,jamse,warneke,namadgi circuit,carrangarra,dalgy,nsw,1970-01-01,3000,3000_wa,503
lochlan,mlor,10.0,albermarleeuplace,ponderpsa,woori yallock,5355,qld,19780720.0,7679335,24288,lochlan,mlor,albermarleeuplace,ponderpsa,woori yallock,qld,1970-01-01,5355,5355_ml,2704
kyle,minarfs,23.0,beetaloo street,old post office,downer,9396,wa,19180430.0,9745200,76801,kyle,minarfs,beetaloo street,old post office,downer,wa,1970-01-01,9396,9396_mi,2705
jakib,clarke,47.0,leven street,lamington national,primbee,5062,vic,19970324.0,3239832,43969,jakib,clarke,leven street,lamington national,primbee,vic,1970-01-01,5062,5062_cl,2706
thomas,simmoncs,17.0,lyall crescent,,berrimah,3163,nsw,19590127.0,2772828,84553,thomas,simmoncs,lyall crescent,,berrimah,nsw,1970-01-01,3163,3163_si,617
charlotte,hyland,25.0,madsen place,leisure living vlge,clarinda,3108,qld,19340909.0,9354762,86200,charlotte,hyland,madsen place,leisure living vlge,clarinda,qld,1970-01-01,3108,3108_hy,48
daniel,nguyen,9.0,castleton crescent,south macroom,st johns park,5157,sa,19620518.0,8870477,20928,daniel,nguyen,castleton crescent,south macroom,st johns park,sa,1970-01-01,5157,5157_ng,1490
jett,colegate,55.0,hampto n circuit,gibraltar,st albans,6011,nsw,19021119.0,1742749,12383,jett,colegate,hampto n circuit,gibraltar,st albans,nsw,1970-01-01,6011,6011_co,1702
teaha,binns,62.0,castley circuit,warrambucca garden,rokeby,3816,nsw,19760420.0,1129369,52096,teaha,binns,castley circuit,warrambucca garden,rokeby,nsw,1970-01-01,3816,3816_bi,2310
stephnie,westbrok,13.0,badimara street,,labrador,2010,act,19520107.0,7788330,96688,stephnie,westbrok,badimara street,,labrador,act,1970-01-01,2010,2010_we,1812
jaiden,coleman,47.0,radcliffe street,fernbank,concord,4550,vic,19720423.0,6077956,78924,jaiden,coleman,radcliffe street,fernbank,concord,vic,1970-01-01,4550,4550_co,2707
hayden,covino,10.0,deamer crescent,glengariffe,north ryde,2750,qld,19541104.0,2494239,32011,hayden,covino,deamer crescent,glengariffe,north ryde,qld,1970-01-01,2750,2750_co,1665
luke,kennison,19.0,minchin place,,sale,4178,qld,19830606.0,6786988,87367,luke,kennison,minchin place,,sale,qld,1970-01-01,4178,4178_ke,2708
noah,weller,174.0,swanton street,morago,valentine,7305,nsw,19540118.0,7771880,86696,noah,weller,swanton street,morago,valentine,nsw,1970-01-01,7305,7305_we,442
matthew,green,3.0,larpent street,brentwood vlge,dianella,2101,vic,19410114.0,8051408,7543,matthew,green,larpent street,brentwood vlge,dianella,vic,1970-01-01,2101,2101_gr,2709
harley,shelley,27.0,gilmore crescent,elura homestead,bundaberg,2120,nsw,19860129.0,5695174,85421,harley,shelley,gilmore crescent,elura homestead,bundaberg,nsw,1970-01-01,2120,2120_sh,2710
felicity,pulford,25.0,federal highway,argyle,mayfield,4125,qld,19860610.0,2661643,46053,felicity,pulford,federal highway,argyle,mayfield,qld,1970-01-01,4125,4125_pu,394
jessica,anjewierden,6.0,duffy street,kianinny cabins,bongaree,2227,qld,19120208.0,7536704,77260,jessica,anjewierden,duffy street,kianinny cabins,bongaree,qld,1970-01-01,2227,2227_an,2711
coopcer,boyle,10.0,degraves crescent,,adaminaby,2232,nsw,19901020.0,5310288,20768,coopcer,boyle,degraves crescent,,adaminaby,nsw,1970-01-01,2232,2232_bo,848
xepheren,everett,90.0,packer street,yonda pines,bulinba,4207,sa,19750202.0,6641961,42704,xepheren,everett,packer street,yonda pines,bulinba,sa,1970-01-01,4207,4207_ev,2712
hayden,cochrane,193.0,boolee street,dunbar heights,kirrawee,2161,wa,19750824.0,8180536,53757,hayden,cochrane,boolee street,dunbar heights,kirrawee,wa,1970-01-01,2161,2161_co,2713
fikipov,imoegn,82.0,freda bennett circuit,,mount dolah,3162,nsw,19780527.0,8125445,69596,fikipov,imoegn,freda bennett circuit,,mount dolah,nsw,1970-01-01,3162,3162_im,2714
renee,mccarthy,6.0,buckmaster crescent,dallyn,monto,2615,,19130601.0,7298657,86087,renee,mccarthy,buckmaster crescent,dallyn,monto,,1970-01-01,2615,2615_mc,2715
neve,thandi,232.0,mcmaster street,brinjarry,belmont north,3134,qld,19901230.0,7760403,98110,neve,thandi,mcmaster street,brinjarry,belmont north,qld,1970-01-01,3134,3134_th,1826
,auch-schwelk,199.0,beaucham p tstreet,mindaree,camira,6021,qld,19830702.0,4902391,4132,,auch schwelk,beaucham p tstreet,mindaree,camira,qld,1970-01-01,6021,6021_au,357
,domarecki,3.0,kenyon circuit,wimdaliri,lilli pilli,2905,nsw,19840424.0,2095670,86874,,domarecki,kenyon circuit,wimdaliri,lilli pilli,nsw,1970-01-01,2905,2905_do,2716
dixon,breony,39.0,downard smtreet,,kellyville,4224,vic,19351022.0,7462490,3439,dixon,breony,downard smtreet,,kellyville,vic,1970-01-01,4224,4224_br,2717
ellen,dixon,69.0,litchfield place,killara lodge,mill park,4053,wa,19281110.0,9305219,69051,ellen,dixon,litchfield place,killara lodge,mill park,wa,1970-01-01,4053,4053_di,437
rosie,rundle,50.0,sturt avenue,tal onmane,bundaebrg,2263,nt,19751109.0,9082692,89403,rosie,rundle,sturt avenue,tal onmane,bundaebrg,nt,1970-01-01,2263,2263_ru,92
madelyn,egan,2.0,bourchier close,brentwood vlge,carrum,5155,qld,19540426.0,6879986,45746,madelyn,egan,bourchier close,brentwood vlge,carrum,qld,1970-01-01,5155,5155_eg,1327
amelia,kochiwama,44.0,antares crescent,telopea park,benowa,7017,nsw,19000626.0,2398260,95474,amelia,kochiwama,antares crescent,telopea park,benowa,nsw,1970-01-01,7017,7017_ko,751
megan,purdin,8.0,lyndon street,hawkesbury natural health acupuncture ce,minchinbury,2225,vic,19641218.0,1801047,99465,megan,purdin,lyndon street,hawkesbury natural health acupuncture ce,minchinbury,vic,1970-01-01,2225,2225_pu,2718
george,artis,49.0,macfarland crescent,tulla brura,springfield,4019,vic,19810320.0,5959224,92723,george,artis,macfarland crescent,tulla brura,springfield,vic,1970-01-01,4019,4019_ar,1285
harley,mccarthy,48.0,kavel street,rawdon,grenfell,4740,qld,19720307.0,8973506,24647,harley,mccarthy,kavel street,rawdon,grenfell,qld,1970-01-01,4740,4740_mc,2719
natahn,challmenor,1.0,kinross farm,wellingtonnstreet,cronulla,5190,vic,19600213.0,2694239,89083,natahn,challmenor,kinross farm,wellingtonnstreet,cronulla,vic,1970-01-01,5190,5190_ch,2720
aiden,ryan,292.0,gundu lu place,honey patch,mosman,3076,wa,19360524.0,3804933,17801,aiden,ryan,gundu lu place,honey patch,mosman,wa,1970-01-01,3076,3076_ry,858
hannah,haeusler,7.0,canterbury crescent,the mall,cardiff,3049,nsw,19980607.0,5361287,69908,hannah,haeusler,canterbury crescent,the mall,cardiff,nsw,1970-01-01,3049,3049_ha,2721
connor,garnett,40.0,endeavour street,glengariffe,winston hills,3815,qld,19780304.0,8434605,39332,connor,garnett,endeavour street,glengariffe,winston hills,qld,1970-01-01,3815,3815_ga,2722
james,novak,27.0,gepp pboace,old post office,thornbury,3098,nsw,19030905.0,2945589,30527,james,novak,gepp pboace,old post office,thornbury,nsw,1970-01-01,3098,3098_no,2723
zac,maynard,142.0,clanville,spowersjcircuit,nambour,3500,vci,19041015.0,8703080,29235,zac,maynard,clanville,spowersjcircuit,nambour,vci,1970-01-01,3500,3500_ma,2724
madeline,clarke,7.0,lambrigg street,bribie retirement,broadmeadows,2198,sa,19110724.0,9892254,14932,madeline,clarke,lambrigg street,bribie retirement,broadmeadows,sa,1970-01-01,2198,2198_cl,2725
bailee,bevsi,26.0,fitzsimmons street,sovereign court,rochester,2620,vic,19070106.0,1266796,74061,bailee,bevsi,fitzsimmons street,sovereign court,rochester,vic,1970-01-01,2620,2620_be,438
benjamin,loew,96.0,macleay s treet,,wanneroo,2530,vic,19261198.0,5606231,81552,benjamin,loew,macleay s treet,,wanneroo,vic,1970-01-01,2530,2530_lo,2337
james,white,63.0,brownless street,whispering pines,campbelltown,3130,nsw,19530706.0,9910431,34825,james,white,brownless street,whispering pines,campbelltown,nsw,1970-01-01,3130,3130_wh,2726
lowe,harley,3.0,fox place,cooeepalms,gerogery,4790,nt,19140723.0,1515266,38877,lowe,harley,fox place,cooeepalms,gerogery,nt,1970-01-01,4790,4790_ha,2727
jaiden,feeney,15.0,coode street,dugout 65,blackall,3040,nsw,19370722.0,5632197,16761,jaiden,feeney,coode street,dugout 65,blackall,nsw,1970-01-01,3040,3040_fe,2728
george,artis,49.0,macfarland crescent,tulla burra,springfield,4019,vic,19810320.0,5959224,24973,george,artis,macfarland crescent,tulla burra,springfield,vic,1970-01-01,4019,4019_ar,1285
nikita,zheng,11.0,jalanga crescent,miami,alfred cove,2140,nsw,19611024.0,1484902,615,nikita,zheng,jalanga crescent,miami,alfred cove,nsw,1970-01-01,2140,2140_zh,2729
isabelle,broohkouse,105.0,kavel street,c/-the student village,riverwood,6010,wa,19200905.0,9060410,57639,isabelle,broohkouse,kavel street,c the student village,riverwood,wa,1970-01-01,6010,6010_br,1286
kadin,millar,20.0,prout place,rich meadows,aspley,4815,wa,,3783878,84814,kadin,millar,prout place,rich meadows,aspley,wa,,4815,4815_mi,2730
shandril,bristoxw,171.0,william webb drive,locn 10045,emu plains,4868,viv,,7819868,54838,shandril,bristoxw,william webb drive,locn 10045,emu plains,viv,,4868,4868_br,2731
logan,green,7.0,marlockstreet,kersley mews,kaniva,6233,nsw,19440514.0,2837625,18235,logan,green,marlockstreet,kersley mews,kaniva,nsw,1970-01-01,6233,6233_gr,219
anton,dukic,18.0,forsyth place,copely,unanderra,5076,nsw,19800615.0,3307289,80858,anton,dukic,forsyth place,copely,unanderra,nsw,1970-01-01,5076,5076_du,2732
dillon,stubbs,40.0,murphy street,the swamp,salisbury east,7300,sa,19851018.0,8097114,38054,dillon,stubbs,murphy street,the swamp,salisbury east,sa,1970-01-01,7300,7300_st,2733
emiily,vodden,41.0,clement place,arcadia,st johsn park,2170,nsw,19811218.0,9588930,92785,emiily,vodden,clement place,arcadia,st johsn park,nsw,1970-01-01,2170,2170_vo,147
patrick,vincent,21.0,outtrim avenue,glendower,willetton,3984,nsw,19510921.0,7971982,16680,patrick,vincent,outtrim avenue,glendower,willetton,nsw,1970-01-01,3984,3984_vi,2734
hanna,white,47.0,waratah sjtreet,,greensborough,3066,vic,19240312.0,9879908,21765,hanna,white,waratah sjtreet,,greensborough,vic,1970-01-01,3066,3066_wh,1867
erin,donaldson,13.0,hawkesbury crescent,aralee,lewiston,7018,,19810427.0,2955815,34037,erin,donaldson,hawkesbury crescent,aralee,lewiston,,1970-01-01,7018,7018_do,2018
hannah,auch-schwelk,199.0,beauchamp street,old post office,camira,6022,qld,19830702.0,4902391,6653,hannah,auch schwelk,beauchamp street,old post office,camira,qld,1970-01-01,6022,6022_au,2735
emiily,zimmermann,38.0,redfern s treet,blue mountaih lagoon,riverwood,3350,nsw,19621028.0,5099383,15372,emiily,zimmermann,redfern s treet,blue mountaih lagoon,riverwood,nsw,1970-01-01,3350,3350_zi,2736
,campuepll,19.0,lode place,eden park,rowville,3043,sa,19570115.0,4301812,84817,,campuepll,lode place,eden park,rowville,sa,1970-01-01,3043,3043_ca,2737
samantha,brinsmead,103.0,bokhara circuit,jumble springs,mentone,2282,nsw,19150124.0,7251837,44170,samantha,brinsmead,bokhara circuit,jumble springs,mentone,nsw,1970-01-01,2282,2282_br,2738
charlie,goode,7.0,tauss place,grandview,mitcham,2575,vic,19761213.0,6548135,31225,charlie,goode,tauss place,grandview,mitcham,vic,1970-01-01,2575,2575_go,57
,weller,24.0,copland drive,,birminghamgardens,4350,wa,19270516.0,6281502,55823,,weller,copland drive,,birminghamgardens,wa,1970-01-01,4350,4350_we,2739
arabella,meadows,13.0,bridge place,lyndonl odge,malvern east,2794,wa,19840422.0,1641632,49902,arabella,meadows,bridge place,lyndonl odge,malvern east,wa,1970-01-01,2794,2794_me,2740
adriauna,beadle,19.0,wakelin circuit,,werrington,4607,vic,19740613.0,1644235,34452,adriauna,beadle,wakelin circuit,,werrington,vic,1970-01-01,4607,4607_be,2741
katelyn,colegate,55.0,fiveash street,retirement village,londonderry,2195,nsw,19280828.0,4406021,89551,katelyn,colegate,fiveash street,retirement village,londonderry,nsw,1970-01-01,2195,2195_co,2558
stephanie,whitae,7.0,tambo street,dunfield park,eight mile plains,3751,nsw,19460625.0,9261342,34348,stephanie,whitae,tambo street,dunfield park,eight mile plains,nsw,1970-01-01,3751,3751_wh,627
jack,shepherd,226.0,callister crescent,paradise lake resort,lindfield,5037,nsw,19930210.0,1346125,57857,jack,shepherd,callister crescent,paradise lake resort,lindfield,nsw,1970-01-01,5037,5037_sh,2742
melanie,bouras,74.0,inwood place,gorge creek orchards,hoppers crossing,2203,nsw,19971016.0,9221934,6228,melanie,bouras,inwood place,gorge creek orchards,hoppers crossing,nsw,1970-01-01,2203,2203_bo,762
todz,jolly,5.0,burkit tstreet,melma,ermington,4226,wa,19360831.0,8156002,15683,todz,jolly,burkit tstreet,melma,ermington,wa,1970-01-01,4226,4226_jo,1571
mitchell,chanter,1.0,learmonht drive,,benowa,3150,qld,19220713.0,7191519,70949,mitchell,chanter,learmonht drive,,benowa,qld,1970-01-01,3150,3150_ch,2153
mia,elwan,19.0,macgregor street,rosedale,belmont,4703,vic,19990330.0,9541559,34544,mia,elwan,macgregor street,rosedale,belmont,vic,1970-01-01,4703,4703_el,341
meg,mcgregor,51.0,pickering street,willandra,glenelg south,2043,tas,19300304.0,1559422,15905,meg,mcgregor,pickering street,willandra,glenelg south,tas,1970-01-01,2043,2043_mc,2743
teaha,binns,26.0,castleyzcircuit,warrambucca garden,rokeyb,3816,nsw,19760420.0,1129369,18077,teaha,binns,castleyzcircuit,warrambucca garden,rokeyb,nsw,1970-01-01,3816,3816_bi,2310
,eglinton,24.0,curriecrescent,woorinyan,riverwood,3749,qld,19180205.0,1909717,6563,,eglinton,curriecrescent,woorinyan,riverwood,qld,1970-01-01,3749,3749_eg,2744
bailey,tebbutt,42.0,beasley street,bendarra,lemon tree passage,3233,nsw,19680108.0,5276246,94445,bailey,tebbutt,beasley street,bendarra,lemon tree passage,nsw,1970-01-01,3233,3233_te,2745
ruby,hingston,143.0,cuzens place,the bria rpatch,roserud,6104,vic,19700614.0,6760266,49231,ruby,hingston,cuzens place,the bria rpatch,roserud,vic,1970-01-01,6104,6104_hi,2746
amber,pamplin,58.0,andrea place,milton,seven hills,5045,wa,19370407.0,1824555,41386,amber,pamplin,andrea place,milton,seven hills,wa,1970-01-01,5045,5045_pa,2747
emiily,vodden,41.0,clement place,,st johns park,2170,nsw,19811218.0,9588930,36850,emiily,vodden,clement place,,st johns park,nsw,1970-01-01,2170,2170_vo,147
robin,morrison,14.0,markham street,balmain cove,broadmeadows,6169,vic,19250124.0,8539119,87666,robin,morrison,markham street,balmain cove,broadmeadows,vic,1970-01-01,6169,6169_mo,590
marley,hentze,94.0,tardent street,loma langie,seaton,2759,nsw,19510221.0,9837981,81453,marley,hentze,tardent street,loma langie,seaton,nsw,1970-01-01,2759,2759_he,1184
angus,rosa,62.0,gormanston crescent,mlc centre,kirwan,3350,sa,19250817.0,2655081,69770,angus,rosa,gormanston crescent,mlc centre,kirwan,sa,1970-01-01,3350,3350_ro,556
finn,clarke,330.0,murranjis treet,the mount,primbee,4101,qld,19031121.0,5509189,43029,finn,clarke,murranjis treet,the mount,primbee,qld,1970-01-01,4101,4101_cl,1718
charlie,block,10.0,mulga street,dalkeith cottage,toorak,7190,sa,19790821.0,2643187,34989,charlie,block,mulga street,dalkeith cottage,toorak,sa,1970-01-01,7190,7190_bl,2748
jasmy,,198.0,alfred hill drive,glanworth station,,3496,vic,19440409.0,4444319,72138,jasmy,,alfred hill drive,glanworth station,,vic,1970-01-01,3496,3496_,2749
campbell,bosslwy,176.0,caley crescent,glen ayre,frankston,4880,nsw,19640224.0,8497904,23516,campbell,bosslwy,caley crescent,glen ayre,frankston,nsw,1970-01-01,4880,4880_bo,2750
liam,whiteway,,cotton street,tubbarubba,park orcaards,3123,vic,19610704.0,5163016,21589,liam,whiteway,cotton street,tubbarubba,park orcaards,vic,1970-01-01,3123,3123_wh,2751
jade,arkit,,carlile street,tralee c ottage,kempsey,2170,tas,19380522.0,7466463,80325,jade,arkit,carlile street,tralee c ottage,kempsey,tas,1970-01-01,2170,2170_ar,2752
sophie,pascoe,160.0,blackman crescent,lamington national,pacific paradise,3284,sa,19941127.0,9967942,26683,sophie,pascoe,blackman crescent,lamington national,pacific paradise,sa,1970-01-01,3284,3284_pa,2429
thomas,miles,18.0,caley crescent,villa 2,sunsjhine,4703,sa,19620721.0,8287970,93891,thomas,miles,caley crescent,villa 2,sunsjhine,sa,1970-01-01,4703,4703_mi,2113
lauren,paine,23.0,mcvey pnlace,yambira,mallacoota,2463,wa,19440502.0,4517134,38026,lauren,paine,mcvey pnlace,yambira,mallacoota,wa,1970-01-01,2463,2463_pa,526
amelia,blake,1.0,halfrey circuit,mt pleasant,shoalhaven heads,6162,sa,19880506.0,4642758,64150,amelia,blake,halfrey circuit,mt pleasant,shoalhaven heads,sa,1970-01-01,6162,6162_bl,679
caleb,grigs,108.0,dookie sxtreet,pmb 63,berala,2456,vic,19700102.0,9579474,98567,caleb,grigs,dookie sxtreet,pmb 63,berala,vic,1970-01-01,2456,2456_gr,2753
elana,collier,11.0,glynn street,ston ehnge,eden,2617,vic,19100919.0,4514118,53442,elana,collier,glynn street,ston ehnge,eden,vic,1970-01-01,2617,2617_co,2754
braiden,ewald,7.0,kambah exchange street,petriwil,yangebup,2135,vic,19631104.0,9333629,29756,braiden,ewald,kambah exchange street,petriwil,yangebup,vic,1970-01-01,2135,2135_ew,366
brinley,white,21.0,boobialla street,,carlingford,2830,qld,19241214.0,2042443,7624,brinley,white,boobialla street,,carlingford,qld,1970-01-01,2830,2830_wh,1864
mikaela,white,4.0,anzac park,villa 5,blair athol,4557,vid,19811017.0,4853274,96377,mikaela,white,anzac park,villa 5,blair athol,vid,1970-01-01,4557,4557_wh,792
matthew,donaldson,14.0,manity court,pacific terraces,charmhaven,3101,vic,19940825.0,9817986,23207,matthew,donaldson,manity court,pacific terraces,charmhaven,vic,1970-01-01,3101,3101_do,1657
bailee,leitis,58.0,maddock place,jing ara,nowra,4171,qld,19950112.0,4080299,87198,bailee,leitis,maddock place,jing ara,nowra,qld,1970-01-01,4171,4171_le,2755
leon,haar,24.0,inwood lace,brindabella specialist centre,newcastle,4011,vic,19930327.0,5674799,23609,leon,haar,inwood lace,brindabella specialist centre,newcastle,vic,1970-01-01,4011,4011_ha,2756
bianca,shepherd,22.0,newdegate street,burbong cottage,fairyshill,2069,qld,19060315.0,3375779,27923,bianca,shepherd,newdegate street,burbong cottage,fairyshill,qld,1970-01-01,2069,2069_sh,1114
jarrod,clarke,18.0,guthridge crescent,lyra park,moana,3011,qld,19000830.0,3612563,40210,jarrod,clarke,guthridge crescent,lyra park,moana,qld,1970-01-01,3011,3011_cl,397
beckwith,tess,13.0,musgravestreet,dale view,caloundta west,2905,wa,19350624.0,3602593,5600,beckwith,tess,musgravestreet,dale view,caloundta west,wa,1970-01-01,2905,2905_te,2757
henry,jouravlev,23.0,belconnen way,townview,kingsford,6069,vic,19010319.0,9348986,74297,henry,jouravlev,belconnen way,townview,kingsford,vic,1970-01-01,6069,6069_jo,2758
,pacey,22.0,officer crescent,ken hunter lodge,carlingford,6105,wa,19991009.0,1859104,17654,,pacey,officer crescent,ken hunter lodge,carlingford,wa,1970-01-01,6105,6105_pa,2759
shakirah,evans-zijlstra,1.0,ashkanasy crescent,townview,robina,2340,vic,19510905.0,4746855,1559,shakirah,evans zijlstra,ashkanasy crescent,townview,robina,vic,1970-01-01,2340,2340_ev,73
chelsea,meadows,24.0,duffy street,,shenton park,3162,vic,19861126.0,6251773,44185,chelsea,meadows,duffy street,,shenton park,vic,1970-01-01,3162,3162_me,2760
kayla,humphreys,3.0,carbeen street,,dianella,2033,qld,19250422.0,6049427,15819,kayla,humphreys,carbeen street,,dianella,qld,1970-01-01,2033,2033_hu,2761
olivia,blackwell,21.0,barton highway,rowethorpe,broken hill,2229,qld,19641223.0,9582758,38576,olivia,blackwell,barton highway,rowethorpe,broken hill,qld,1970-01-01,2229,2229_bl,1646
hamish,ryan,33.0,bonney tsreet,,adamstown,2242,nsw,19161128.0,8439607,79647,hamish,ryan,bonney tsreet,,adamstown,nsw,1970-01-01,2242,2242_ry,2762
luka,rees,364.0,solly place,wyoming park,strathbogie,2327,vic,19000103.0,8588392,27892,luka,rees,solly place,wyoming park,strathbogie,vic,1970-01-01,2327,2327_re,2763
chelsea,quilliam,,,,rosewhite,2756,nsw,19531012.0,9096288,12559,chelsea,quilliam,,,rosewhite,nsw,1970-01-01,2756,2756_qu,2764
oscar,boyes,13.0,mcgivern crescent,nullabean,yarrawonga,2145,nsw,19040415.0,2511448,60888,oscar,boyes,mcgivern crescent,nullabean,yarrawonga,nsw,1970-01-01,2145,2145_bo,2765
holly,afford,16.0,investigator street,amaroo hostel,carnegie,3162,qld,19640331.0,3689671,83662,holly,afford,investigator street,amaroo hostel,carnegie,qld,1970-01-01,3162,3162_af,2766
emiily,bullock,251.0,ivo whitton circuit,kacadoo,blackburn north,3746,nsw,19470901.0,2457694,83625,emiily,bullock,ivo whitton circuit,kacadoo,blackburn north,nsw,1970-01-01,3746,3746_bu,739
andrew,herbert,20.0,yeo close,st vincents medical centre,oakey,3840,qld,19510816.0,6165385,52180,andrew,herbert,yeo close,st vincents medical centre,oakey,qld,1970-01-01,3840,3840_he,2767
madison,gpreen,3.0,larpent street,brentw ood vlge,dianwlla,2101,vic,19410114.0,8051408,36811,madison,gpreen,larpent street,brentw ood vlge,dianwlla,vic,1970-01-01,2101,2101_gp,2768
tahni,,2.0,eaglemont retreat,hopetoun quays,scarborough,5045,qld,19390818.0,2970882,54394,tahni,,eaglemont retreat,hopetoun quays,scarborough,qld,1970-01-01,5045,5045_,2769
olivet,goodeve,218.0,brigalow street,tourist park,riversgone,4018,vic,19860113.0,7051652,90341,olivet,goodeve,brigalow street,tourist park,riversgone,vic,1970-01-01,4018,4018_go,1658
victoria,pulford,7.0,summerville crescent,,blackrock,2319,vic,19240707.0,6151307,21077,victoria,pulford,summerville crescent,,blackrock,vic,1970-01-01,2319,2319_pu,2770
bryce,mason,212.0,tank street,burrawong park,penrith,4305,nsw,19260419.0,4300873,91080,bryce,mason,tank street,burrawong park,penrith,nsw,1970-01-01,4305,4305_ma,2771
alexanrda,clarke,184.0,yakpatoon,sadlier street,frankston,2756,qld,19190129.0,3045502,83013,alexanrda,clarke,yakpatoon,sadlier street,frankston,qld,1970-01-01,2756,2756_cl,2772
breeanne,dibben,6.0,collicott circuit,berkley lodge,blacktown,2317,nsw,19241203.0,6261894,78874,breeanne,dibben,collicott circuit,berkley lodge,blacktown,nsw,1970-01-01,2317,2317_di,823
nathas,morriosn,59.0,peppin place,,eaglehawk,6172,qld,,5567390,26475,nathas,morriosn,peppin place,,eaglehawk,qld,,6172,6172_mo,2773
isabella,clarke,59.0,gillespiqe street,flr 5 john flyn medical centre,mount victoria,2147,act,19950110.0,4409764,20306,isabella,clarke,gillespiqe street,flr 5 john flyn medical centre,mount victoria,act,1970-01-01,2147,2147_cl,772
jack,mcgjrk,33.0,,,frenchs forest,3462,nsw,19940814.0,7084883,1754,jack,mcgjrk,,,frenchs forest,nsw,1970-01-01,3462,3462_mc,2774
jade,jolly,10.0,jinka street,redlands,avondale heights,4510,nsw,19310801.0,8055203,68408,jade,jolly,jinka street,redlands,avondale heights,nsw,1970-01-01,4510,4510_jo,1879
oliver,sal t,25.0,mcmillan c rescent,halls of residence monash university,coffs harbour,7301,qld,19311218.0,7369494,11373,oliver,sal t,mcmillan c rescent,halls of residence monash university,coffs harbour,qld,1970-01-01,7301,7301_sa,2210
mikayla,clarke,4.0,richardson circuit,windy gully,campbell town,3184,vic,19970326.0,3619696,26178,mikayla,clarke,richardson circuit,windy gully,campbell town,vic,1970-01-01,3184,3184_cl,2775
max,white,47.0,bendigo street,mater professional centre,samford,3674,nsw,19940426.0,7687209,72392,max,white,bendigo street,mater professional centre,samford,nsw,1970-01-01,3674,3674_wh,2776
george,blma,15.0,mcdonald street,burnside,mount eliza,6567,vic,19730806.0,3873535,19364,george,blma,mcdonald street,burnside,mount eliza,vic,1970-01-01,6567,6567_bl,725
timothy,broadby,1.0,marengo place,lewin lodge,leonardshill,2707,qld,19670530.0,3863457,98572,timothy,broadby,marengo place,lewin lodge,leonardshill,qld,1970-01-01,2707,2707_br,2777
nathan,reid,49.0,coobina place,violet creek,mcdowall,7004,qld,19960510.0,5697632,11410,nathan,reid,coobina place,violet creek,mcdowall,qld,1970-01-01,7004,7004_re,2778
arabella,stubbs,64.0,ringrose crescent,the aprk,st huberts island,5007,wa,19261116.0,7685033,54082,arabella,stubbs,ringrose crescent,the aprk,st huberts island,wa,1970-01-01,5007,5007_st,1480
xavier,willing,72.0,blackbutt street,upa cottages,raceview,2506,nsw,19060211.0,4023184,65651,xavier,willing,blackbutt street,upa cottages,raceview,nsw,1970-01-01,2506,2506_wi,1613
samara,willing,,,coolinda,concotd,3765,nsw,19270204.0,1045315,56262,samara,willing,,coolinda,concotd,nsw,1970-01-01,3765,3765_wi,114
charlotte,mccracken,5.0,,flr 5 john flynn medical centre,bligh park,4814,nsw,19570529.0,6092940,31094,charlotte,mccracken,,flr 5 john flynn medical centre,bligh park,nsw,1970-01-01,4814,4814_mc,2779
lachln,tebbutt,457.0,jim pike avenue,bendarra,lemon tree passage,3233,nsw,19680108.0,5276246,55393,lachln,tebbutt,jim pike avenue,bendarra,lemon tree passage,nsw,1970-01-01,3233,3233_te,1035
,abeywickrama,16.0,strzelecki rcescent,,armidale,2299,qld,19130224.0,6845689,31880,,abeywickrama,strzelecki rcescent,,armidale,qld,1970-01-01,2299,2299_ab,2780
emiily,white,6.0,cheeseman place,site lakes caravan park,midland,5023,nsw,19500222.0,6098042,46307,emiily,white,cheeseman place,site lakes caravan park,midland,nsw,1970-01-01,5023,5023_wh,2781
sophie,pascoe,160.0,blackman crescent,lamington n ational,pacific aradise,3284,sa,19941127.0,9967942,40757,sophie,pascoe,blackman crescent,lamington n ational,pacific aradise,sa,1970-01-01,3284,3284_pa,2429
wli,vincent,2.0,slessor crescent,tulliallan,mount isa,2076,nsw,19570306.0,7747820,79422,wli,vincent,slessor crescent,tulliallan,mount isa,nsw,1970-01-01,2076,2076_vi,1150
charlotte,glass,3.0,sculptor street,green farm mates,hahndorf,2581,qld,19510713.0,3792276,72172,charlotte,glass,sculptor street,green farm mates,hahndorf,qld,1970-01-01,2581,2581_gl,873
timothy,broadby,1.0,marengo place,lewin lodge,urabgan,2770,qld,19670530.0,3863457,57288,timothy,broadby,marengo place,lewin lodge,urabgan,qld,1970-01-01,2770,2770_br,2047
lucy,bela,1619.0,myall street,cohuna estate,ryde,4163,vic,19090524.0,6448886,78259,lucy,bela,myall street,cohuna estate,ryde,vic,1970-01-01,4163,4163_be,2782
kelsey,nguyen,11.0,champion place,rosebrook,boronia heights,2036,nsw,19130601.0,8154269,10412,kelsey,nguyen,champion place,rosebrook,boronia heights,nsw,1970-01-01,2036,2036_ng,1732
timothy,britten,11.0,clarkson street,wyoming park,ulladulla,7320,wa,19680222.0,7761320,14714,timothy,britten,clarkson street,wyoming park,ulladulla,wa,1970-01-01,7320,7320_br,1676
kirimovs,joshuaa,19.0,slessor crescent,anglican guest village,christie downs,5041,vic,19320714.0,6007331,97436,kirimovs,joshuaa,slessor crescent,anglican guest village,christie downs,vic,1970-01-01,5041,5041_jo,1584
rebecca,gripton,47.0,,australia fair medical west centre,balwyn north,6030,wa,19420626.0,2546284,78977,rebecca,gripton,,australia fair medical west centre,balwyn north,wa,1970-01-01,6030,6030_gr,2783
thorpe,sayra,644.0,wongasquare,monkman street,canley heights,5025,vic,19580420.0,6699959,650,thorpe,sayra,wongasquare,monkman street,canley heights,vic,1970-01-01,5025,5025_sa,2784
adele,walls,1.0,abercrombie circuit,congreave court,beverly hills,3219,qld,19041026.0,4207496,42821,adele,walls,abercrombie circuit,congreave court,beverly hills,qld,1970-01-01,3219,3219_wa,2785
ryan,indiana,103.0,brimage place,dudley specialistt medical centre,kangaroo flat,3193,nsw,19770224.0,8553719,26978,ryan,indiana,brimage place,dudley specialistt medical centre,kangaroo flat,nsw,1970-01-01,3193,3193_in,2786
sean,matthews,19.0,,marandyvale,bunbury,5051,sa,19520805.0,2832579,62616,sean,matthews,,marandyvale,bunbury,sa,1970-01-01,5051,5051_ma,2787
sara,stanley,15.0,quinlivan crescent,pacific ranch,joondanna,2119,sa,19220615.0,1551636,19911,sara,stanley,quinlivan crescent,pacific ranch,joondanna,sa,1970-01-01,2119,2119_st,2788
katelyn,thurlow,10.0,mccawley street,bell place (cnr bell r road,seddon west,2452,vic,,7598676,41451,katelyn,thurlow,mccawley street,bell place cnr bell r road,seddon west,vic,,2452,2452_th,2789
jackson,cherini,5.0,dennis street,belmont bayview park,marburg,4507,qld,19680225.0,5300756,66560,jackson,cherini,dennis street,belmont bayview park,marburg,qld,1970-01-01,4507,4507_ch,2790
ruby,goryan,2.0,keartland street,nedlyn,scarborough,3023,wa,19351205.0,7204516,29417,ruby,goryan,keartland street,nedlyn,scarborough,wa,1970-01-01,3023,3023_go,2791
haryley,mccarthy,177.0,pridhamp street,miltoh,marsden,3165,nsw,19080419.0,6089216,7605,haryley,mccarthy,pridhamp street,miltoh,marsden,nsw,1970-01-01,3165,3165_mc,1
freya,warnock,5.0,,locn 3s39,st clair,6185,nsw,19120525.0,7654842,69126,freya,warnock,,locn 3s39,st clair,nsw,1970-01-01,6185,6185_wa,2792
emiily,skeen,280.0,belconnen way,locatln 6656,templars,2133,sa,19390814.0,4133934,69675,emiily,skeen,belconnen way,locatln 6656,templars,sa,1970-01-01,2133,2133_sk,538
berryman,phoebe,25.0,badimaraqstreet,garden est,toronto,3146,qld,19241130.0,3676248,34296,berryman,phoebe,badimaraqstreet,garden est,toronto,qld,1970-01-01,3146,3146_ph,2793
rachyel,byers,17.0,hilder street,berowra,palmefrston,4740,nsw,19550530.0,6410415,89940,rachyel,byers,hilder street,berowra,palmefrston,nsw,1970-01-01,4740,4740_by,1136
kobe,geore,19.0,tenison-woos circuit,cliff huose 2,frankstwon,3028,qld,19960914.0,8823656,90777,kobe,geore,tenison woos circuit,cliff huose 2,frankstwon,qld,1970-01-01,3028,3028_ge,2130
isabella,shandley,57.0,fincham crrscent,wilga,thebarton,2642,nsw,19520602.0,2401777,58034,isabella,shandley,fincham crrscent,wilga,thebarton,nsw,1970-01-01,2642,2642_sh,2278
courtney,bellchambers,8.0,brigalow street,glendas,arundel,3041,vic,19001227.0,1025076,16770,courtney,bellchambers,brigalow street,glendas,arundel,vic,1970-01-01,3041,3041_be,2794
matthew,greeb,3.0,larpent street,brentwopd vlge,dianella,2101,vic,19410114.0,8051408,24892,matthew,greeb,larpent street,brentwopd vlge,dianella,vic,1970-01-01,2101,2101_gr,2709
nicole,carbone,46.0,schlich nstreet,simpson army barracks,toowoomba,3000,wa,19030926.0,8190756,88597,nicole,carbone,schlich nstreet,simpson army barracks,toowoomba,wa,1970-01-01,3000,3000_ca,939
blakde,green,10.0,bate place,janglen,poochera,2134,vic,19160406.0,4587041,2397,blakde,green,bate place,janglen,poochera,vic,1970-01-01,2134,2134_gr,2795
jared,gajda,112.0,letters street,,coombabah,2792,nsw,19560718.0,2380185,968,jared,gajda,letters street,,coombabah,nsw,1970-01-01,2792,2792_ga,2796
imogen,braithwaite,15.0,rosman circuit,langlw igh,nhill,7273,qld,19080131.0,9913172,34812,imogen,braithwaite,rosman circuit,langlw igh,nhill,qld,1970-01-01,7273,7273_br,2797
sachin,garcia,25.0,tanderra crescent,villa 2,geraldton,2705,sa,19320919.0,2886997,1666,sachin,garcia,tanderra crescent,villa 2,geraldton,sa,1970-01-01,2705,2705_ga,830
joshua,torzillo,92.0,maclaurin crescent,glubbaan,hawtcorn,2148,nws,,1090709,70072,joshua,torzillo,maclaurin crescent,glubbaan,hawtcorn,nws,,2148,2148_to,2798
travis,stulbs,42.0,scardon treet,st john of go hospital,calen,2156,nsw,19010228.0,5893718,65241,travis,stulbs,scardon treet,st john of go hospital,calen,nsw,1970-01-01,2156,2156_st,1103
leonl,haar,24.0,inwood lace,brindabella speci alist centre,newcastle,4019,vic,19930327.0,5674799,38381,leonl,haar,inwood lace,brindabella speci alist centre,newcastle,vic,1970-01-01,4019,4019_ha,2086
rebecca,trenerry,323.0,ashburner street,little glencoe,roxburgh park,2000,wa,19050103.0,2980023,52632,rebecca,trenerry,ashburner street,little glencoe,roxburgh park,wa,1970-01-01,2000,2000_tr,432
amelis,sturck,29.0,winser c rescent,pangani,coffs harbour,2255,vic,19640311.0,7848066,46091,amelis,sturck,winser c rescent,pangani,coffs harbour,vic,1970-01-01,2255,2255_st,2799
jacob,satterley,45.0,mclachlan crescent,pyramid cara park,long beach,2042,vic,19570212.0,3993788,49065,jacob,satterley,mclachlan crescent,pyramid cara park,long beach,vic,1970-01-01,2042,2042_sa,2800
george,artis,49.0,corona place,tullanubrra,springfield,4109,vic,19810320.0,5959224,14606,george,artis,corona place,tullanubrra,springfield,vic,1970-01-01,4109,4109_ar,2801
bayley,campbell,27.0,rushbrook circuit,wilga,port leliot,2487,nsw,19790307.0,8338862,58315,bayley,campbell,rushbrook circuit,wilga,port leliot,nsw,1970-01-01,2487,2487_ca,2802
nicholas,polmear,6.0,wynn street,bowen palms caravan park,coffs harbour,5017,nsw,19070819.0,3163069,18195,nicholas,polmear,wynn street,bowen palms caravan park,coffs harbour,nsw,1970-01-01,5017,5017_po,2803
emma,louca,1.0,morton street,pinecroft,berwick,3377,vic,19590308.0,4142406,87289,emma,louca,morton street,pinecroft,berwick,vic,1970-01-01,3377,3377_lo,2804
,bouras,74.0,inwood place,gorge creek orchards,hoppers crossing,2203,nsw,19971016.0,9221934,23263,,bouras,inwood place,gorge creek orchards,hoppers crossing,nsw,1970-01-01,2203,2203_bo,2805
matthew,clarke,7.0,illawarra court,carisbrook,south perth,4670,vic,19340701.0,9975239,95979,matthew,clarke,illawarra court,carisbrook,south perth,vic,1970-01-01,4670,4670_cl,2806
elizabeth,stephenson,56.0,hallen close,warra,kununurra,4127,nsw,19121119.0,4481240,6807,elizabeth,stephenson,hallen close,warra,kununurra,nsw,1970-01-01,4127,4127_st,575
aimee,trzcinski,117.0,jacobs street,,frankston,2198,nsw,19280418.0,8941279,47643,aimee,trzcinski,jacobs street,,frankston,nsw,1970-01-01,2198,2198_tr,349
michaela,deese,16.0,leason close,craigie lea garden,charlestown,2537,nsw,19360507.0,6307936,4803,michaela,deese,leason close,craigie lea garden,charlestown,nsw,1970-01-01,2537,2537_de,1460
charlie,goode,7.0,tauss place,grandview,mitcham,2557,vic,19761213.0,6548135,7867,charlie,goode,tauss place,grandview,mitcham,vic,1970-01-01,2557,2557_go,642
fraser,tadege,1.0,mcinness treet,roweth orpe,scarborough,2870,nsw,19001013.0,3817644,20649,fraser,tadege,mcinness treet,roweth orpe,scarborough,nsw,1970-01-01,2870,2870_ta,128
ashleigh,whiteway,,cotton street,tubbarubba,park orchards,3123,vic,19610704.0,5163016,22662,ashleigh,whiteway,cotton street,tubbarubba,park orchards,vic,1970-01-01,3123,3123_wh,1231
xavier,matosn,10.0,,rank in park,kellyville,3039,vic,19620202.0,6169819,95412,xavier,matosn,,rank in park,kellyville,vic,1970-01-01,3039,3039_ma,2807
anna,eisner,28.0,creswell street,giants creek vinyard,seven hills,6155,qld,19661231.0,9314098,75924,anna,eisner,creswell street,giants creek vinyard,seven hills,qld,1970-01-01,6155,6155_ei,2808
ambre,blackwell,25.0,thomson street,,salibsury,3188,nsw,19160211.0,5701396,46769,ambre,blackwell,thomson street,,salibsury,nsw,1970-01-01,3188,3188_bl,72
ashley,carboqne,13.0,louis loder street,john flynn medical centre,blacktown,2423,vic,19260703.0,4111996,586,ashley,carboqne,louis loder street,john flynn medical centre,blacktown,vic,1970-01-01,2423,2423_ca,2809
george,blavd,15.0,mcdonald street,burncide,mount wliza,6567,sa,19730806.0,3873535,63782,george,blavd,mcdonald street,burncide,mount wliza,sa,1970-01-01,6567,6567_bl,725
abbey,campbell,81.0,adair street,arcadia,wantirna,6051,sa,19211108.0,1327917,38854,abbey,campbell,adair street,arcadia,wantirna,sa,1970-01-01,6051,6051_ca,1708
michael,wucyatsch,66.0,meehan garden,medical ecntre,dianella,4700,wa,19190110.0,1613604,35015,michael,wucyatsch,meehan garden,medical ecntre,dianella,wa,1970-01-01,4700,4700_wu,2810
michaela,,27.0,markell place,nunnook,frenchs ofrest,6782,qld,19250608.0,1947368,58093,michaela,,markell place,nunnook,frenchs ofrest,qld,1970-01-01,6782,6782_,169
magnus,boyle,11.0,bindiri place,naringal orchard,raceview,2036,qld,19540417.0,1684612,9140,magnus,boyle,bindiri place,naringal orchard,raceview,qld,1970-01-01,2036,2036_bo,1902
hamish,ryan,5.0,bonney street,,adamstown,2224,nsw,19161128.0,8439607,60656,hamish,ryan,bonney street,,adamstown,nsw,1970-01-01,2224,2224_ry,2811
emiily,beams,23.0,kingscote crescent,cromdale,warrane,6163,nsw,19481014.0,5500494,80740,emiily,beams,kingscote crescent,cromdale,warrane,nsw,1970-01-01,6163,6163_be,2207
benjamin,etherington,92.0,westbury circuit,mallaby,apple tree creek,5045,nsw,19950411.0,1615398,87860,benjamin,etherington,westbury circuit,mallaby,apple tree creek,nsw,1970-01-01,5045,5045_et,2812
sarah,mccarhty,142.0,bunurung close,villa 1/4,hope valley,2124,nsw,19420905.0,8365314,5197,sarah,mccarhty,bunurung close,villa 1 4,hope valley,nsw,1970-01-01,2124,2124_mc,2813
kirra,riddell,23.0,rene street,medical centre,burpengary,2774,qld,19140824.0,2031372,52265,kirra,riddell,rene street,medical centre,burpengary,qld,1970-01-01,2774,2774_ri,2814
zachary,clarie,16.0,,st john of god hospital,camiar,2120,qld,19300102.0,3102291,45676,zachary,clarie,,st john of god hospital,camiar,qld,1970-01-01,2120,2120_cl,2815
lily,les,14.0,learmonth drive,glenview,patterson lakes,2031,tas,19181114.0,2396732,31479,lily,les,learmonth drive,glenview,patterson lakes,tas,1970-01-01,2031,2031_le,1251
alexandra,howie,18.0,clancy street,terranora,goodwood,3033,act,19551111.0,4104594,19801,alexandra,howie,clancy street,terranora,goodwood,act,1970-01-01,3033,3033_ho,1445
xavier,david,10.0,mcluckie crescent,glenbare,murdoch,3143,sa,19320323.0,8644609,33088,xavier,david,mcluckie crescent,glenbare,murdoch,sa,1970-01-01,3143,3143_da,467
chalres,trevorvrow,,duggan street,inishmore,whitebridge,5473,vic,19721022.0,5211167,43615,chalres,trevorvrow,duggan street,inishmore,whitebridge,vic,1970-01-01,5473,5473_tr,2816
natalia,marceta,57.0,halford cescent,kamilaroi dottage,,6072,wa,19820807.0,8788410,70244,natalia,marceta,halford cescent,kamilaroi dottage,,wa,1970-01-01,6072,6072_ma,2817
brownfe,jack,23.0,hartleystreet,macdonald downs stathoon old homestead,surry hills,3055,qld,19530825.0,8223201,18225,brownfe,jack,hartleystreet,macdonald downs stathoon old homestead,surry hills,qld,1970-01-01,3055,3055_ja,2818
nicolas,fogg,48.0,wilshire street,safari lodge,lemongrove,2011,wa,19901127.0,3325932,71845,nicolas,fogg,wilshire street,safari lodge,lemongrove,wa,1970-01-01,2011,2011_fo,251
ametlia,gilberston,67.0,boswellcrescent,,morwell,4074,nsw,19111011.0,9304242,84188,ametlia,gilberston,boswellcrescent,,morwell,nsw,1970-01-01,4074,4074_gi,2819
harley,switalski,2.0,duhig place,rose hall,thornlie,3064,nsw,19270929.0,8619979,241,harley,switalski,duhig place,rose hall,thornlie,nsw,1970-01-01,3064,3064_sw,2820
imogen,braithwatie,15.0,rosman circuit,,nhill,7173,qld,19080131.0,9913172,50337,imogen,braithwatie,rosman circuit,,nhill,qld,1970-01-01,7173,7173_br,973
jacob,hassall,33.0,carlile street,torbanlea,yabba north,3623,nsw,19790619.0,6010042,46298,jacob,hassall,carlile street,torbanlea,yabba north,nsw,1970-01-01,3623,3623_ha,1182
faiht,rya,5.0,alston street,myliton,lake cathie,4461,wa,19620419.0,2349088,87781,faiht,rya,alston street,myliton,lake cathie,wa,1970-01-01,4461,4461_ry,2821
james,campbell,1181.0,jaeger circuit,hamden place,beechb oro,3943,qld,19991103.0,2846606,61659,james,campbell,jaeger circuit,hamden place,beechb oro,qld,1970-01-01,3943,3943_ca,2340
georgia,cookson,27.0,turner place,kapeka,salisbury east,3840,qld,19530305.0,2134191,27676,georgia,cookson,turner place,kapeka,salisbury east,qld,1970-01-01,3840,3840_co,2822
nguyen,sophie,26.0,,,mount colah,2505,nsw,19701117.0,2122377,57675,nguyen,sophie,,,mount colah,nsw,1970-01-01,2505,2505_so,2823
adam,coulson,108.0,bertel crescent,gwandalan,wanneroo,2298,sa,19580414.0,8721381,97287,adam,coulson,bertel crescent,gwandalan,wanneroo,sa,1970-01-01,2298,2298_co,2824
dillon,dixon,12.0,jane price crescent,lakes retirement estate,broadbeach waters,2480,qld,19901128.0,4907452,18666,dillon,dixon,jane price crescent,lakes retirement estate,broadbeach waters,qld,1970-01-01,2480,2480_di,2825
mikaela,parr,40.0,ijong street,,brookdale,3043,nsw,19111221.0,6060304,91754,mikaela,parr,ijong street,,brookdale,nsw,1970-01-01,3043,3043_pa,2826
harry,lowry,23.0,captain cook crescent,nunkeri (cnr linburn r road,deniliquin,4552,nsw,19891220.0,9931239,6885,harry,lowry,captain cook crescent,nunkeri cnr linburn r road,deniliquin,nsw,1970-01-01,4552,4552_lo,2320
stephanie,rollins,22.0,bullumbir street,oakdale,worongary,2355,nsw,19000908.0,1229055,16082,stephanie,rollins,bullumbir street,oakdale,worongary,nsw,1970-01-01,2355,2355_ro,2827
ruby,jeffries,73.0,forbes sotreet,underwood,st albans,4155,nsw,19490705.0,2061933,45149,ruby,jeffries,forbes sotreet,underwood,st albans,nsw,1970-01-01,4155,4155_je,2828
bellchambers,matthew,7.0,illawarra court,carisbrook,southqperth,4670,vic,19340701.0,9975239,86313,bellchambers,matthew,illawarra court,carisbrook,southqperth,vic,1970-01-01,4670,4670_ma,2829
declen,,1.0,drosera place,quandialla,yarra junction,800,vic,19760613.0,2291123,80528,declen,,drosera place,quandialla,yarra junction,vic,1970-01-01,0800,0800_,2830
tabitha,mcgirr,8.0,longerenong street,berkeley vlge,barmera,4218,act,19221120.0,6798307,7476,tabitha,mcgirr,longerenong street,berkeley vlge,barmera,act,1970-01-01,4218,4218_mc,570
georgia,cookson,27.0,turne rplace,kapeka,salisbur y east,3840,qld,19530305.0,2131491,86081,georgia,cookson,turne rplace,kapeka,salisbur y east,qld,1970-01-01,3840,3840_co,2831
jessica,baillie,26.0,tarcolla retirement village,custance street,tweedgheads,4184,nsw,19281031.0,4053650,80054,jessica,baillie,tarcolla retirement village,custance street,tweedgheads,nsw,1970-01-01,4184,4184_ba,2832
ryman,samel,31.0,,allunga,brightwaters,3053,qld,19670118.0,5648286,30783,ryman,samel,,allunga,brightwaters,qld,1970-01-01,3053,3053_sa,2833
d'arcy,tchung,222.0,sinclair street,the boulevarde,rosslea,3950,vic,19340806.0,7171127,60176,d'arcy,tchung,sinclair street,the boulevarde,rosslea,vic,1970-01-01,3950,3950_tc,2834
sarah,white,48.0,sadlier street,berkeley village,,2263,vic,19310728.0,9902353,98273,sarah,white,sadlier street,berkeley village,,vic,1970-01-01,2263,2263_wh,1985
ryan,noble,12.0,ellerston avenue,railway cottage,mount eliza,4850,qld,19890124.0,2038708,61388,ryan,noble,ellerston avenue,railway cottage,mount eliza,qld,1970-01-01,4850,4850_no,2835
lachlan,hyland,16.0,colebatchplace,penqui te road,new lambton heights,4305,qld,19340129.0,6484656,99294,lachlan,hyland,colebatchplace,penqui te road,new lambton heights,qld,1970-01-01,4305,4305_hy,692
daniel,baynes,46.0,alsop ldose,snug beach cvn park,longreach,2415,vic,19760501.0,3975116,73454,daniel,baynes,alsop ldose,snug beach cvn park,longreach,vic,1970-01-01,2415,2415_ba,2836
edward,locyk,57.0,,northbourne,auvurn,4030,nsw,19071214.0,1552547,51235,edward,locyk,,northbourne,auvurn,nsw,1970-01-01,4030,4030_lo,2837
lachlan,,59.0,liverpool street,,moorooka,3756,qld,19120804.0,6023659,23154,lachlan,,liverpool street,,moorooka,qld,1970-01-01,3756,3756_,2838
reece,miels,75.0,woronora street,wandearah,leslie vale,3101,nsw,19410117.0,4643316,45224,reece,miels,woronora street,wandearah,leslie vale,nsw,1970-01-01,3101,3101_mi,2385
jackson,eglinton,840.0,fowles street,mountv iew,burleigh heads,2830,sa,19830807.0,2932837,89978,jackson,eglinton,fowles street,mountv iew,burleigh heads,sa,1970-01-01,2830,2830_eg,2408
molly,dudley,,yolla place,hamilton,cleveland,4006,wa,19710811.0,4887816,54404,molly,dudley,yolla place,hamilton,cleveland,wa,1970-01-01,4006,4006_du,2839
talissa,matoga,13.0,currong street,glen quoin,mirrabooka,6401,vic,19831230.0,5562808,70362,talissa,matoga,currong street,glen quoin,mirrabooka,vic,1970-01-01,6401,6401_ma,2840
ned,george,4.0,colborne place,rosdeale,marygorough,2226,wa,19290715.0,5389901,77391,ned,george,colborne place,rosdeale,marygorough,wa,1970-01-01,2226,2226_ge,2841
samuel,webb,16.0,tourist c aravn park,balala dplace,osborne park,5032,vic,19401203.0,9777818,52468,samuel,webb,tourist c aravn park,balala dplace,osborne park,vic,1970-01-01,5032,5032_we,2842
,morrion,42.0,parnell place,,davistown,2580,nsw,19620915.0,6017868,41950,,morrion,parnell place,,davistown,nsw,1970-01-01,2580,2580_mo,2843
jack,,2.0,eaglemont retreat,hopetoun quays,scarborough,5045,qld,19390818.0,2970882,39933,jack,,eaglemont retreat,hopetoun quays,scarborough,qld,1970-01-01,5045,5045_,2844
jake,madigan,50.0,,panagni,port pirie,2360,nsw,19110414.0,5751461,14124,jake,madigan,,panagni,port pirie,nsw,1970-01-01,2360,2360_ma,2845
noah,sounness,18.0,leist street,moondani,seaforth,832,qld,19900129.0,6693616,58402,noah,sounness,leist street,moondani,seaforth,qld,1970-01-01,0832,0832_so,2846
amelia,kochiwama,44.0,antares rcescent,telope a park,benwpa,7017,nsw,19000626.0,2398260,33856,amelia,kochiwama,antares rcescent,telope a park,benwpa,nsw,1970-01-01,7017,7017_ko,751
tina,stubbs,417.0,barwell place,,cromer heights,3869,nsw,19030715.0,1274999,11938,tina,stubbs,barwell place,,cromer heights,nsw,1970-01-01,3869,3869_st,1686
madeleine,bibb,22.0,henty srteet,walea,nambour,4500,tas,19970902.0,9875423,74529,madeleine,bibb,henty srteet,walea,nambour,tas,1970-01-01,4500,4500_bi,1963
toby,garran,8.0,mcguiness place,the tips,miami,3125,qld,19520817.0,8221456,44863,toby,garran,mcguiness place,the tips,miami,qld,1970-01-01,3125,3125_ga,254
sean,mattyews,19.0,,marandyvale,bunbury,5051,sa,19520805.0,2832579,29268,sean,mattyews,,marandyvale,bunbury,sa,1970-01-01,5051,5051_ma,2847
louise,breheny,13.0,hawker street,,woodcroft,2165,sa,19460104.0,3854020,22828,louise,breheny,hawker street,,woodcroft,sa,1970-01-01,2165,2165_br,2169
zachary,,14.0,teakle place,the bowery,yarram,2299,sa,19100817.0,4968103,36269,zachary,,teakle place,the bowery,yarram,sa,1970-01-01,2299,2299_,369
dayna,rocca,49.0,goodwin street,,sunshine beach,4070,qld,19290208.0,7904154,13156,dayna,rocca,goodwin street,,sunshine beach,qld,1970-01-01,4070,4070_ro,2848
carla,chraplewski,4.0,myall street,kyree,leichhardt,6726,vic,19311129.0,3589898,62695,carla,chraplewski,myall street,kyree,leichhardt,vic,1970-01-01,6726,6726_ch,2849
ryan,milburn,1041.0,rogers street,locn 1383,rostrevor,2065,wa,19760702.0,3069200,44668,ryan,milburn,rogers street,locn 1383,rostrevor,wa,1970-01-01,2065,2065_mi,2850
samantha,moskwa,28.0,phillip avenue,riverpark,bacchus marsh,2282,sa,19560206.0,8546803,61197,samantha,moskwa,phillip avenue,riverpark,bacchus marsh,sa,1970-01-01,2282,2282_mo,1513
vincent,tkachuk,333.0,dooland court,hobbit hole,tomakin,4350,tas,19750227.0,9224161,6548,vincent,tkachuk,dooland court,hobbit hole,tomakin,tas,1970-01-01,4350,4350_tk,2851
tynan,blacokw,15.0,annear place,niok,reholq,4034,nsw,19690520.0,8046280,50688,tynan,blacokw,annear place,niok,reholq,nsw,1970-01-01,4034,4034_bl,859
pulfrd,cassandra,7.0,summerville crescent,,black rock,2315,vic,,6151307,36026,pulfrd,cassandra,summerville crescent,,black rock,vic,,2315,2315_ca,2852
james,farnham,3.0,wanganeenavenue,marjidin,port broughton,2107,sa,19011012.0,3915581,46878,james,farnham,wanganeenavenue,marjidin,port broughton,sa,1970-01-01,2107,2107_fa,2853
taliah,crouch,104.0,dumas street,mermaid plaza dental centre (cnr gold co,dorrigo,7250,nsw,19700716.0,4462202,95588,taliah,crouch,dumas street,mermaid plaza dental centre cnr gold co,dorrigo,nsw,1970-01-01,7250,7250_cr,2854
ashlee,amson,57.0,kenned y srreet,brentwood vlge,bundamba,4067,tas,19071124.0,3004030,9505,ashlee,amson,kenned y srreet,brentwood vlge,bundamba,tas,1970-01-01,4067,4067_am,2855
kiana,furness,5.0,wittenoom crescent,,macquarie fields,2446,vic,19220320.0,5957142,57958,kiana,furness,wittenoom crescent,,macquarie fields,vic,1970-01-01,2446,2446_fu,2856
callum,whiye,19.0,morningsite,bock place,redbank plains,2137,vic,19470908.0,8508455,87502,callum,whiye,morningsite,bock place,redbank plains,vic,1970-01-01,2137,2137_wh,2857
joshua,linnell,2.0,lambrigg street,craigie lea garden,balwyn north,3185,qld,19260812.0,7096343,4205,joshua,linnell,lambrigg street,craigie lea garden,balwyn north,qld,1970-01-01,3185,3185_li,30
bailee,shepherd,35.0,rose scott circuit,gillin park,coonawarra,4650,vic,19241019.0,6633998,88696,bailee,shepherd,rose scott circuit,gillin park,coonawarra,vic,1970-01-01,4650,4650_sh,2858
jacob,white,11.0,hacke place,belgrade park,bayview heights,2229,vic,19590228.0,8872631,68670,jacob,white,hacke place,belgrade park,bayview heights,vic,1970-01-01,2229,2229_wh,860
jessica,mac kinder,15.0,wright place,,lavender bay,4727,vic,19561122.0,1762120,26636,jessica,mac kinder,wright place,,lavender bay,vic,1970-01-01,4727,4727_ma,2859
meagan,watkins-lyall,78.0,clancy street,,broken hill,4169,sa,19860817.0,5297907,45151,meagan,watkins lyall,clancy street,,broken hill,sa,1970-01-01,4169,4169_wa,2019
jordan,goled,6.0,sharwood crescent,sunforest therapy centre,belmont,2155,nsw,19941117.0,6842639,63611,jordan,goled,sharwood crescent,sunforest therapy centre,belmont,nsw,1970-01-01,2155,2155_go,2860
harriosn,white,1.0,kitchener street,greehnills,minchinbury,4109,wa,19260828.0,1069868,61214,harriosn,white,kitchener street,greehnills,minchinbury,wa,1970-01-01,4109,4109_wh,2861
emmerson,lock,5.0,burnie sreet,,thursday island,3147,vic,19211129.0,3901477,44197,emmerson,lock,burnie sreet,,thursday island,vic,1970-01-01,3147,3147_lo,82
emma,munyarryun,64.0,warner place,lot nq,dromana,5052,nsw,19580605.0,9443774,14046,emma,munyarryun,warner place,lot nq,dromana,nsw,1970-01-01,5052,5052_mu,1526
ethan,bartel,298.0,meyrick place,bingletree,tarragindi,3691,nsw,19901001.0,4525246,93380,ethan,bartel,meyrick place,bingletree,tarragindi,nsw,1970-01-01,3691,3691_ba,1486
zierhlz,louis,6.0,manifold place,beltrasna angus stud,barrack ehights,5250,vci,19661015.0,7022760,28553,zierhlz,louis,manifold place,beltrasna angus stud,barrack ehights,vci,1970-01-01,5250,5250_lo,2862
joshua,villiers,273.0,goyder street,loughmore,adelaide,2484,vic,19730628.0,9653869,51172,joshua,villiers,goyder street,loughmore,adelaide,vic,1970-01-01,2484,2484_vi,747
benjamin,white,1.0,kitchener street,greenhlls,minchihbury,4109,wa,19260828.0,1069868,38674,benjamin,white,kitchener street,greenhlls,minchihbury,wa,1970-01-01,4109,4109_wh,996
clarke,wi,51.0,severne crescent,hazelwood garden,coodanup,5070,sa,19400516.0,4621214,48753,clarke,wi,severne crescent,hazelwood garden,coodanup,sa,1970-01-01,5070,5070_wi,2863
william,panagaris,39.0,dryandra street,emmavale,teesdale,5554,vic,19240824.0,3853135,82055,william,panagaris,dryandra street,emmavale,teesdale,vic,1970-01-01,5554,5554_pa,1694
talia,oliveri,72.0,ankaa place,westleigh,mosman,3311,qld,19020831.0,8405432,15848,talia,oliveri,ankaa place,westleigh,mosman,qld,1970-01-01,3311,3311_ol,1473
jayme,paine,156.0,leita court,ripplevale,naremburn,3082,act,19000226.0,4364676,89951,jayme,paine,leita court,ripplevale,naremburn,act,1970-01-01,3082,3082_pa,2864
david,huddy,40.0,mina wylie crescent,,torquay,3211,qld,19840327.0,3069553,18617,david,huddy,mina wylie crescent,,torquay,qld,1970-01-01,3211,3211_hu,2865
lachlan,butt,,follett street,eldwick,corowa,4065,nsw,19220712.0,1863874,23708,lachlan,butt,follett street,eldwick,corowa,nsw,1970-01-01,4065,4065_bu,2866
toby,geraghty,49.0,la perouse street,,west lakes,2141,nsw,19450115.0,3871725,14111,toby,geraghty,la perouse street,,west lakes,nsw,1970-01-01,2141,2141_ge,2348
kelsy,charman,46.0,hobbs street,cornucopia,tomakin,4820,vic,19940729.0,1026581,12321,kelsy,charman,hobbs street,cornucopia,tomakin,vic,1970-01-01,4820,4820_ch,1848
izaac,pascoe,75.0,mugga way,camden,ryde,2602,nsw,19920603.0,7195214,89659,izaac,pascoe,mugga way,camden,ryde,nsw,1970-01-01,2602,2602_pa,2867
jamie,kranz,8.0,,rmbh 884,port macquarie,5085,vic,19921217.0,4602627,4185,jamie,kranz,,rmbh 884,port macquarie,vic,1970-01-01,5085,5085_kr,2868
jakob,clarke,47.0,leven street,lamington national,primbee,5062,vic,19610203.0,3239832,91599,jakob,clarke,leven street,lamington national,primbee,vic,1970-01-01,5062,5062_cl,2706
nathan,monaco,16.0,hollid place,villa 2,summer hill,4207,nsw,19251021.0,1784132,34305,nathan,monaco,hollid place,villa 2,summer hill,nsw,1970-01-01,4207,4207_mo,1366
jack,ban,17.0,throssell street,killarney,pymble,2570,qld,19530428.0,6593255,91866,jack,ban,throssell street,killarney,pymble,qld,1970-01-01,2570,2570_ba,1255
lachlan,hersey,26.0,southern c ross drive,tezales,frankston,2056,sa,19620521.0,8117786,8154,lachlan,hersey,southern c ross drive,tezales,frankston,sa,1970-01-01,2056,2056_he,2869
noah,weavell,20.0,bromell circuit,eveston park,new town,3934,tas,19980505.0,7187048,13009,noah,weavell,bromell circuit,eveston park,new town,tas,1970-01-01,3934,3934_we,2078
blake,bristow,12.0,archibald street,the willows,cleveland,1248,nsw,19540515.0,9773077,89838,blake,bristow,archibald street,the willows,cleveland,nsw,1970-01-01,1248,1248_br,2870
laura,ryna,3.0,trumble street,craigie-lea,orange,2289,,,4198979,28175,laura,ryna,trumble street,craigie lea,orange,,,2289,2289_ry,2871
benjamih,foottit,10.0,macrobertson street,bowan brae,nunawading,4814,vic,19350513.0,9447822,60398,benjamih,foottit,macrobertson street,bowan brae,nunawading,vic,1970-01-01,4814,4814_fo,1162
adriana,pinto,46.0,dryandra street,quandialla,brunswicu west,5417,qld,19450702.0,1729257,69186,adriana,pinto,dryandra street,quandialla,brunswicu west,qld,1970-01-01,5417,5417_pi,1091
alexanrda,rohleder,2.0,kurrama close,albion grove,kilmore,4218,sa,19260609.0,4210279,70342,alexanrda,rohleder,kurrama close,albion grove,kilmore,sa,1970-01-01,4218,4218_ro,405
fergus,eveston,17.0,gurr street,glenmore,mount eliza,3037,sa,19231011.0,2687740,61897,fergus,eveston,gurr street,glenmore,mount eliza,sa,1970-01-01,3037,3037_ev,2872
mitchell,mccombes,153.0,maranoa street,warrigunya,mount gravatt,4113,nsw,19650101.0,3844704,95694,mitchell,mccombes,maranoa street,warrigunya,mount gravatt,nsw,1970-01-01,4113,4113_mc,2873
lochlan,prinlge,10.0,albermarle place,ponderosa,woori yallock,5355,qld,19780720.0,7679335,98941,lochlan,prinlge,albermarle place,ponderosa,woori yallock,qld,1970-01-01,5355,5355_pr,2874
patick,dargaville,18.0,cerutty crescent,,s tlucia,3364,nsw,19770925.0,5982994,42539,patick,dargaville,cerutty crescent,,s tlucia,nsw,1970-01-01,3364,3364_da,2264
yasmin,white,9.0,hallen close,kings apmts,charlestown,2756,nsw,19260409.0,3971103,47220,yasmin,white,hallen close,kings apmts,charlestown,nsw,1970-01-01,2756,2756_wh,1346
hage,harriet,40.0,togo place,,,2300,nsw,19950203.0,1149839,13869,hage,harriet,togo place,,,nsw,1970-01-01,2300,2300_ha,918
woolger,isaac,9.0,ashburton circuit,kookaburra village,buniyp,5022,vic,19090613.0,6001508,63118,woolger,isaac,ashburton circuit,kookaburra village,buniyp,vic,1970-01-01,5022,5022_is,2314
anthony,coulson,2.0,clarkson street,cadogan,tin can bay,3094,vic,19380218.0,4284362,67494,anthony,coulson,clarkson street,cadogan,tin can bay,vic,1970-01-01,3094,3094_co,2281
charlotte,reid,14.0,moorhouse street,ainslie house,karratha,2023,nsw,19910501.0,1804936,71989,charlotte,reid,moorhouse street,ainslie house,karratha,nsw,1970-01-01,2023,2023_re,2875
silas,butter,1.0,burkitt street,tubrubucca,canley vale,2031,nsw,19431110.0,7275629,80771,silas,butter,burkitt street,tubrubucca,canley vale,nsw,1970-01-01,2031,2031_bu,2876
edgecombe,reuben,6.0,ashburton circuit,northavenue,old guildford,4213,vic,19920512.0,8642119,88193,edgecombe,reuben,ashburton circuit,northavenue,old guildford,vic,1970-01-01,4213,4213_re,2877
caleb,kennaway,41.0,challinor crescent,currandina,minmi,7310,nsw,19690622.0,9192540,64616,caleb,kennaway,challinor crescent,currandina,minmi,nsw,1970-01-01,7310,7310_ke,2878
georgia,gamaly,109.0,barrington crescent,rmbh 884,deniliquin,5710,qld,19450326.0,9289465,27266,georgia,gamaly,barrington crescent,rmbh 884,deniliquin,qld,1970-01-01,5710,5710_ga,2879
lynae,morrison,119.0,praed place,sunnyspot farm,figtree,5125,nsw,19900803.0,8349507,89031,lynae,morrison,praed place,sunnyspot farm,figtree,nsw,1970-01-01,5125,5125_mo,2880
,,18.0,disney vourt,ramano estate locn 1,labrador,2281,vic,19450301.0,2092869,67493,,,disney vourt,ramano estate locn 1,labrador,vic,1970-01-01,2281,2281_,2881
callum,dabinet,12.0,darebin place,brinjarry,nyah west,4567,sa,19690221.0,4951921,71687,callum,dabinet,darebin place,brinjarry,nyah west,sa,1970-01-01,4567,4567_da,2882
michael,tylkowski,276.0,ashburton circuit,the market place,st peters,2570,nsw,19290421.0,9384379,68225,michael,tylkowski,ashburton circuit,the market place,st peters,nsw,1970-01-01,2570,2570_ty,2015
lauren,paine,3.0,mcveyplace,yambira,helidon,2463,qld,19440502.0,4517134,85756,lauren,paine,mcveyplace,yambira,helidon,qld,1970-01-01,2463,2463_pa,526
ethan,pettingill,31.0,carruthers street,glenefer a rden,gosford esst,2031,nsw,19890131.0,4142808,34560,ethan,pettingill,carruthers street,glenefer a rden,gosford esst,nsw,1970-01-01,2031,2031_pe,2412
oscar,rees,48.0,cannan crescent,brentwo od vlge,cooma,5512,wa,19700718.0,2420340,68388,oscar,rees,cannan crescent,brentwo od vlge,cooma,wa,1970-01-01,5512,5512_re,2883
kaitlin,fitzpatrick,4.0,tenison-woodscircuit,navi llus,corrimal east,2909,vic,19790109.0,4932458,46119,kaitlin,fitzpatrick,tenison woodscircuit,navi llus,corrimal east,vic,1970-01-01,2909,2909_fi,2884
ella,carraill,9.0,costello circuit,old post office,darlington,2830,nsw,19110316.0,2401432,90981,ella,carraill,costello circuit,old post office,darlington,nsw,1970-01-01,2830,2830_ca,2885
tristan,hunting,22.0,jerrabombefra avenue,,toronto,4847,qld,19430818.0,3644846,56337,tristan,hunting,jerrabombefra avenue,,toronto,qld,1970-01-01,4847,4847_hu,2886
liam,sedgley,99.0,tinderry circuit,brentwood vlge,glen innes,6010,nsw,19270304.0,4782601,90253,liam,sedgley,tinderry circuit,brentwood vlge,glen innes,nsw,1970-01-01,6010,6010_se,2887
robbie,nelsen,32.0,ipima street,,sunshine,2355,vic,19360330.0,9706001,79817,robbie,nelsen,ipima street,,sunshine,vic,1970-01-01,2355,2355_ne,2888
trey,ballantyne,425.0,wynter place,belmore river,labertouche,4124,vic,19960209.0,3163579,6770,trey,ballantyne,wynter place,belmore river,labertouche,vic,1970-01-01,4124,4124_ba,937
jessica,smallacombe,34.0,eve place,ellersxlee,nunawading,5540,vic,19060713.0,6942191,57498,jessica,smallacombe,eve place,ellersxlee,nunawading,vic,1970-01-01,5540,5540_sm,535
tiana,stbubd,417.0,barwellplace,lochlee,cromer heights,3869,nsw,19030715.0,1274999,15054,tiana,stbubd,barwellplace,lochlee,cromer heights,nsw,1970-01-01,3869,3869_st,1686
timotht,broadby,1.0,mareng place,lewin lodge,,2770,qld,19670530.0,3863457,25089,timotht,broadby,mareng place,lewin lodge,,qld,1970-01-01,2770,2770_br,2047
dixon,dominic,40.0,candlebark close,elmwo od,orange,4178,act,19420409.0,4798978,8966,dixon,dominic,candlebark close,elmwo od,orange,act,1970-01-01,4178,4178_do,2889
sebastian,waller,1.0,chinner crescent,,dapto,3016,wa,19290524.0,2315376,58306,sebastian,waller,chinner crescent,,dapto,wa,1970-01-01,3016,3016_wa,2890
danny,campbell,95.0,totterdell street,moama,shellharbour,2209,vic,19951105.0,9554924,44709,danny,campbell,totterdell street,moama,shellharbour,vic,1970-01-01,2209,2209_ca,2891
james,van wijk,4.0,macqueen place,noelurma,picnic bay,3147,vic,19091004.0,4476788,32524,james,van wijk,macqueen place,noelurma,picnic bay,vic,1970-01-01,3147,3147_va,2892
danbel,kluske,4.0,hawkesbury crescent,trito n units,oakhurst,3175,nsw,19820727.0,7413438,25794,danbel,kluske,hawkesbury crescent,trito n units,oakhurst,nsw,1970-01-01,3175,3175_kl,276
whiteway,ashleigh,,cottonx treet,tubbargbba,park orchards,3123,vic,19610704.0,5163016,307,whiteway,ashleigh,cottonx treet,tubbargbba,park orchards,vic,1970-01-01,3123,3123_as,2893
patrick,fitzpatrick,4.0,tenison-woods circuit,navillus,corrimal east,2099,vic,19790109.0,4932458,26810,patrick,fitzpatrick,tenison woods circuit,navillus,corrimal east,vic,1970-01-01,2099,2099_fi,1121
coby,berry,27.0,heagney crescent,,cremorne,3078,vic,19260518.0,1390881,29684,coby,berry,heagney crescent,,cremorne,vic,1970-01-01,3078,3078_be,285
tayla,greecn,38.0,kambalda crescent,ambevrale,bonville,2905,vic,19310175.0,2230673,69342,tayla,greecn,kambalda crescent,ambevrale,bonville,vic,1970-01-01,2905,2905_gr,527
de la cruz,cambell,373.0,wirrawayc rescent,boxgrove,balaklava,2111,nsw,19870911.0,7676296,43720,de la cruz,cambell,wirrawayc rescent,boxgrove,balaklava,nsw,1970-01-01,2111,2111_ca,2894
,white,61.0,eppalock street,brentwood vlge,taigum,2644,nws,19351102.0,1021508,46692,,white,eppalock street,brentwood vlge,taigum,nws,1970-01-01,2644,2644_wh,2895
erin,humphreys,11.0,endeavour street,lake macquarie vlge,umina beach,4873,nsw,19670519.0,5094045,89441,erin,humphreys,endeavour street,lake macquarie vlge,umina beach,nsw,1970-01-01,4873,4873_hu,853
isabella,bradshaw,34.0,shenton crescent,heritage est,barwon heads,2261,vic,19610622.0,6315479,77757,isabella,bradshaw,shenton crescent,heritage est,barwon heads,vic,1970-01-01,2261,2261_br,2896
olivia,blackwell,21.0,barton highway,rowetohrpe,artarmon,2292,qld,19641223.0,9582858,48069,olivia,blackwell,barton highway,rowetohrpe,artarmon,qld,1970-01-01,2292,2292_bl,2897
william,bracci,13.0,hann street,upper flat,camp hill,2154,nsw,19470617.0,7315857,59959,william,bracci,hann street,upper flat,camp hill,nsw,1970-01-01,2154,2154_br,2069
mikayla,clarke,225.0,richardsoncircuit,windy gully,campbell town,3814,vic,19970326.0,3619696,51272,mikayla,clarke,richardsoncircuit,windy gully,campbell town,vic,1970-01-01,3814,3814_cl,2898
william,lazaroff,,leah y close,millwood,forbes,7256,qld,19780204.0,8072193,41888,william,lazaroff,leah y close,millwood,forbes,qld,1970-01-01,7256,7256_la,76
toby,bovill,5.0,tyson street,colbes,findon,2640,nsw,19530821.0,4624277,54268,toby,bovill,tyson street,colbes,findon,nsw,1970-01-01,2640,2640_bo,2899
blake,moody,,studley street,rosev ale,riverwood,4869,qld,,4137787,80343,blake,moody,studley street,rosev ale,riverwood,qld,,4869,4869_mo,2900
keelni,de wouytch,53.0,,kyeema,beaumaris,4506,wa,19100920.0,6785987,2610,keelni,de wouytch,,kyeema,beaumaris,wa,1970-01-01,4506,4506_de,2901
joel,ejlak,61.0,,brentwood vlge,taigum,2644,nsw,19351102.0,1021508,54311,joel,ejlak,,brentwood vlge,taigum,nsw,1970-01-01,2644,2644_ej,2902
kirra,truslove,,epacris place,sunnyview,kirribilli,4500,wa,19070603.0,7140227,4512,kirra,truslove,epacris place,sunnyview,kirribilli,wa,1970-01-01,4500,4500_tr,2903
aidan,blackwell,24.0,eddy crescent,crosshills,whiteqpatch,2121,vic,19980911.0,5406026,75906,aidan,blackwell,eddy crescent,crosshills,whiteqpatch,vic,1970-01-01,2121,2121_bl,1406
joshua,,585.0,bardolph street,garden est,killaar,2500,wa,19880210.0,2571059,47956,joshua,,bardolph street,garden est,killaar,wa,1970-01-01,2500,2500_,2904
lucas,campbell,19.0,dyett circuit,kooyong,wangaratta,2594,vic,19520124.0,3068374,68222,lucas,campbell,dyett circuit,kooyong,wangaratta,vic,1970-01-01,2594,2594_ca,1399
jaime,musolimo,324.0,elliottstreet,kildafra,bedfodrale,2081,qld,19631110.0,8789539,2374,jaime,musolimo,elliottstreet,kildafra,bedfodrale,qld,1970-01-01,2081,2081_mu,1472
connor,crossingham,10.0,goossens place,allanvale,rostrevor,4109,vic,19101121.0,7142384,21080,connor,crossingham,goossens place,allanvale,rostrevor,vic,1970-01-01,4109,4109_cr,2905
wiol,seng,36.0,jim pike avenue,wariaei,yenagrie,5504,qld,19510103.0,1604410,30180,wiol,seng,jim pike avenue,wariaei,yenagrie,qld,1970-01-01,5504,5504_se,2906
,rundle,5.0,beaumont close,tyrone hills,st ivzes,4020,vic,19640105.0,8384590,18884,,rundle,beaumont close,tyrone hills,st ivzes,vic,1970-01-01,4020,4020_ru,685
,morrison,,parnell place,,chishozm,2508,nsw,19620915.0,3101161,65356,,morrison,parnell place,,chishozm,nsw,1970-01-01,2508,2508_mo,2907
madison,,37.0,sanf ord place,white lodge,ringwood,5047,sa,19220609.0,7161189,80757,madison,,sanf ord place,white lodge,ringwood,sa,1970-01-01,5047,5047_,2908
jock,thorpe,37.0,cowdery place,the park,tighes hill,2452,vic,19050712.0,5798784,72885,jock,thorpe,cowdery place,the park,tighes hill,vic,1970-01-01,2452,2452_th,2909
matthew,curry,12.0,eyre street,cameroo,blackmans bay,2533,wa,19570510.0,6255654,23073,matthew,curry,eyre street,cameroo,blackmans bay,wa,1970-01-01,2533,2533_cu,2910
jackson,bowerman,14.0,maltby circuit,loravilla,bunbury,2260,wa,19940912.0,9147007,12828,jackson,bowerman,maltby circuit,loravilla,bunbury,wa,1970-01-01,2260,2260_bo,2911
vincent,ruby,68.0,buny close,lumeah co ttage,elizabeth vale,3830,sa,19871128.0,3231273,75252,vincent,ruby,buny close,lumeah co ttage,elizabeth vale,sa,1970-01-01,3830,3830_ru,2912
emiily,noisier,251.0,ivo whitton circuit,kacadoo,blackburn north,3746,nsw,19470901.0,2457694,85349,emiily,noisier,ivo whitton circuit,kacadoo,blackburn north,nsw,1970-01-01,3746,3746_no,2913
stephanie,westbrook,13.0,badimara street,,mount pleasant,2010,act,19520107.0,7788330,29988,stephanie,westbrook,badimara street,,mount pleasant,act,1970-01-01,2010,2010_we,1812
everett,xepheren,90.0,packer street,yonda iones,mill park,4375,sa,19750202.0,6641961,11246,everett,xepheren,packer street,yonda iones,mill park,sa,1970-01-01,4375,4375_xe,2914
michaeka,deese,16.0,leaso nclose,craigie mea garden,charlestown,2537,nsw,19360507.0,6307936,14071,michaeka,deese,leaso nclose,craigie mea garden,charlestown,nsw,1970-01-01,2537,2537_de,2915
spencer,green,24.0,yarra street,katalina forrest,taret,3829,act,19420313.0,8155837,8680,spencer,green,yarra street,katalina forrest,taret,act,1970-01-01,3829,3829_gr,2916
thomas,weidenhofer,3.0,woronora street,war veterans hme,clayfield,4068,qld,19241110.0,7010655,62931,thomas,weidenhofer,woronora street,war veterans hme,clayfield,qld,1970-01-01,4068,4068_we,2917
cooper,dandie,54.0,coates ylace,,pakenhsm,6210,vic,19490201.0,7002450,84419,cooper,dandie,coates ylace,,pakenhsm,vic,1970-01-01,6210,6210_da,988
tynan,abera,16.0,haines street,st john of god hospital,ballarat,2303,nsw,19370412.0,5824612,8593,tynan,abera,haines street,st john of god hospital,ballarat,nsw,1970-01-01,2303,2303_ab,1307
teaha,binns,26.0,castley circuit,warrambucac garden,rokeby,3816,nsw,19900612.0,1129369,77858,teaha,binns,castley circuit,warrambucac garden,rokeby,nsw,1970-01-01,3816,3816_bi,2310
erin,kyriacou,32.0,holmes crescent,ferncliff,horsly,2138,vic,19900510.0,5417288,99142,erin,kyriacou,holmes crescent,ferncliff,horsly,vic,1970-01-01,2138,2138_ky,1226
samantcha,doblinger,7.0,bangalay crescent,the hammond village,deer park,4380,nsw,19131222.0,1907245,10037,samantcha,doblinger,bangalay crescent,the hammond village,deer park,nsw,1970-01-01,4380,4380_do,1258
mikaela,parr,40.0,ijong sstreet,,brookadle,3043,nsw,19111231.0,6060340,42195,mikaela,parr,ijong sstreet,,brookadle,nsw,1970-01-01,3043,3043_pa,2918
ashlie,mason,3.0,sinclair street,young retirement village,flagstaff hill,3201,nsw,19540731.0,9955736,14814,ashlie,mason,sinclair street,young retirement village,flagstaff hill,nsw,1970-01-01,3201,3201_ma,2386
james,warneke,56.0,namadgi circuit,carrangarra,dalby,3000,nsw,19140410.0,5449129,28742,james,warneke,namadgi circuit,carrangarra,dalby,nsw,1970-01-01,3000,3000_wa,503
mitchell,creten,185.0,birrabilla,beattie crscent,moranbah,2525,nsw,19360703.0,2328993,54984,mitchell,creten,birrabilla,beattie crscent,moranbah,nsw,1970-01-01,2525,2525_cr,2919
kobe,george,19.0,tenison-woods circuit,cliff house 2,franiston,3208,qld,19960914.0,8823656,83287,kobe,george,tenison woods circuit,cliff house 2,franiston,qld,1970-01-01,3208,3208_ge,2920
thomas,miles,18.0,caley crescent,villa 2,sunshine,4703,sa,19620721.0,8287970,31940,thomas,miles,caley crescent,villa 2,sunshine,sa,1970-01-01,4703,4703_mi,2113
chloe,arneil,113.0,pullen street,blue hills,belmont,4883,nsw,19951224.0,4389592,83172,chloe,arneil,pullen street,blue hills,belmont,nsw,1970-01-01,4883,4883_ar,332
magnus,mazzone,22.0,ingham place,,,2285,nt,19650426.0,684075,69348,magnus,mazzone,ingham place,,,nt,1970-01-01,2285,2285_ma,1157
cooper,coxno,8.0,downard street,homewod,laanecoorie,3182,sa,19070923.0,5430172,83074,cooper,coxno,downard street,homewod,laanecoorie,sa,1970-01-01,3182,3182_co,2921
sarah,mccarthy,142.0,bunurung close,villa 1/4,hope valley,2214,nsw,19420905.0,8365314,82069,sarah,mccarthy,bunurung close,villa 1 4,hope valley,nsw,1970-01-01,2214,2214_mc,2922
beau,chandler,10.0,fox place,,burwood,4810,tas,19180422.0,4212098,65066,beau,chandler,fox place,,burwood,tas,1970-01-01,4810,4810_ch,1299
mithcell,richmond,38.0,fidge stfeet,wentworbh house,blair athol,6148,nsw,19110605.0,6035967,36831,mithcell,richmond,fidge stfeet,wentworbh house,blair athol,nsw,1970-01-01,6148,6148_ri,2923
alexandra,kiss,15.0,shellshear place,yambria,mclarne vale,2209,wa,19600804.0,4154968,17530,alexandra,kiss,shellshear place,yambria,mclarne vale,wa,1970-01-01,2209,2209_ki,2924
samantha,limbert,4.0,coghlan street,mari-ma farm,clareville beach,5169,vic,19731222.0,1231067,8755,samantha,limbert,coghlan street,mari ma farm,clareville beach,vic,1970-01-01,5169,5169_li,2925
sam,shrowder,21.0,aspinall street,crestwood,eden,4133,vic,19981214.0,9514150,4996,sam,shrowder,aspinall street,crestwood,eden,vic,1970-01-01,4133,4133_sh,2926
caleb,white,29.0,couchman crescent,yarawee,rosebud,3796,nsw,19110318.0,3447449,77742,caleb,white,couchman crescent,yarawee,rosebud,nsw,1970-01-01,3796,3796_wh,2927
harryk,peachey,45.0,george street,wirreanda vlge,huonbrook,3194,sa,19760829.0,7814989,77841,harryk,peachey,george street,wirreanda vlge,huonbrook,sa,1970-01-01,3194,3194_pe,478
george,hope,76.0,kitchener street,g i brahman stud,nanneella,6530,vic,19760629.0,9882299,29157,george,hope,kitchener street,g i brahman stud,nanneella,vic,1970-01-01,6530,6530_ho,2050
cameron,cordingley,12.0,waite street,summ erh ill,colc,5238,nsw,19700430.0,5765191,3650,cameron,cordingley,waite street,summ erh ill,colc,nsw,1970-01-01,5238,5238_co,2928
melknda,sandman,468.0,nona place,st francis village,east hills,4065,tas,19540128.0,9843714,42472,melknda,sandman,nona place,st francis village,east hills,tas,1970-01-01,4065,4065_sa,486
domenique,paterson,15.0,lubuma place,merewether public school,greensborough,3138,qld,19161017.0,4975843,79644,domenique,paterson,lubuma place,merewether public school,greensborough,qld,1970-01-01,3138,3138_pa,892
jesse,rowan-kelly,453.0,wentworth avenue,,terrey hills,3134,tas,19620917.0,6056474,88172,jesse,rowan kelly,wentworth avenue,,terrey hills,tas,1970-01-01,3134,3134_ro,2929
joshua,barritt,1009.0,westgarth street,,noble park,4208,nsw,19400216.0,3882503,70121,joshua,barritt,westgarth street,,noble park,nsw,1970-01-01,4208,4208_ba,2930
jasmine,alderson,287.0,casuarina street,,wonthella,3610,nsw,19680723.0,7864178,79672,jasmine,alderson,casuarina street,,wonthella,nsw,1970-01-01,3610,3610_al,1404
carly,benger,1.0,gellibrand street,,carnegie,4011,nsw,19710126.0,5651019,23087,carly,benger,gellibrand street,,carnegie,nsw,1970-01-01,4011,4011_be,124
madison,stubbis,36.0,kingsmil lstreet,lambar,cantrbury,2260,wa,19340903.0,9667086,52967,madison,stubbis,kingsmil lstreet,lambar,cantrbury,wa,1970-01-01,2260,2260_st,2931
amelia,strck,29.0,winser crescent,pangani,coffs harbour,2250,,19640131.0,7848066,96905,amelia,strck,winser crescent,pangani,coffs harbour,,1970-01-01,2250,2250_st,613
jack,mcgurk,33.0,marrawah street,,condelljpark,3462,nsw,19940814.0,7084883,37516,jack,mcgurk,marrawah street,,condelljpark,nsw,1970-01-01,3462,3462_mc,599
sophe,cureton,164.0,burraminga,drevermann zstreet,toronto,3149,qld,19920126.0,9218356,18272,sophe,cureton,burraminga,drevermann zstreet,toronto,qld,1970-01-01,3149,3149_cu,443
ben,shepherd,42.0,ironbark crescent,vinder lodge,bicton,5133,qld,19960926.0,2698707,37701,ben,shepherd,ironbark crescent,vinder lodge,bicton,qld,1970-01-01,5133,5133_sh,780
flynn,weller,23.0,allunfa,woollum street,surreyxhills,2870,qld,19700106.0,9438862,22216,flynn,weller,allunfa,woollum street,surreyxhills,qld,1970-01-01,2870,2870_we,2932
nemesia,clarke,2.0,derrington crescent,hd curramulka,beechboro,2262,nsw,19870509.0,9760949,68662,nemesia,clarke,derrington crescent,hd curramulka,beechboro,nsw,1970-01-01,2262,2262_cl,2933
damien,salt,15.0,haystack crescent,springdale,joondalup,2029,qld,19120623.0,6804524,70611,damien,salt,haystack crescent,springdale,joondalup,qld,1970-01-01,2029,2029_sa,2934
,leslie,5.0,edmondson street,baringa cottage,gorokan,3023,nsw,19460413.0,4197267,62611,,leslie,edmondson street,baringa cottage,gorokan,nsw,1970-01-01,3023,3023_le,1250
crouch,ella,3.0,wybalenaxgrove,tieve tsra,urangan,3072,wa,19271130.0,3031169,32683,crouch,ella,wybalenaxgrove,tieve tsra,urangan,wa,1970-01-01,3072,3072_el,2935
lachlan,bishop,24.0,bateman street,,nowra,4575,wa,19830928.0,9795093,28640,lachlan,bishop,bateman street,,nowra,wa,1970-01-01,4575,4575_bi,2936
tynan,abera,16.0,haines street,st john of go d hospital,ballarat,2033,nsw,19370412.0,5821612,29415,tynan,abera,haines street,st john of go d hospital,ballarat,nsw,1970-01-01,2033,2033_ab,2937
emiily,beams,1.0,tarrabool street,fronda,andergrove,2075,qld,19011124.0,6512231,89090,emiily,beams,tarrabool street,fronda,andergrove,qld,1970-01-01,2075,2075_be,1340
michaela,deese,16.0,craigie lae garden,leasonclose,charlestown,2537,nsw,19360507.0,6307936,68089,michaela,deese,craigie lae garden,leasonclose,charlestown,nsw,1970-01-01,2537,2537_de,2938
john,humphreys,3.0,gangele street,eastwood cottage,woy woy,4700,vic,19890520.0,6017011,37414,john,humphreys,gangele street,eastwood cottage,woy woy,vic,1970-01-01,4700,4700_hu,2939
spencer,royans,24.0,yarra street,katalina forrest,taree,3820,act,19420313.0,8155837,77427,spencer,royans,yarra street,katalina forrest,taree,act,1970-01-01,3820,3820_ro,2940
chloe,arniel,113.0,pullen street,blue h ills,belmont,4838,nsw,,4389592,77078,chloe,arniel,pullen street,blue h ills,belmont,nsw,,4838,4838_ar,2941
braiden,goldsworthy,12.0,frencham place,willat rny,tumbarumba,2161,nsw,19501119.0,7570745,92462,braiden,goldsworthy,frencham place,willat rny,tumbarumba,nsw,1970-01-01,2161,2161_go,2942
mcgirr,tabitha,19.0,longerenong street,,barmera,4218,act,19221120.0,6798307,1683,mcgirr,tabitha,longerenong street,,barmera,act,1970-01-01,4218,4218_ta,2943
eliza,luchko,7.0,kallara close,,woolgoolga,4213,nsw,19410915.0,9271844,66373,eliza,luchko,kallara close,,woolgoolga,nsw,1970-01-01,4213,4213_lu,1143
nicholas,george,22.0,dooland court,sh b11,marshall,3074,vic,,6266757,78200,nicholas,george,dooland court,sh b11,marshall,vic,,3074,3074_ge,2944
madeleine,pengryffyn,43.0,tuross close,colooli village,,5107,nsw,19290406.0,4242245,33338,madeleine,pengryffyn,tuross close,colooli village,,nsw,1970-01-01,5107,5107_pe,2945
caleb,lund,,dookie street,yarrabei,harristown,3218,nsw,19340220.0,4922004,39157,caleb,lund,dookie street,yarrabei,harristown,nsw,1970-01-01,3218,3218_lu,2946
wilson,pinto,11.0,boustead circuit,jewells medical centre,granville,3161,qld,19971229.0,8930019,55118,wilson,pinto,boustead circuit,jewells medical centre,granville,qld,1970-01-01,3161,3161_pi,16
bradley,korbut,25.0,werriwacrescent,the old panrsonage,calisga,4205,wa,,7572011,14554,bradley,korbut,werriwacrescent,the old panrsonage,calisga,wa,,4205,4205_ko,2947
brooke,nguyen,98.0,,choeb,yarraville,2107,wa,19960816.0,9574103,51574,brooke,nguyen,,choeb,yarraville,wa,1970-01-01,2107,2107_ng,2948
sophie,dietrich,4.0,gatton street,seaforth vlge,deer park,3073,qld,19120317.0,3447444,20621,sophie,dietrich,gatton street,seaforth vlge,deer park,qld,1970-01-01,3073,3073_di,2949
angus,ryan,53.0,herron crescent,sherwood,hawthorn,3106,nsw,19950626.0,1575088,404,angus,ryan,herron crescent,sherwood,hawthorn,nsw,1970-01-01,3106,3106_ry,516
patrick,dargaville,18.0,cerutty crescent,rosedale,st lucia,3364,nsw,19770925.0,5982994,89029,patrick,dargaville,cerutty crescent,rosedale,st lucia,nsw,1970-01-01,3364,3364_da,2264
blake,moody,,studley street,rose vale,riverwood,4869,qld,,4137787,90773,blake,moody,studley street,rose vale,riverwood,qld,,4869,4869_mo,2950
xepheren,everett,90.0,packerstreet,yonda p ines,bulimba,4370,sa,19750202.0,6641961,43906,xepheren,everett,packerstreet,yonda p ines,bulimba,sa,1970-01-01,4370,4370_ev,2951
katelyn,colegate,5.0,fiveash street,retirement village,londonderry,2195,nsw,19280828.0,4406021,12648,katelyn,colegate,fiveash street,retirement village,londonderry,nsw,1970-01-01,2195,2195_co,2558
david,goldswprthy,8.0,palmer street,,caulfield north,2200,vic,19650226.0,3383985,5829,david,goldswprthy,palmer street,,caulfield north,vic,1970-01-01,2200,2200_go,2168
rebekah,modystach,34.0,taussw place,pyramid cara park,iluka,2216,nsw,19341113.0,8796023,76715,rebekah,modystach,taussw place,pyramid cara park,iluka,nsw,1970-01-01,2216,2216_mo,1036
elgza,mason,57.0,kennedy nstreet,brentwood vlge,bundaba,4067,tas,19071124.0,3004030,24441,elgza,mason,kennedy nstreet,brentwood vlge,bundaba,tas,1970-01-01,4067,4067_ma,190
chloe,clarke,137.0,gurnai place,applewoods,edensor park,2518,vic,19350226.0,6067356,54607,chloe,clarke,gurnai place,applewoods,edensor park,vic,1970-01-01,2518,2518_cl,2952
connor,nguyen,19.0,lance hill avenue,kittani,sale,2261,nsw,19860623.0,1825598,26446,connor,nguyen,lance hill avenue,kittani,sale,nsw,1970-01-01,2261,2261_ng,2953
sophoe,parcoe,2.0,blackman crescent,lamington npational,pacific paradise,3284,sa,19941127.0,9967942,33744,sophoe,parcoe,blackman crescent,lamington npational,pacific paradise,sa,1970-01-01,3284,3284_pa,2429
joshua,morrison,22.0,santalum street,sec 202,kyabram,5044,sa,19901109.0,7276151,83882,joshua,morrison,santalum street,sec 202,kyabram,sa,1970-01-01,5044,5044_mo,620
dale,ottens,44.0,bellchambers crescent,antigua,wingham,5290,sa,19421010.0,8176920,88811,dale,ottens,bellchambers crescent,antigua,wingham,sa,1970-01-01,5290,5290_ot,2954
jordean,rya,2.0,tahmyoor,carnegie cgrescent,millbrook,6040,vic,19900903.0,2479030,42732,jordean,rya,tahmyoor,carnegie cgrescent,millbrook,vic,1970-01-01,6040,6040_ry,2955
charlee,hugelbmann,8.0,martley circuit,eddington,mosman,4802,sa,19490921.0,6939061,83430,charlee,hugelbmann,martley circuit,eddington,mosman,sa,1970-01-01,4802,4802_hu,946
thomas,evison,18.0,power street,,haigslea,2880,wa,19970523.0,2857660,7697,thomas,evison,power street,,haigslea,wa,1970-01-01,2880,2880_ev,2956
holly,coffey,85.0,endeavour street,dooducinn,brisbane,4860,vic,19200331.0,6863112,51129,holly,coffey,endeavour street,dooducinn,brisbane,vic,1970-01-01,4860,4860_co,2957
ella,crou ch,3.0,tieve tara,wybalena grove,urangan,3027,wa,19391003.0,3031169,54426,ella,crou ch,tieve tara,wybalena grove,urangan,wa,1970-01-01,3027,3027_cr,2958
archie,campbell,1.0,wagstaff place,belmore river,carlingford,4560,vic,19730903.0,4897470,76574,archie,campbell,wagstaff place,belmore river,carlingford,vic,1970-01-01,4560,4560_ca,2959
willow,froscio,378.0,yanda street,st johnof god hospital,keilor,5022,vic,19091226.0,6630637,3928,willow,froscio,yanda street,st johnof god hospital,keilor,vic,1970-01-01,5022,5022_fr,2960
courtney,petersen,343.0,angophora street,kanangra hostel,altona north,2614,qld,19740401.0,4793337,23904,courtney,petersen,angophora street,kanangra hostel,altona north,qld,1970-01-01,2614,2614_pe,2961
michsel,david,10.0,mcluckie crescent,glebnrqe,murdoch,3143,sa,19320323.0,8644609,9680,michsel,david,mcluckie crescent,glebnrqe,murdoch,sa,1970-01-01,3143,3143_da,2962
alexa-rose,hwite,,miles place,tourist caravn park,batemans bay,6169,nsw,19590818.0,8035124,2211,alexa rose,hwite,miles place,tourist caravn park,batemans bay,nsw,1970-01-01,6169,6169_hw,2963
lochlan,malorj,10.0,ponderosa,albermarle place,woori yallock,5355,qld,19780720.0,7679335,64707,lochlan,malorj,ponderosa,albermarle place,woori yallock,qld,1970-01-01,5355,5355_ma,2964
jacob,dichiera,58.0,solomon crescent,curtin house,harbord,2602,nsw,19741113.0,5508111,11639,jacob,dichiera,solomon crescent,curtin house,harbord,nsw,1970-01-01,2602,2602_di,2965
michaela,thrussell,27.0,markell place,nunnook,frenchs forest,6728,qld,19250608.0,1947368,20411,michaela,thrussell,markell place,nunnook,frenchs forest,qld,1970-01-01,6728,6728_th,2230
caitlin,menzies,31.0,adair street,kilnacrott,wentworth falls,2758,nsw,19190514.0,8126161,51772,caitlin,menzies,adair street,kilnacrott,wentworth falls,nsw,1970-01-01,2758,2758_me,2966
ja red,jolky,84.0,macarthura venue,nareen gardens hostel,floreat,2290,nsw,19281125.0,7406558,20598,ja red,jolky,macarthura venue,nareen gardens hostel,floreat,nsw,1970-01-01,2290,2290_jo,2967
sydoernko,david,12.0,fuhrmans treet,the mano rbraeside,sefton park,3153,vic,,1746512,88043,sydoernko,david,fuhrmans treet,the mano rbraeside,sefton park,vic,,3153,3153_da,2968
samuel,webb,16.0,balala place,tourist caravn park,osborn e park,5032,vic,19401203.0,9777818,36292,samuel,webb,balala place,tourist caravn park,osborn e park,vic,1970-01-01,5032,5032_we,2969
charles,trevorrow,,duggan street,inishmore,whitebridge,5473,vic,19721022.0,5211176,97654,charles,trevorrow,duggan street,inishmore,whitebridge,vic,1970-01-01,5473,5473_tr,2542
william,pettingull,4.0,messenger street,browne's reef,coffs harbour,4670,nsw,19440720.0,6935665,39238,william,pettingull,messenger street,browne's reef,coffs harbour,nsw,1970-01-01,4670,4670_pe,2970
hanna,friebel,7.0,mildenhall place,elmwood,blackheath,3561,vic,19861123.0,5878729,55463,hanna,friebel,mildenhall place,elmwood,blackheath,vic,1970-01-01,3561,3561_fr,2971
talai,oli veri,72.0,ankaa p lace,westleigh,mosman,3311,qld,19020831.0,8405432,48514,talai,oli veri,ankaa p lace,westleigh,mosman,qld,1970-01-01,3311,3311_ol,2972
samara,willing,,,coolinda,concord,3765,nsw,19270204.0,1045315,91965,samara,willing,,coolinda,concord,nsw,1970-01-01,3765,3765_wi,2973
trinity,campbell,50.0,blamey crescent,beauchamp street,clayfield,3021,vic,19000209.0,2793845,79148,trinity,campbell,blamey crescent,beauchamp street,clayfield,vic,1970-01-01,3021,3021_ca,2974
maya,green,20.0,louisa lawson crescent,,bligh park,4817,wa,19790228.0,5349388,59766,maya,green,louisa lawson crescent,,bligh park,wa,1970-01-01,4817,4817_gr,2975
mikhaili,petersen,1.0,mcluckie rescent,,swan hill,3124,qld,19940727.0,2517828,55455,mikhaili,petersen,mcluckie rescent,,swan hill,qld,1970-01-01,3124,3124_pe,2976
jade,brownw,21.0,noble close,circle h,avoca,3180,qld,19921015.0,1314590,71756,jade,brownw,noble close,circle h,avoca,qld,1970-01-01,3180,3180_br,699
jack,fernando,18.0,hall street,rankin park,mitcham,6006,vic,19460903.0,1944943,99352,jack,fernando,hall street,rankin park,mitcham,vic,1970-01-01,6006,6006_fe,2977
patrick,vincent,21.0,outtrim avenue,glendower,willetton,3984,nsw,19510921.0,9836975,35447,patrick,vincent,outtrim avenue,glendower,willetton,nsw,1970-01-01,3984,3984_vi,2978
schkirra,walpole,4.0,namadgi circuit,rydellan,bibra lake,2234,nsw,19560330.0,1950180,54863,schkirra,walpole,namadgi circuit,rydellan,bibra lake,nsw,1970-01-01,2234,2234_wa,528
benjamin,koerbin,15.0,wybel anah,violet grover place,mill park,2446,nsw,19210210.0,3808808,78006,benjamin,koerbin,wybel anah,violet grover place,mill park,nsw,1970-01-01,2446,2446_ko,2979
lachlian,burt,,follett street,eldwick,corowa,4065,nsw,19220712.0,1863874,98138,lachlian,burt,follett street,eldwick,corowa,nsw,1970-01-01,4065,4065_bu,2866
lucy,bela,1619.0,myall street,cohuna estate,ryed,4163,vic,19090524.0,6448886,35377,lucy,bela,myall street,cohuna estate,ryed,vic,1970-01-01,4163,4163_be,2782
samuel,mccarthy,63.0,kanbi place,ponderosa,osborne park,2166,nsw,19400529.0,6158276,15650,samuel,mccarthy,kanbi place,ponderosa,osborne park,nsw,1970-01-01,2166,2166_mc,2980
jarod,mccarthy,63.0,kanbi place,,osborne park,2166,nsw,19400529.0,6158276,65267,jarod,mccarthy,kanbi place,,osborne park,nsw,1970-01-01,2166,2166_mc,1076
isabella,daloia,,geeves court,john flynn mefical centre,frankston,2146,vic,19260410.0,9952484,2788,isabella,daloia,geeves court,john flynn mefical centre,frankston,vic,1970-01-01,2146,2146_da,2981
keelin,priest,53.0,albermarle place,kyeema,beaumaris,4506,wa,19100920.0,7236512,27633,keelin,priest,albermarle place,kyeema,beaumaris,wa,1970-01-01,4506,4506_pr,2982
christian,,10.0,booleestreet,noss,doubleview,4352,,19491125.0,2992541,49346,christian,,booleestreet,noss,doubleview,,1970-01-01,4352,4352_,2983
luke,hindess,45.0,gledden street,nairn lodge,clarence park,4703,qld,19771109.0,1089096,45968,luke,hindess,gledden street,nairn lodge,clarence park,qld,1970-01-01,4703,4703_hi,2139
charzlie,goode,7.0,taussplace,,mitcham,2575,vic,19761213.0,6548135,10019,charzlie,goode,taussplace,,mitcham,vic,1970-01-01,2575,2575_go,2984
gilbertson,andrew,116.0,anembo s treet,apt 312 the rock wall,nedlands,4702,nsw,19460513.0,1862712,58466,gilbertson,andrew,anembo s treet,apt 312 the rock wall,nedlands,nsw,1970-01-01,4702,4702_an,2985
emiily,morrison,29.0,foveaux street,kareela,hamilton,4700,nsw,19430721.0,7972954,57105,emiily,morrison,foveaux street,kareela,hamilton,nsw,1970-01-01,4700,4700_mo,2986
melissa,lanzotti,,balfour rcescent,killaravlodge,cranbourne,2064,vic,19080103.0,7432331,86924,melissa,lanzotti,balfour rcescent,killaravlodge,cranbourne,vic,1970-01-01,2064,2064_la,2987
alexancra,howie,18.0,clancy street,,goodwood,3033,act,19551111.0,4104594,38499,alexancra,howie,clancy street,,goodwood,act,1970-01-01,3033,3033_ho,1445
david,ried,40.0,mina wylie crescent,,thornbury,3281,qld,19840327.0,3069553,96427,david,ried,mina wylie crescent,,thornbury,qld,1970-01-01,3281,3281_ri,2988
,reid,90.0,prichard circuit,sundown motor vill,oak flats,6163,vic,19660308.0,1911812,17177,,reid,prichard circuit,sundown motor vill,oak flats,vic,1970-01-01,6163,6163_re,2989
caresse,lyden,13.0,nemarang c rescent,sunnyspo tfarm,nunawading,3199,sa,19250803.0,3017029,85116,caresse,lyden,nemarang c rescent,sunnyspo tfarm,nunawading,sa,1970-01-01,3199,3199_ly,872
isabella,shandley,57.0,fincham crescent,wilga,monto,2642,nsw,19520602.0,2401777,26420,isabella,shandley,fincham crescent,wilga,monto,nsw,1970-01-01,2642,2642_sh,2278
taliah,lowe,,rayment place,colbin park,edithvale,2346,sa,19090206.0,4605726,27806,taliah,lowe,rayment place,colbin park,edithvale,sa,1970-01-01,2346,2346_lo,2547
thomas,white,46.0,forlonge street,cleveland,spearwood,2471,sa,19101219.0,8203692,10704,thomas,white,forlonge street,cleveland,spearwood,sa,1970-01-01,2471,2471_wh,2990
emiily,robson,97.0,bungonia street,st francis vlge,dianella,5066,wa,19420328.0,9454883,25224,emiily,robson,bungonia street,st francis vlge,dianella,wa,1970-01-01,5066,5066_ro,1611
jack,patafta,695.0,leahy close,redhills,charlestown,3134,vci,19400728.0,8570924,94798,jack,patafta,leahy close,redhills,charlestown,vci,1970-01-01,3134,3134_pa,1146
jasmine,royle,5.0,minehan place,geregarowstation,werirngton,5162,nsw,19471027.0,8590831,98474,jasmine,royle,minehan place,geregarowstation,werirngton,nsw,1970-01-01,5162,5162_ro,1876
cooper,coxon,35.0,downard street,homewood,laanecoorie,3128,sa,19070923.0,5430172,79413,cooper,coxon,downard street,homewood,laanecoorie,sa,1970-01-01,3128,3128_co,748
lily,hyland,11.0,durack steret,roxall,wilroy,2250,nsw,19440426.0,7053521,28716,lily,hyland,durack steret,roxall,wilroy,nsw,1970-01-01,2250,2250_hy,64
jack,weller,10.0,tristania street,sect 341,thornbury,4280,nsw,19010507.0,8279243,23355,jack,weller,tristania street,sect 341,thornbury,nsw,1970-01-01,4280,4280_we,1282
james,vincent,40.0,cumpston place,pacific palms caravn park,capertee,3530,nsw,19620905.0,3977077,27119,james,vincent,cumpston place,pacific palms caravn park,capertee,nsw,1970-01-01,3530,3530_vi,2991
xani,green,2.0,phillip avenue,abbey green,armidale,5108,nsw,19390410.0,9201857,33861,xani,green,phillip avenue,abbey green,armidale,nsw,1970-01-01,5108,5108_gr,2992
keeley,felmingham,32.0,angliss place,cranbrook,annandale,2640,nsw,19860811.0,5148092,38353,keeley,felmingham,angliss place,cranbrook,annandale,nsw,1970-01-01,2640,2640_fe,566
silas,edhouse,13.0,fincham cr escent,gateway vlge caravn park,terrimal,2702,nsw,19460712.0,6281089,42473,silas,edhouse,fincham cr escent,gateway vlge caravn park,terrimal,nsw,1970-01-01,2702,2702_ed,2993
sonja,wilknis,1024.0,alfred hill drive,st john of god hospital,huonville,2768,,19741205.0,2867046,23062,sonja,wilknis,alfred hill drive,st john of god hospital,huonville,,1970-01-01,2768,2768_wi,2994
zane,wilkids,,britten-jones drive,cerbrus,coolaroo,6208,nsw,19471017.0,7918563,2766,zane,wilkids,britten jones drive,cerbrus,coolaroo,nsw,1970-01-01,6208,6208_wi,2995
eboni,pantazopoulos,76.0,waughtclose,wyomingpark,aldgate,2325,sa,19860807.0,9030076,21355,eboni,pantazopoulos,waughtclose,wyomingpark,aldgate,sa,1970-01-01,2325,2325_pa,2278
kai,white,8.0,allunga,cockcroft avenue,parramtta,4197,,19551009.0,5791061,27221,kai,white,allunga,cockcroft avenue,parramtta,,1970-01-01,4197,4197_wh,2996
silzs,noble,253.0,ainsworth street,yongaoa,clayton,2281,wa,19211208.0,6886508,99429,silzs,noble,ainsworth street,yongaoa,clayton,wa,1970-01-01,2281,2281_no,2997
callnum,arbuckle,11.0,crozier ircuit,belmore river,narellan,4555,nsw,19010927.0,1975419,50366,callnum,arbuckle,crozier ircuit,belmore river,narellan,nsw,1970-01-01,4555,4555_ar,2646
connor,moerland,83.0,arthur circle,redcross units,greenwood,2680,wa,19351222.0,6169516,41034,connor,moerland,arthur circle,redcross units,greenwood,wa,1970-01-01,2680,2680_mo,257
amelia,blake,1.0,halfreyhcircuit,mt pleaaant,shoalhavdn heads,6162,sa,19880506.0,4642758,41527,amelia,blake,halfreyhcircuit,mt pleaaant,shoalhavdn heads,sa,1970-01-01,6162,6162_bl,2998
emiily,,33.0,mackenzie street,,salisbur y heights,2121,wa,19670203.0,5628066,84959,emiily,,mackenzie street,,salisbur y heights,wa,1970-01-01,2121,2121_,2999
callum,finlay,1.0,ebenezer street,arcadia,craigmore,4461,nsw,19550312.0,2783111,36530,callum,finlay,ebenezer street,arcadia,craigmore,nsw,1970-01-01,4461,4461_fi,1206
riley,morrison,,,arlington,moonta,2024,qld,19810825.0,6404764,21841,riley,morrison,,arlington,moonta,qld,1970-01-01,2024,2024_mo,3000
samantha,millar,22.0,ina gregory circuit,,bossley park,4304,sa,19181229.0,2470912,4572,samantha,millar,ina gregory circuit,,bossley park,sa,1970-01-01,4304,4304_mi,3001
jessica,anjewierden,6.0,duffy sgreet,kianinny cabins,bongasre,2227,qld,19120208.0,7536704,50633,jessica,anjewierden,duffy sgreet,kianinny cabins,bongasre,qld,1970-01-01,2227,2227_an,2711
,brookhouse,105.0,kavel street,c/-the student village,riverwood,6010,wa,19200905.0,9060410,82852,,brookhouse,kavel street,c the student village,riverwood,wa,1970-01-01,6010,6010_br,3002
jesscia,shehperd,7.0,beazley crescent,tintagel,broadford,4067,act,19561005.0,2726910,59977,jesscia,shehperd,beazley crescent,tintagel,broadford,act,1970-01-01,4067,4067_sh,3003
kirra,truslove,,epacri s place,sunnyview,kirribilli,4500,wa,19070603.0,7140227,90254,kirra,truslove,epacri s place,sunnyview,kirribilli,wa,1970-01-01,4500,4500_tr,2903
dominic,ryan,9.0,bargang crescent,yambacoona,bundaberg,2752,nsw,19760328.0,8065627,50676,dominic,ryan,bargang crescent,yambacoona,bundaberg,nsw,1970-01-01,2752,2752_ry,3004
sarah,broadby,28.0,companion crescent,tiverton,ballarat,4178,qld,19420323.0,3142033,41840,sarah,broadby,companion crescent,tiverton,ballarat,qld,1970-01-01,4178,4178_br,3005
kaitlyn,pizanias,8.0,sheaffe street,nunton,kemps creek,2502,nsw,19131205.0,4026380,96498,kaitlyn,pizanias,sheaffe street,nunton,kemps creek,nsw,1970-01-01,2502,2502_pi,3006
liky,nguyen,43.0,hirschfeld crescent,afflexian,milperra,2084,wa,19270126.0,3183110,2667,liky,nguyen,hirschfeld crescent,afflexian,milperra,wa,1970-01-01,2084,2084_ng,1982
samuel,webb,16.0,balala place,tourist caravn park,osborne park,5032,vic,19401203.0,9777818,21529,samuel,webb,balala place,tourist caravn park,osborne park,vic,1970-01-01,5032,5032_we,2969
sam,clarke,13.0,couchman crescent,rosetta village,echuca wset,5043,vic,19640103.0,6444384,47127,sam,clarke,couchman crescent,rosetta village,echuca wset,vic,1970-01-01,5043,5043_cl,1277
holly,stoker,5.0,ballumbir street,chetwynd,kirrawee,6009,vic,19300121.0,8123371,46962,holly,stoker,ballumbir street,chetwynd,kirrawee,vic,1970-01-01,6009,6009_st,786
aliza,petersen,12.0,owen dixon drive,,mintl,3029,wa,19441022.0,6090944,8640,aliza,petersen,owen dixon drive,,mintl,wa,1970-01-01,3029,3029_pe,3007
alexa-rose,smithson,389.0,miller street,bright view,albury,3212,qld,19741012.0,2875274,57304,alexa rose,smithson,miller street,bright view,albury,qld,1970-01-01,3212,3212_sm,2592
zachary,hude,3.0,spofforth street,oakleaves,eldorado,2014,qld,,5024676,55246,zachary,hude,spofforth street,oakleaves,eldorado,qld,,2014,2014_hu,3008
jackson,camillo,48.0,badcoe street,woodleigh,barrack heights,5238,nsw,19451024.0,2240410,95662,jackson,camillo,badcoe street,woodleigh,barrack heights,nsw,1970-01-01,5238,5238_ca,3009
nicholas,plesa,85.0,yerra court,cnjla mntn,springfield,3128,nsw,19000520.0,4417121,15044,nicholas,plesa,yerra court,cnjla mntn,springfield,nsw,1970-01-01,3128,3128_pl,1467
jack,facci,37.0,packer street,somertln park,belrose,3806,sa,19960816.0,1697247,50299,jack,facci,packer street,somertln park,belrose,sa,1970-01-01,3806,3806_fa,2237
colegate,jett,55.0,hampton circuit,gibraltar,st albans,6011,nsw,19021119.0,1742749,80633,colegate,jett,hampton circuit,gibraltar,st albans,nsw,1970-01-01,6011,6011_je,3010
ethan,leslie,18.0,hobart place,thistledoo,bacchus marsh,4575,nsw,19400429.0,4474942,28359,ethan,leslie,hobart place,thistledoo,bacchus marsh,nsw,1970-01-01,4575,4575_le,3011
nicholas,shepyerd,36.0,jerrabomberra avenue,sec 1,altona orth,3123,nsw,19441101.0,3789481,19522,nicholas,shepyerd,jerrabomberra avenue,sec 1,altona orth,nsw,1970-01-01,3123,3123_sh,864
liana,shelley,29.0,tarra tplace,,noble park north,2170,nsw,19941124.0,5175090,71468,liana,shelley,tarra tplace,,noble park north,nsw,1970-01-01,2170,2170_sh,2631
harry,berry,163.0,mcglinn place,darjeeling,petersham,3805,vic,19540411.0,2732878,95759,harry,berry,mcglinn place,darjeeling,petersham,vic,1970-01-01,3805,3805_be,3012
natasha,stanley,590.0,gooreen street,treetops,dalby,2062,qld,19331015.0,7039195,52721,natasha,stanley,gooreen street,treetops,dalby,qld,1970-01-01,2062,2062_st,3013
danielle,morrison,1299.0,london icrcuit,sec 552,wollongong north,4701,vic,19030709.0,8907802,13245,danielle,morrison,london icrcuit,sec 552,wollongong north,vic,1970-01-01,4701,4701_mo,166
goryan,ruby,2.0,keartlandsttreet,nedlyn,scarborough,3023,wa,19351205.0,7204516,28608,goryan,ruby,keartlandsttreet,nedlyn,scarborough,wa,1970-01-01,3023,3023_ru,3014
noah,mason,19.0,,st james,burwood,2142,sa,19500202.0,8983319,50512,noah,mason,,st james,burwood,sa,1970-01-01,2142,2142_ma,3015
felicity,,25.0,federal highway,argy le,mayfield,4125,qld,,2661643,51162,felicity,,federal highway,argy le,mayfield,qld,,4125,4125_,3016
laura,papagergiou,30.0,elimatta street,glenview,woollahra,4051,nsw,19980305.0,9041936,48114,laura,papagergiou,elimatta street,glenview,woollahra,nsw,1970-01-01,4051,4051_pa,1476
cameron,noble,29.0,tepper circuit,shangrila cvan park,rowville,7004,tas,19260104.0,3664213,68637,cameron,noble,tepper circuit,shangrila cvan park,rowville,tas,1970-01-01,7004,7004_no,3017
stephenson,elizbeth,56.0,warar,hallen c lose,kununurra,4127,nsw,19121119.0,5112945,26381,stephenson,elizbeth,warar,hallen c lose,kununurra,nsw,1970-01-01,4127,4127_el,3018
sarah,mchenry,528.0,bullock circuit,john flynn medical centre,batlow,4564,vci,19020515.0,2024964,95747,sarah,mchenry,bullock circuit,john flynn medical centre,batlow,vci,1970-01-01,4564,4564_mc,1577
liana,shelley,29.0,tarra place,,noble park north,2170,nsw,19941124.0,5175090,24672,liana,shelley,tarra place,,noble park north,nsw,1970-01-01,2170,2170_sh,2631
jarvis,colema,312.0,ngere,anderson street,north sydney,2486,vic,19851226.0,3498401,96238,jarvis,colema,ngere,anderson street,north sydney,vic,1970-01-01,2486,2486_co,3019
dixon,alyssa,5.0,halford crescent,willandra,edgecliff,4101,nsw,19860103.0,3916772,94141,dixon,alyssa,halford crescent,willandra,edgecliff,nsw,1970-01-01,4101,4101_al,3020
alexa-rose,white,,miles place,tourist caravn park,batemans bay,6169,nsw,19590818.0,8035124,20053,alexa rose,white,miles place,tourist caravn park,batemans bay,nsw,1970-01-01,6169,6169_wh,3021
olivia,pettingill,241.0,evelyn owen crescent,rangeville,asquith,2261,act,19520801.0,2425353,1603,olivia,pettingill,evelyn owen crescent,rangeville,asquith,act,1970-01-01,2261,2261_pe,3022
zachariah,morcom,8.0,dixon drive,bletchly park,toowoomba,2068,wa,19020803.0,1961455,18259,zachariah,morcom,dixon drive,bletchly park,toowoomba,wa,1970-01-01,2068,2068_mo,1359
tuscany,hickinbotham,26.0,coranderrk street,torrens grove estate,irymple,4814,nsw,19431004.0,8062541,10956,tuscany,hickinbotham,coranderrk street,torrens grove estate,irymple,nsw,1970-01-01,4814,4814_hi,3023
tahlia,mccaffrey,8.0,joyce place,sundown motor vill,cronulla,3585,nsw,19931209.0,4378802,91058,tahlia,mccaffrey,joyce place,sundown motor vill,cronulla,nsw,1970-01-01,3585,3585_mc,3024
olivia,hobson,78.0,louis loder street,summit cottage,kaleen,4870,nsw,19760812.0,4535695,49705,olivia,hobson,louis loder street,summit cottage,kaleen,nsw,1970-01-01,4870,4870_ho,2280
ethan,campbell,32.0,reuther street,,moorook,4070,qld,19291017.0,3430363,12230,ethan,campbell,reuther street,,moorook,qld,1970-01-01,4070,4070_ca,3025
brigitte,bishop,10.0,dooland court,northbridge marina,montmorency,3122,sa,19271211.0,7848970,749,brigitte,bishop,dooland court,northbridge marina,montmorency,sa,1970-01-01,3122,3122_bi,3026
nathna,monaco,16.0,hollis place,villag2,summer hill,4207,nss,19251021.0,1784132,8088,nathna,monaco,hollis place,villag2,summer hill,nss,1970-01-01,4207,4207_mo,1366
william,bracci,13.0,upper flat,hann street,camp hill,2154,nsw,19470617.0,7315857,96167,william,bracci,upper flat,hann street,camp hill,nsw,1970-01-01,2154,2154_br,279
rebekah,modystach,34.0,hemmant street,pyramid cara park,iluka,2216,nsw,19341113.0,8796023,70517,rebekah,modystach,hemmant street,pyramid cara park,iluka,nsw,1970-01-01,2216,2216_mo,3027
,kiss,21.0,pialligo avenue,caravn park,dandenong north,2530,vic,19310218.0,3431125,31362,,kiss,pialligo avenue,caravn park,dandenong north,vic,1970-01-01,2530,2530_ki,712
arabella,weller,78.0,westbury circuit,snake gully,suffolk park,4814,vic,19641224.0,9147387,31114,arabella,weller,westbury circuit,snake gully,suffolk park,vic,1970-01-01,4814,4814_we,3028
samuel,jolly,35.0,lorimer place,greenswylde,collie,3222,sa,19690129.0,6221065,94201,samuel,jolly,lorimer place,greenswylde,collie,sa,1970-01-01,3222,3222_jo,3029
danielle,reid,17.0,kootar acrescent,cave hill creek,wanniassa,4202,wa,19530118.0,3310083,10847,danielle,reid,kootar acrescent,cave hill creek,wanniassa,wa,1970-01-01,4202,4202_re,3030
oliver,vassiliotis,39.0,mortimer lewis drive,,leongatqha,5022,nsw,19910804.0,4669127,22177,oliver,vassiliotis,mortimer lewis drive,,leongatqha,nsw,1970-01-01,5022,5022_va,1355
katelyn,colegtae,55.0,fiveash street,retirement village,londonderry,2195,nsw,19280828.0,4406021,41664,katelyn,colegtae,fiveash street,retirement village,londonderry,nsw,1970-01-01,2195,2195_co,2558
ewapn,wittchen,,barne tt close,ronobri,bonnells bay,2295,vic,,9662319,37947,ewapn,wittchen,barne tt close,ronobri,bonnells bay,vic,,2295,2295_wi,3031
cameron,bisho,4.0,chillagoe street,edithzhall,numeralla,6152,sa,19290325.0,8928429,50362,cameron,bisho,chillagoe street,edithzhall,numeralla,sa,1970-01-01,6152,6152_bi,502
,hoffman,62.0,matina street,sun city resort,ascot park,4107,wa,19760203.0,9419843,95295,,hoffman,matina street,sun city resort,ascot park,wa,1970-01-01,4107,4107_ho,3032
tayla,white,38.0,kambalda ctescent,ambervale,bonville,2905,vic,19310715.0,2230673,68817,tayla,white,kambalda ctescent,ambervale,bonville,vic,1970-01-01,2905,2905_wh,3033
juliana,petersen,25.0,currong street,admiralty quays,glesnide,5280,nsw,19610510.0,1726629,68438,juliana,petersen,currong street,admiralty quays,glesnide,nsw,1970-01-01,5280,5280_pe,218
ryan,vincent,275.0,chewings street,wirringulla,daylesford,3072,,19170728.0,2158837,48800,ryan,vincent,chewings street,wirringulla,daylesford,,1970-01-01,3072,3072_vi,3034
jenna,pasailc,679.0,tarana stnreet,mallanganee,osbofne,4342,vic,19541124.0,7730932,68901,jenna,pasailc,tarana stnreet,mallanganee,osbofne,vic,1970-01-01,4342,4342_pa,241
ella,moody,,clarey crescent,locn 217,merrijig,3550,nsw,19350314.0,1440709,55326,ella,moody,clarey crescent,locn 217,merrijig,nsw,1970-01-01,3550,3550_mo,3035
breony,dixon,39.0,rohan rivett crescent,,kellyville,4224,vic,19351022.0,7462490,23856,breony,dixon,rohan rivett crescent,,kellyville,vic,1970-01-01,4224,4224_di,3036
voy,katelin,6.0,nott street,,graceville,4872,vic,19511208.0,3546400,17904,voy,katelin,nott street,,graceville,vic,1970-01-01,4872,4872_ka,3037
connor,weaver,200.0,fihelly street,orchid square,doubleview,2214,qld,19550613.0,7463808,43818,connor,weaver,fihelly street,orchid square,doubleview,qld,1970-01-01,2214,2214_we,3038
william,mason,22.0,macfarland crescent,nioka,prospect,3039,qld,19710305.0,3187117,55116,william,mason,macfarland crescent,nioka,prospect,qld,1970-01-01,3039,3039_ma,3039
madison,dixon,37.0,sanfor d place,white lodge,ringqood,5047,sa,19220609.0,7161189,35310,madison,dixon,sanfor d place,white lodge,ringqood,sa,1970-01-01,5047,5047_di,1918
jessica,white,19.0,hopetoun circuit,leisure living vlge,martindale,2112,qld,19281109.0,9362402,51808,jessica,white,hopetoun circuit,leisure living vlge,martindale,qld,1970-01-01,2112,2112_wh,3040
cooper,felten,19.0,masters lpace,amherst v illage,greensborough,2520,qld,19290422.0,3396780,48521,cooper,felten,masters lpace,amherst v illage,greensborough,qld,1970-01-01,2520,2520_fe,3041
katherine,dicamillo,14.0,giffen close,bulala,rye,2518,nsw,19740803.0,6873029,37185,katherine,dicamillo,giffen close,bulala,rye,nsw,1970-01-01,2518,2518_di,3042
lydia,doosey,6.0,northbourne avenue,telemon orchards,corio,4670,nsw,19751220.0,1835068,1511,lydia,doosey,northbourne avenue,telemon orchards,corio,nsw,1970-01-01,4670,4670_do,3043
oliiva,blackwell,21.0,barton highway,mountview,artarmon,2229,qld,19641223.0,9582758,25042,oliiva,blackwell,barton highway,mountview,artarmon,qld,1970-01-01,2229,2229_bl,1646
samantha,doblinger,7.0,bangalay crescent,the hammond village,deer park,4380,nsw,19131222.0,6196240,25957,samantha,doblinger,bangalay crescent,the hammond village,deer park,nsw,1970-01-01,4380,4380_do,3044
emmk,louca,92.0,cherry place,pinedrotf,berwick,3367,vic,19590398.0,4142406,61321,emmk,louca,cherry place,pinedrotf,berwick,vic,1970-01-01,3367,3367_lo,3045
emiily,brummer-archer,33.0,mackenzie wtreet,sunbury,salisbury heights,2121,wa,19670203.0,5628066,10500,emiily,brummer archer,mackenzie wtreet,sunbury,salisbury heights,wa,1970-01-01,2121,2121_br,409
lauren,noack,41.0,miago court,clisby afrm,combara,6722,sa,19020919.0,2241605,75531,lauren,noack,miago court,clisby afrm,combara,sa,1970-01-01,6722,6722_no,1061
thomas,blake,86.0,earle street,chanak,blue mountain heights,2219,vic,19000627.0,5119652,91569,thomas,blake,earle street,chanak,blue mountain heights,vic,1970-01-01,2219,2219_bl,3046
giaan,blacwell,5.0,kleinig street,port 262,biggera waters,2250,nws,19770512.0,6179681,6738,giaan,blacwell,kleinig street,port 262,biggera waters,nws,1970-01-01,2250,2250_bl,1350
travks,gearman,12.0,birdwood street,sunny brees,chatham,5353,nsw,19461203.0,9247527,43382,travks,gearman,birdwood street,sunny brees,chatham,nsw,1970-01-01,5353,5353_ge,2590
ned,lodeg,32.0,karuah street,athlone,bundamba,2280,act,19510526.0,9020603,4694,ned,lodeg,karuah street,athlone,bundamba,act,1970-01-01,2280,2280_lo,319
lilu,les,14.0,learmonth drive,glenview,patterson lakes,2031,tas,19181114.0,2396732,35024,lilu,les,learmonth drive,glenview,patterson lakes,tas,1970-01-01,2031,2031_le,1251
lochlan,selth,17.0,holland street,hamilton,carina heights,4800,nsw,19821231.0,9019052,99102,lochlan,selth,holland street,hamilton,carina heights,nsw,1970-01-01,4800,4800_se,3047
tommi-lee,tuit,45.0,vincent place,aranmor,orchard hills,7250,tas,19200805.0,1237681,88322,tommi lee,tuit,vincent place,aranmor,orchard hills,tas,1970-01-01,7250,7250_tu,3048
benedict,coleman,,summerville crescent,huntawyle,avondale heights,4560,wa,19380327.0,1480351,11641,benedict,coleman,summerville crescent,huntawyle,avondale heights,wa,1970-01-01,4560,4560_co,462
rebecc,trenerry,323.0,ashburne street,,roxburgh park,2000,wa,19050103.0,2980023,54175,rebecc,trenerry,ashburne street,,roxburgh park,wa,1970-01-01,2000,2000_tr,432
joshua,gilbertson,22.0,trumper street,peridon vlge,brisbane,3148,sa,19511114.0,6225856,20931,joshua,gilbertson,trumper street,peridon vlge,brisbane,sa,1970-01-01,3148,3148_gi,3049
tuscany,vinemt,26.0,coranderrkustreet,torrens grove estate,irymple,4814,nsw,19431004.0,8062541,7430,tuscany,vinemt,coranderrkustreet,torrens grove estate,irymple,nsw,1970-01-01,4814,4814_vi,3050
caitlin,lowe,15.0,,longridge,balcatta,6026,sa,19551029.0,1321288,61001,caitlin,lowe,,longridge,balcatta,sa,1970-01-01,6026,6026_lo,3051
jaiden,rolilns,48.0,swinden street,tulgeywood,balwyn north,2224,nt,19280722.0,7626396,69610,jaiden,rolilns,swinden street,tulgeywood,balwyn north,nt,1970-01-01,2224,2224_ro,3052
isabella,theodore,269.0,churchill way,nioka,redan,2446,vic,19711102.0,2898842,61621,isabella,theodore,churchill way,nioka,redan,vic,1970-01-01,2446,2446_th,353
fihn,maczkowiack,25.0,oxley street,bulliac street,wantirna,2196,nt,19101031.0,4732796,77257,fihn,maczkowiack,oxley street,bulliac street,wantirna,nt,1970-01-01,2196,2196_ma,1619
michael,tylkowski,276.0,ashburton circuit,the market place,st peters,2570,nsw,,9384397,82191,michael,tylkowski,ashburton circuit,the market place,st peters,nsw,,2570,2570_ty,3053
archie,clarke,,nangor street,oma ru,westmead,2251,vic,19780909.0,5273648,15723,archie,clarke,nangor street,oma ru,westmead,vic,1970-01-01,2251,2251_cl,1099
grayson,stanley,9.0,eaglemont retreat,,brighton-le-sands,4107,tsa,19710422.0,5818249,86432,grayson,stanley,eaglemont retreat,,brighton le sands,tsa,1970-01-01,4107,4107_st,252
joshua,parr,63.0,,corcoran,bungwshl,6251,vic,19950525.0,9630143,76290,joshua,parr,,corcoran,bungwshl,vic,1970-01-01,6251,6251_pa,3054
sam,webb,8.0,bacchus circuit,lakewood estate,dianella,3724,nsw,19970913.0,7194532,92405,sam,webb,bacchus circuit,lakewood estate,dianella,nsw,1970-01-01,3724,3724_we,583
riley,faull,32.0,turner place,margaret river carvn park,balwyn north,2033,nsw,19640728.0,8404785,81346,riley,faull,turner place,margaret river carvn park,balwyn north,nsw,1970-01-01,2033,2033_fa,143
,abeywickrama,16.0,carnegie garden,derry lodge,armidale,2299,qld,19130224.0,6841689,34753,,abeywickrama,carnegie garden,derry lodge,armidale,qld,1970-01-01,2299,2299_ab,3055
lily,hyland,83.0,rosall,durack street,wilroy,2850,nsw,19440426.0,7053521,13139,lily,hyland,rosall,durack street,wilroy,nsw,1970-01-01,2850,2850_hy,3056
webf,laura,,,martins well station,trugg,2180,vic,19690412.0,4088462,76142,webf,laura,,martins well station,trugg,vic,1970-01-01,2180,2180_la,3057
james,van wijk,4.0,macqueen place,noelurma,picnicbay,3147,vic,19091004.0,4476788,74706,james,van wijk,macqueen place,noelurma,picnicbay,vic,1970-01-01,3147,3147_va,2892
chellea,matthews,78.0,windradyne street,palm lake resort,mount pleasant,2396,ss,19510711.0,7311371,13516,chellea,matthews,windradyne street,palm lake resort,mount pleasant,ss,1970-01-01,2396,2396_ma,3058
michael,broadby,61.0,burrinjuck crescent,duck creek,geraldton,2043,qld,19020812.0,8129823,15565,michael,broadby,burrinjuck crescent,duck creek,geraldton,qld,1970-01-01,2043,2043_br,1371
georgia,white,29.0,mauldon street,glass house,bargara,4217,nsw,19851129.0,6320718,49809,georgia,white,mauldon street,glass house,bargara,nsw,1970-01-01,4217,4217_wh,3059
emiily,robszon,97.0,bungonia street,st francis vlge,dianelmla,5066,wa,19420328.0,9454883,37446,emiily,robszon,bungonia street,st francis vlge,dianelmla,wa,1970-01-01,5066,5066_ro,1611
ella,weler,3.0,arthur circle,villa 184,springvaxe south,2653,,19020422.0,5679851,63497,ella,weler,arthur circle,villa 184,springvaxe south,,1970-01-01,2653,2653_we,2614
holly,hope,11.0,blackett crescent,inglewood,burleigh heads,5048,qld,19760115.0,3385883,6018,holly,hope,blackett crescent,inglewood,burleigh heads,qld,1970-01-01,5048,5048_ho,3060
julia,gascoigne,43.0,langdon avenue,clarkwood,st clair,5163,nsw,19090104.0,4002060,82802,julia,gascoigne,langdon avenue,clarkwood,st clair,nsw,1970-01-01,5163,5163_ga,1891
michaela,george,11.0,florey drive,,greensborough,6160,qld,19750325.0,6129953,2457,michaela,george,florey drive,,greensborough,qld,1970-01-01,6160,6160_ge,1512
hannah,dixon,7.0,ferguson circuit,crown allotment,albuy,7253,nsw,19130806.0,1605711,75547,hannah,dixon,ferguson circuit,crown allotment,albuy,nsw,1970-01-01,7253,7253_di,1356
jack,stubbs,105.0,heard street,summreseet,st agnes,5344,,19890526.0,1690126,57370,jack,stubbs,heard street,summreseet,st agnes,,1970-01-01,5344,5344_st,42
caleb,grigs,108.0,dookie street,pmb 63,berala,2456,vic,19700102.0,9579474,51932,caleb,grigs,dookie street,pmb 63,berala,vic,1970-01-01,2456,2456_gr,2753
james,vincent,40.0,cumpston yplace,pacific palms caravn park,capertee,3530,nsw,19620905.0,3977077,99310,james,vincent,cumpston yplace,pacific palms caravn park,capertee,nsw,1970-01-01,3530,3530_vi,2991
kylee,stephenson,81.0,cordoba manor,rose scott circuit,ashfield,4226,vic,19461101.0,4783085,74099,kylee,stephenson,cordoba manor,rose scott circuit,ashfield,vic,1970-01-01,4226,4226_st,3061
liam,waller,37.0,blacket street,,st kilda east,3221,wa,19920706.0,2705026,50178,liam,waller,blacket street,,st kilda east,wa,1970-01-01,3221,3221_wa,3062
chloe,mcphie,5.0,robertson street,langleigh,swanwick,4226,qld,19340310.0,5324627,89726,chloe,mcphie,robertson street,langleigh,swanwick,qld,1970-01-01,4226,4226_mc,3063
jade,maelszka,6.0,genoas tr eet,,exeter,2251,vic,19391223.0,9915886,77261,jade,maelszka,genoas tr eet,,exeter,vic,1970-01-01,2251,2251_ma,3064
kai,white,8.0,cockcroft avenue,allunga,parramatta,4179,,19551009.0,5791061,25817,kai,white,cockcroft avenue,allunga,parramatta,,1970-01-01,4179,4179_wh,3065
isabelle,brookhouse,105.0,kavel street,c/-the student village,riverwood,6010,wa,19200905.0,9060410,85703,isabelle,brookhouse,kavel street,c the student village,riverwood,wa,1970-01-01,6010,6010_br,1286
lachlan,hyland,16.0,colebatch place,penquite road,new lambton heights,4305,qld,19340129.0,6484656,30400,lachlan,hyland,colebatch place,penquite road,new lambton heights,qld,1970-01-01,4305,4305_hy,692
zachary,plane,213.0,helen mayo crescent,moreton,lavington,4818,sa,19340303.0,4989033,70481,zachary,plane,helen mayo crescent,moreton,lavington,sa,1970-01-01,4818,4818_pl,3066
edwaed,white,4.0,vill a 5,anzacupark,blair athol,4557,vic,19811017.0,4853274,12152,edwaed,white,vill a 5,anzacupark,blair athol,vic,1970-01-01,4557,4557_wh,3067
isabella,clarke,59.0,gillespie street,flr 5 john flynn medical centre,mount victoria,2147,act,19950110.0,4409764,43696,isabella,clarke,gillespie street,flr 5 john flynn medical centre,mount victoria,act,1970-01-01,2147,2147_cl,772
alexander,schoenberg,100.0,phillips place,glubbaan,preston west,4680,vic,19370716.0,3699681,23182,alexander,schoenberg,phillips place,glubbaan,preston west,vic,1970-01-01,4680,4680_sc,3068
adriana,beadle,19.0,wakelin circuit,,werrington,4760,vic,19740613.0,1644235,41611,adriana,beadle,wakelin circuit,,werrington,vic,1970-01-01,4760,4760_be,3069
brianna,morrison,4.0,coolac place,esk farm,seaton,2566,vic,19131203.0,2277933,15737,brianna,morrison,coolac place,esk farm,seaton,vic,1970-01-01,2566,2566_mo,177
jessup,cameron,19.0,spofforth street,walkers orchard,moree,2280,qld,19561117.0,5101659,70666,jessup,cameron,spofforth street,walkers orchard,moree,qld,1970-01-01,2280,2280_ca,3070
amy,miteff,68.0,john cleland crescent,barkool,blackheath,2036,qld,19160228.0,2583901,3171,amy,miteff,john cleland crescent,barkool,blackheath,qld,1970-01-01,2036,2036_mi,232
sara,mason,35.0,antill street,morgiana,st kilda east,2773,qld,19521024.0,4026880,81655,sara,mason,antill street,morgiana,st kilda east,qld,1970-01-01,2773,2773_ma,3071
aelx,kranz,10.0,ogden cltose,aintree,kirribilli,5290,vic,19951022.0,8620763,68372,aelx,kranz,ogden cltose,aintree,kirribilli,vic,1970-01-01,5290,5290_kr,565
mackenzie,buzw,80.0,snowden place,windsor lodge,greenhlil,2152,nsw,19420118.0,2858815,87561,mackenzie,buzw,snowden place,windsor lodge,greenhlil,nsw,1970-01-01,2152,2152_bu,1960
katelin,coulson,12.0,weston street,locheil,hinchinbrook,2212,wa,19080328.0,2624790,72370,katelin,coulson,weston street,locheil,hinchinbrook,wa,1970-01-01,2212,2212_co,3072
thgmas,miles,18.0,caley crescent,,sunshine,4703,sa,19620721.0,8287970,70138,thgmas,miles,caley crescent,,sunshine,sa,1970-01-01,4703,4703_mi,2113
brigette,beattie,34.0,,tinaroo falls,rowville,3074,nsw,19940105.0,5329771,31103,brigette,beattie,,tinaroo falls,rowville,nsw,1970-01-01,3074,3074_be,3073
keziah,painter,18.0,ainslie avenue,sec 1,torquay,3205,vic,19191031.0,7801066,16749,keziah,painter,ainslie avenue,sec 1,torquay,vic,1970-01-01,3205,3205_pa,1865
mia,mate,17.0,biraban place,tycannah station,woodbine,2198,sa,19450330.0,1787917,92233,mia,mate,biraban place,tycannah station,woodbine,sa,1970-01-01,2198,2198_ma,3074
jessica,whzle,38.0,pambula sitreet,blue shadows,surryyhills,2541,nsw,19341001.0,6125303,17765,jessica,whzle,pambula sitreet,blue shadows,surryyhills,nsw,1970-01-01,2541,2541_wh,383
jack,doroszczonek,26.0,osmand street,greenslopes,mount eliza,4220,qld,19400625.0,2654211,58453,jack,doroszczonek,osmand street,greenslopes,mount eliza,qld,1970-01-01,4220,4220_do,3075
rachel,lipscombe,8.0,chewings street,,frankston,3150,sa,19041206.0,8982927,93937,rachel,lipscombe,chewings street,,frankston,sa,1970-01-01,3150,3150_li,3076
,paterdon,18.0,groveland crescent,the willows,mosman,6350,nsw,19960203.0,6068385,2112,,paterdon,groveland crescent,the willows,mosman,nsw,1970-01-01,6350,6350_pa,3077
,arvanitakis,10.0,pondersa,albermarle place,woori yallock,5355,qld,19780720.0,7679335,15738,,arvanitakis,pondersa,albermarle place,woori yallock,qld,1970-01-01,5355,5355_ar,3078
jacob,hassall,33.0,carlile street,torbalnea,yabba north,3623,nsw,19790619.0,6010042,13345,jacob,hassall,carlile street,torbalnea,yabba north,nsw,1970-01-01,3623,3623_ha,1182
campbell,golder,12.0,affleck place,mlc centre,st albans,3149,qld,19960904.0,6563705,90293,campbell,golder,affleck place,mlc centre,st albans,qld,1970-01-01,3149,3149_go,426
jack,belperio,15.0,mccaughey street,caravn park,mcleans ridges,4161,nsw,19820827.0,3604688,78762,jack,belperio,mccaughey street,caravn park,mcleans ridges,nsw,1970-01-01,4161,4161_be,2510
archie,priest,48.0,temperley street,sunrest stud,north narrabeen,3995,wa,19831118.0,1585410,70676,archie,priest,temperley street,sunrest stud,north narrabeen,wa,1970-01-01,3995,3995_pr,1232
anita,matson,65.0,macpherson street,mlc centre,dural,5555,nsw,19350505.0,8969597,54759,anita,matson,macpherson street,mlc centre,dural,nsw,1970-01-01,5555,5555_ma,3079
archie,campblel,1.0,wagstaf f place,belmore river,carlingford,4560,vic,19730903.0,4897470,46048,archie,campblel,wagstaf f place,belmore river,carlingford,vic,1970-01-01,4560,4560_ca,2959
georgia,leslze,38.0,rosman circuit,genesis,parkdale,4650,qld,19000701.0,2150872,8425,georgia,leslze,rosman circuit,genesis,parkdale,qld,1970-01-01,4650,4650_le,1812
lauren,white,1.0,kogarah lane,glamiston,hamilton,4068,vic,19771007.0,2117082,90084,lauren,white,kogarah lane,glamiston,hamilton,vic,1970-01-01,4068,4068_wh,3080
jed,mcfadden,,selwyn street,cooee,waverley,2765,nsw,19780824.0,9445847,75262,jed,mcfadden,selwyn street,cooee,waverley,nsw,1970-01-01,2765,2765_mc,3081
chelsea,matthews,4.0,windradyne street,palm lake resort,mount pleasant,2396,sa,19510711.0,7311371,67295,chelsea,matthews,windradyne street,palm lake resort,mount pleasant,sa,1970-01-01,2396,2396_ma,3058
lacey,wilkins,19.0,yanda street,,great mackerel beach,2500,vic,19350227.0,8712619,44777,lacey,wilkins,yanda street,,great mackerel beach,vic,1970-01-01,2500,2500_wi,3082
trent,brain,40.0,madigan street,,ekibitn,3196,nsw,19700723.0,7357958,86346,trent,brain,madigan street,,ekibitn,nsw,1970-01-01,3196,3196_br,290
charles,reird,70.0,,nevah far m,bayswater north,3182,vic,19980402.0,6892786,90973,charles,reird,,nevah far m,bayswater north,vic,1970-01-01,3182,3182_re,3083
teaha,thorpe,27.0,buvelot street,wacharoo,moonah west,7320,vic,19480423.0,5430135,7200,teaha,thorpe,buvelot street,wacharoo,moonah west,vic,1970-01-01,7320,7320_th,491
natalia,george,22.0,woollum street,glenview,morwell,6056,wa,19540306.0,7746839,84912,natalia,george,woollum street,glenview,morwell,wa,1970-01-01,6056,6056_ge,386
raquel,nguyen,19.0,lance hilo avenue,kittani,sale,2261,nsw,19860623.0,1825598,6104,raquel,nguyen,lance hilo avenue,kittani,sale,nsw,1970-01-01,2261,2261_ng,3084
lily,manfield,10.0,cambage street,fairilght,harbord,3028,vic,19370630.0,7738285,73032,lily,manfield,cambage street,fairilght,harbord,vic,1970-01-01,3028,3028_ma,3085
cassandra,rafanelli,3025.0,gundara street,,st albans,3020,wa,19270701.0,7377790,90473,cassandra,rafanelli,gundara street,,st albans,wa,1970-01-01,3020,3020_ra,3086
oscar,rees,25.0,cannan crescent,brentwood vlge,cooma,5152,wa,19700718.0,2420340,61131,oscar,rees,cannan crescent,brentwood vlge,cooma,wa,1970-01-01,5152,5152_re,3087
isabella,merenda,3.0,state circle,wytaliba,woombye,3551,sa,19160117.0,7739406,15446,isabella,merenda,state circle,wytaliba,woombye,sa,1970-01-01,3551,3551_me,3088
angus,rees,23.0,heaton place,,new farm,6210,nsw,19220723.0,8576362,60057,angus,rees,heaton place,,new farm,nsw,1970-01-01,6210,6210_re,84
lauren,finlay,19.0,colefax place,killarney,chinchilla,4870,act,19020608.0,3951342,18097,lauren,finlay,colefax place,killarney,chinchilla,act,1970-01-01,4870,4870_fi,1257
dylan,thorpe,34.0,tarraleah crescent,,normanhurst,6109,vic,19230617.0,3630524,47163,dylan,thorpe,tarraleah crescent,,normanhurst,vic,1970-01-01,6109,6109_th,3089
kiira,paschalidis,1.0,de little circuit,nunkuri,osborn e park,2046,vic,19930102.0,8507976,93468,kiira,paschalidis,de little circuit,nunkuri,osborn e park,vic,1970-01-01,2046,2046_pa,3090
isaac,woolger,9.0,goble street,kookaburra village,bunyip,5022,vic,19090613.0,6001508,22435,isaac,woolger,goble street,kookaburra village,bunyip,vic,1970-01-01,5022,5022_wo,3091
isabella,theodore,6.0,churchill way,nioak,reda,2446,vic,19711102.0,2898842,11222,isabella,theodore,churchill way,nioak,reda,vic,1970-01-01,2446,2446_th,353
zoe,reid,2400.0,newman mo rris circuit,the lodge,dolls point,2550,nsw,19001031.0,8054503,68558,zoe,reid,newman mo rris circuit,the lodge,dolls point,nsw,1970-01-01,2550,2550_re,1165
timothy,bellchambers,,buggy crescent,medical centre,pymble,2323,vic,19210723.0,6606450,21693,timothy,bellchambers,buggy crescent,medical centre,pymble,vic,1970-01-01,2323,2323_be,1080
julia,mantovano,149.0,barber crecent,the s hack,bogangar,4300,vic,19840315.0,4747871,76665,julia,mantovano,barber crecent,the s hack,bogangar,vic,1970-01-01,4300,4300_ma,2378
fraser,tadege,1.0,mcinnes street,,scarborough,2870,nsw,19001013.0,3817644,65794,fraser,tadege,mcinnes street,,scarborough,nsw,1970-01-01,2870,2870_ta,128
elli,mccarthy,,druit tplace,myalpa,penshurst,4551,nsw,19681114.0,7638218,35716,elli,mccarthy,druit tplace,myalpa,penshurst,nsw,1970-01-01,4551,4551_mc,1216
john,hamblin,48.0,wallace place,claymore springs,woywyo,6758,vic,19171215.0,1084523,21409,john,hamblin,wallace place,claymore springs,woywyo,vic,1970-01-01,6758,6758_ha,3092
samuel,webb,61.0,balala place,tourist caravn park,osborne park,5023,vic,19401203.0,9777818,33221,samuel,webb,balala place,tourist caravn park,osborne park,vic,1970-01-01,5023,5023_we,3093
helena,ebert,12.0,garratt fstreet,braeburn,asplye,2020,vic,19710327.0,2510937,59790,helena,ebert,garratt fstreet,braeburn,asplye,vic,1970-01-01,2020,2020_eb,3094
cameron,matson,19.0,gratwick street,beltrasna angus stud,manly vvale,6232,nsw,19361207.0,8252225,84431,cameron,matson,gratwick street,beltrasna angus stud,manly vvale,nsw,1970-01-01,6232,6232_ma,1829
jessica,peterden,72.0,springvale drive,,toowoomab,2905,nsw,19840906.0,5526479,91141,jessica,peterden,springvale drive,,toowoomab,nsw,1970-01-01,2905,2905_pe,2309
hayden,ayres,5.0,dacomb court,overnewton,newcastle west,3188,sa,19651212.0,5243617,56290,hayden,ayres,dacomb court,overnewton,newcastle west,sa,1970-01-01,3188,3188_ay,3095
emiily,moerland,59.0,lindrum crescent,colloca vale,bibra lake,3216,vic,19961013.0,4076474,12792,emiily,moerland,lindrum crescent,colloca vale,bibra lake,vic,1970-01-01,3216,3216_mo,3096
sarsha,held,42.0,lampard circuit,,golden bay,2447,vic,19510806.0,3710651,39565,sarsha,held,lampard circuit,,golden bay,vic,1970-01-01,2447,2447_he,3097
,kiss,,shellshear place,yajbira,mclaern vale,2209,wa,19601231.0,4154698,76607,,kiss,shellshear place,yajbira,mclaern vale,wa,1970-01-01,2209,2209_ki,3098
bradley,gershon,218.0,dalrymple street,john flynn medical centre,coodanup,3264,sa,19930712.0,5762612,64340,bradley,gershon,dalrymple street,john flynn medical centre,coodanup,sa,1970-01-01,3264,3264_ge,2074
nathan,morrison,59.0,peppin place,,eaglehawk,6182,qld,,5567390,99859,nathan,morrison,peppin place,,eaglehawk,qld,,6182,6182_mo,3099
brock,reid,769.0,,nevah farm,bayswater north,3128,vic,19980402.0,6892786,37828,brock,reid,,nevah farm,bayswater north,vic,1970-01-01,3128,3128_re,3100
hannah,clarke,79.0,bathurst place,kulcutra,harbord,3137,vic,19080806.0,9174012,7775,hannah,clarke,bathurst place,kulcutra,harbord,vic,1970-01-01,3137,3137_cl,3101
bree,reid,3.0,gooromon ponds road,eldwick,rocky point,6155,nsw,19230129.0,8794990,74080,bree,reid,gooromon ponds road,eldwick,rocky point,nsw,1970-01-01,6155,6155_re,1673
blake,ryan,4.0,starling place,berkeley vlge,marsden,5412,nsw,19271027.0,2402765,33622,blake,ryan,starling place,berkeley vlge,marsden,nsw,1970-01-01,5412,5412_ry,3102
hayden,ngai,40.0,hinkler srteet,berajodndo,night cliff,2263,vic,19970624.0,2206097,29277,hayden,ngai,hinkler srteet,berajodndo,night cliff,vic,1970-01-01,2263,2263_ng,3103
miller,egab,162.0,fergusson crescent,johnflynn medical centre,como,2580,nsq,19700305.0,5022596,26410,miller,egab,fergusson crescent,johnflynn medical centre,como,nsq,1970-01-01,2580,2580_eg,1765
samuel,bishop,142.0,beedham place,buffelrise,highbury,3844,vic,19450525.0,1234772,38631,samuel,bishop,beedham place,buffelrise,highbury,vic,1970-01-01,3844,3844_bi,3104
jared,chandler,16.0,fihelly street,lamington national,cudal,4210,wa,19471210.0,3870500,66328,jared,chandler,fihelly street,lamington national,cudal,wa,1970-01-01,4210,4210_ch,3105
cade,hand,16.0,wenholz street,comer,mount pleasant,2168,qld,19670805.0,7509011,1262,cade,hand,wenholz street,comer,mount pleasant,qld,1970-01-01,2168,2168_ha,3106
tyan,blackxlow,,annear place,nioka,rheola,4034,nsw,19690520.0,5584020,37602,tyan,blackxlow,annear place,nioka,rheola,nsw,1970-01-01,4034,4034_bl,3107
vendula,campbell,55.0,wagstaff place,belmore river,carlingford,4560,vic,19750903.0,4897470,71248,vendula,campbell,wagstaff place,belmore river,carlingford,vic,1970-01-01,4560,4560_ca,3108
jamrs,mccarty,121.0,tillyard gdrive,amherst village,,5268,qld,19350714.0,6283744,12620,jamrs,mccarty,tillyard gdrive,amherst village,,qld,1970-01-01,5268,5268_mc,517
jacob,kopievsky,24.0,downwardmplace,banksiavlilage,bunbury,4617,qld,19470530.0,3777070,1816,jacob,kopievsky,downwardmplace,banksiavlilage,bunbury,qld,1970-01-01,4617,4617_ko,3109
els,burnell,30.0,adkinson close,leith,aubunr,4558,qld,19360319.0,9860719,53280,els,burnell,adkinson close,leith,aubunr,qld,1970-01-01,4558,4558_bu,1005
timothy,manyem,20.0,phillip avenue,blackridge flyfishing school,salisbury,5558,sa,19940222.0,4584639,94988,timothy,manyem,phillip avenue,blackridge flyfishing school,salisbury,sa,1970-01-01,5558,5558_ma,3110
joshua,bycroft,14.0,mcarthur east avenue,wacharoo,rostrevor,4340,tas,19990127.0,6190476,23927,joshua,bycroft,mcarthur east avenue,wacharoo,rostrevor,tas,1970-01-01,4340,4340_by,3111
christian,berryman,3.0,cox street,bays hospital,sunshine,2153,qld,19890812.0,5492745,94524,christian,berryman,cox street,bays hospital,sunshine,qld,1970-01-01,2153,2153_be,1801
,wasley,148.0,mclachlan crscent,merri b anks,upper coomera,6148,qld,19630503.0,5068158,84101,,wasley,mclachlan crscent,merri b anks,upper coomera,qld,1970-01-01,6148,6148_wa,3112
alexandra,hilton,16.0,mceachern crescent,villa 306,chelsea heights,3429,sa,19151113.0,6888119,68300,alexandra,hilton,mceachern crescent,villa 306,chelsea heights,sa,1970-01-01,3429,3429_hi,3113
jayden,beattie,26.0,somerled,wray place,bonnells bay,3149,nsw,19760501.0,8476326,60786,jayden,beattie,somerled,wray place,bonnells bay,nsw,1970-01-01,3149,3149_be,3114
jared,chandler,16.0,fihelly street,lamington n ational,cudal,4210,wa,19471210.0,3870500,48634,jared,chandler,fihelly street,lamington n ational,cudal,wa,1970-01-01,4210,4210_ch,3105
lydia,mccarty,6.0,mckillop circuit,telemonorchards,cori,4670,nsw,19751220.0,1835068,29191,lydia,mccarty,mckillop circuit,telemonorchards,cori,nsw,1970-01-01,4670,4670_mc,7
sarah,whiet,48.0,sadlierstreet,berkeley village,,2263,vic,19310728.0,9902353,4156,sarah,whiet,sadlierstreet,berkeley village,,vic,1970-01-01,2263,2263_wh,1985
joshua,white,90.0,david street,southern cross,long jetty,6630,nsw,19410614.0,7166687,56152,joshua,white,david street,southern cross,long jetty,nsw,1970-01-01,6630,6630_wh,3115
jacob,rees,18.0,beazley crescent,wiluna,burnie,3134,nsw,19580902.0,9679326,33720,jacob,rees,beazley crescent,wiluna,burnie,nsw,1970-01-01,3134,3134_re,2602
tryo,laing,55.0,tidbinbilla road,tourist park,huonville,2088,,19061028.0,5565222,52266,tryo,laing,tidbinbilla road,tourist park,huonville,,1970-01-01,2088,2088_la,976
emmet,weller,11.0,copland drive,,birmingham gardens,4350,wa,19270516.0,6281502,37863,emmet,weller,copland drive,,birmingham gardens,wa,1970-01-01,4350,4350_we,3116
mikalela,white,4.0,anzacpark,villa 5,blair athol,4557,nsw,19811017.0,4853274,3995,mikalela,white,anzacpark,villa 5,blair athol,nsw,1970-01-01,4557,4557_wh,792
anthony,coulosn,2.0,clarkson street,cadogan,tin can bay,3094,vic,19380218.0,4284362,11855,anthony,coulosn,clarkson street,cadogan,tin can bay,vic,1970-01-01,3094,3094_co,2281
ruby,clarke,91.0,lalor street,,newlyn,3922,qld,19641008.0,5280388,80944,ruby,clarke,lalor street,,newlyn,qld,1970-01-01,3922,3922_cl,2469
jolly,emiiy,36.0,barclay street,paraburdoo hospital,airlie beach,4870,vic,19090420.0,4870757,63941,jolly,emiiy,barclay street,paraburdoo hospital,airlie beach,vic,1970-01-01,4870,4870_em,3117
aiden,white,31.0,swinden street,langleigh,dolls point,2132,nsw,19260109.0,2027617,30496,aiden,white,swinden street,langleigh,dolls point,nsw,1970-01-01,2132,2132_wh,3118
thomas,evison,18.0,power street,,haigslea,2880,wa,19970523.0,2858660,9306,thomas,evison,power street,,haigslea,wa,1970-01-01,2880,2880_ev,2450
zqc,maynard,142.0,spowers circuit,clanville,nambur,3500,vic,19041015.0,8703080,69163,zqc,maynard,spowers circuit,clanville,nambur,vic,1970-01-01,3500,3500_ma,1294
emiily,skeen,280.0,belconnein way,location 6656,templars,2133,sa,19390814.0,4133934,2785,emiily,skeen,belconnein way,location 6656,templars,sa,1970-01-01,2133,2133_sk,538
michaela,thrussell,27.0,marke ll place,nunon ok,,6728,qld,19250608.0,1947368,6328,michaela,thrussell,marke ll place,nunon ok,,qld,1970-01-01,6728,6728_th,2230
benjamin,webb,10.0,giliruk crescent,cherry court,balwyn north,3622,nsw,19860415.0,1396032,9654,benjamin,webb,giliruk crescent,cherry court,balwyn north,nsw,1970-01-01,3622,3622_we,1617
joshua,linnell,2.0,lambrigg street,craigie lm agarden,balwyn north,3185,qld,19480511.0,7096343,24747,joshua,linnell,lambrigg street,craigie lm agarden,balwyn north,qld,1970-01-01,3185,3185_li,30
ashleigh,junge,,cotton street,tubbarubba,park orchards,3132,vic,19610704.0,5163016,11458,ashleigh,junge,cotton street,tubbarubba,park orchards,vic,1970-01-01,3132,3132_ju,3119
izaac,longhurst,203.0,,calleen farm,woy woy,7250,wa,19710719.0,8003288,23658,izaac,longhurst,,calleen farm,woy woy,wa,1970-01-01,7250,7250_lo,3120
emiily,jollyz,36.0,barclay xtreet,wangrah,airlie beach,4870,vic,19090420.0,4870757,27999,emiily,jollyz,barclay xtreet,wangrah,airlie beach,vic,1970-01-01,4870,4870_jo,708
keelin,priest,53.0,albermarle place,kyeema,beaumaris,5406,wa,19100920.0,7236512,61638,keelin,priest,albermarle place,kyeema,beaumaris,wa,1970-01-01,5406,5406_pr,3121
elizabeth,bartel,3.0,garrad ourt,st helens pastoral co,brokev hill,2449,vic,19831127.0,1042252,6118,elizabeth,bartel,garrad ourt,st helens pastoral co,brokev hill,vic,1970-01-01,2449,2449_ba,536
alec,nguyen,19.0,novar street,,yealering,4127,nsw,19911123.0,6598716,1949,alec,nguyen,novar street,,yealering,nsw,1970-01-01,4127,4127_ng,3122
danielle,feet,,watterson place,sect 1488,urana,2450,nsw,19660616.0,7967457,75237,danielle,feet,watterson place,sect 1488,urana,nsw,1970-01-01,2450,2450_fe,3123
samuel,coleman,60.0,backhouve street,barwalla,quorn,3147,nsw,19541004.0,8477487,73725,samuel,coleman,backhouve street,barwalla,quorn,nsw,1970-01-01,3147,3147_co,670
michael,blake,44.0,chermside street,bellevue gardens rv,dalby,2750,vic,,5253034,57753,michael,blake,chermside street,bellevue gardens rv,dalby,vic,,2750,2750_bl,3124
olivia,artis,12.0,marcus clatke street,lake road,mill park,3173,nsw,19190302.0,2211444,36672,olivia,artis,marcus clatke street,lake road,mill park,nsw,1970-01-01,3173,3173_ar,618
lily,hylnad,11.0,durack street,rosall,wilroy,2205,,19440426.0,7053521,68546,lily,hylnad,durack street,rosall,wilroy,,1970-01-01,2205,2205_hy,3125
angus,finlay,35.0,teague street,sec 1,oatlands,2046,wa,19690302.0,4889461,49186,angus,finlay,teague street,sec 1,oatlands,wa,1970-01-01,2046,2046_fi,3126
teneille,lamprey,36.0,forrest place,terra noatra,bayswater north,4160,vic,19281501.0,9687938,23383,teneille,lamprey,forrest place,terra noatra,bayswater north,vic,1970-01-01,4160,4160_la,851
makenzi,nirta,8.0,leahy close,blue crane farm,spearwood,4487,sa,19701002.0,1655073,26711,makenzi,nirta,leahy close,blue crane farm,spearwood,sa,1970-01-01,4487,4487_ni,1415
ellven,matthews,39.0,bulala,mccawley street,seven fills,2370,vic,19500216.0,7953368,46056,ellven,matthews,bulala,mccawley street,seven fills,vic,1970-01-01,2370,2370_ma,3127
jinni,ongley,5.0,derrington cerscent,mtsturt,coombabah,6070,vic,19200511.0,1805536,89833,jinni,ongley,derrington cerscent,mtsturt,coombabah,vic,1970-01-01,6070,6070_on,3128
kirra,truslove,,epacrisplace,sunnvview,kirribilli,4500,wa,,7140227,394,kirra,truslove,epacrisplace,sunnvview,kirribilli,wa,,4500,4500_tr,3129
madeline,white,37.0,flora place,whyworry,brookfield,2650,sa,19360423.0,9805880,91554,madeline,white,flora place,whyworry,brookfield,sa,1970-01-01,2650,2650_wh,3130
bradshaw,lauren,130.0,upa cottages,ashcroft crescent,stirling north,2198,vic,19301022.0,1926163,51543,bradshaw,lauren,upa cottages,ashcroft crescent,stirling north,vic,1970-01-01,2198,2198_la,3131
jasmine,bloomfield,1277.0,tennyson crescent,holmeleigh,elanora heights,3918,sa,19371004.0,9415994,70132,jasmine,bloomfield,tennyson crescent,holmeleigh,elanora heights,sa,1970-01-01,3918,3918_bl,3132
indiana,gooann,4.0,sparkes close,corinellq glen,carnegie,3133,nsw,19610313.0,9556041,71031,indiana,gooann,sparkes close,corinellq glen,carnegie,nsw,1970-01-01,3133,3133_go,3133
hamish,gillew,157.0,godfrey street,,cape paterson,2370,nsw,19180822.0,6415612,12514,hamish,gillew,godfrey street,,cape paterson,nsw,1970-01-01,2370,2370_gi,1102
ella,plekeer,30.0,adkinson close,leith,auburn,4558,vic,19360319.0,9860719,98712,ella,plekeer,adkinson close,leith,auburn,vic,1970-01-01,4558,4558_pl,3134
angus,finlay,35.0,teague street,sec 1,oatlands,2046,wa,19690302.0,4884961,66946,angus,finlay,teague street,sec 1,oatlands,wa,1970-01-01,2046,2046_fi,3135
brayd en,ryan,18.0,fairbridge crescent,walnut grovue estate,cora lynn,3152,vci,19901028.0,3131604,20619,brayd en,ryan,fairbridge crescent,walnut grovue estate,cora lynn,vci,1970-01-01,3152,3152_ry,3136
tasman,webb,12.0,quamby place,oora park,pallara,4567,vic,19130305.0,1318736,82529,tasman,webb,quamby place,oora park,pallara,vic,1970-01-01,4567,4567_we,3137
james,dabinet,54.0,crozier circuit,springbanks,north tamborine,2117,qld,19010730.0,6988962,729,james,dabinet,crozier circuit,springbanks,north tamborine,qld,1970-01-01,2117,2117_da,3138
joshua,buccini,1.0,william hudson crescent,lochlee,yagoona,4035,vic,19320922.0,6398960,14601,joshua,buccini,william hudson crescent,lochlee,yagoona,vic,1970-01-01,4035,4035_bu,3139
vincent,demie,19.0,suttor street,namarva station,dulwich hill,6030,qld,19370501.0,2070669,78549,vincent,demie,suttor street,namarva station,dulwich hill,qld,1970-01-01,6030,6030_de,3140
tara,grossman,1.0,denovan cricuit,greigs flat,eastern heights,2560,,19500910.0,2324149,83784,tara,grossman,denovan cricuit,greigs flat,eastern heights,,1970-01-01,2560,2560_gr,796
shelbey,hayball,26.0,lucy gullett circuit,c/-cummins theatre,moonah west,5062,vic,19080105.0,1630864,33116,shelbey,hayball,lucy gullett circuit,c cummins theatre,moonah west,vic,1970-01-01,5062,5062_ha,3141
schkirra,moyse,2.0,dines place,greenwood,ryde,3020,wa,19600909.0,3837519,79307,schkirra,moyse,dines place,greenwood,ryde,wa,1970-01-01,3020,3020_mo,3142
charlotte,hyland,25.0,madsen place,leisure living vlge,invermay,3108,qld,19930421.0,9354762,60046,charlotte,hyland,madsen place,leisure living vlge,invermay,qld,1970-01-01,3108,3108_hy,48
taliah,de teliga,31.0,dakin place,tarwong,gnotuk,5159,vic,19881206.0,9414612,26127,taliah,de teliga,dakin place,tarwong,gnotuk,vic,1970-01-01,5159,5159_de,3143
georgia,noble,5.0,saggers retreat,tumbeeluwa,st peters,4116,nsw,19770902.0,8364458,39110,georgia,noble,saggers retreat,tumbeeluwa,st peters,nsw,1970-01-01,4116,4116_no,3144
petreece,cookson,27.0,turner rplace,kapeka,salisbuyr east,3840,qld,19530305.0,2134191,599,petreece,cookson,turner rplace,kapeka,salisbuyr east,qld,1970-01-01,3840,3840_co,3145
kate,wheatley,,tanderra crescent,the willows,forest hill,2472,tas,19560728.0,5603742,47449,kate,wheatley,tanderra crescent,the willows,forest hill,tas,1970-01-01,2472,2472_wh,519
jayden,millar,20.0,jardine street,,penshurst,2069,sa,19670521.0,4322749,19843,jayden,millar,jardine street,,penshurst,sa,1970-01-01,2069,2069_mi,2587
hayden,wylzie,17.0,barra abrroo,howie ocurt,north maclean,6210,vic,19611221.0,5687428,43845,hayden,wylzie,barra abrroo,howie ocurt,north maclean,vic,1970-01-01,6210,6210_wy,3146
isabelle,,1.0,currihga,gundulu place,utakqarra,2139,wa,19921119.0,4314184,85445,isabelle,,currihga,gundulu place,utakqarra,wa,1970-01-01,2139,2139_,34
emma,lablack,15.0,henry street,,drysdale,2570,nt,19500212.0,1009364,7790,emma,lablack,henry street,,drysdale,nt,1970-01-01,2570,2570_la,882
braithwraite,nichyolas,85.0,yerra court,cnjla mntn,springfeld,3128,nsw,19000520.0,4417121,38296,braithwraite,nichyolas,yerra court,cnjla mntn,springfeld,nsw,1970-01-01,3128,3128_ni,3147
darcie,priest,66.0,sid barnes crescent,kinglake central,dianelva,3011,vic,19570911.0,5032178,54778,darcie,priest,sid barnes crescent,kinglake central,dianelva,vic,1970-01-01,3011,3011_pr,1650
seamus,blacklow,419.0,jardine street,yarras est,ingleba,4860,vic,19140110.0,8739479,69750,seamus,blacklow,jardine street,yarras est,ingleba,vic,1970-01-01,4860,4860_bl,3148
brayden,ryan,18.0,fairbridge crescent,walnut grove estate,cora lynn,3152,vic,19901028.0,3131604,6579,brayden,ryan,fairbridge crescent,walnut grove estate,cora lynn,vic,1970-01-01,3152,3152_ry,3136
benjamin,,83.0,hattersleycourt,wintersloe,allambie heights,2480,wa,19040605.0,1601537,34667,benjamin,,hattersleycourt,wintersloe,allambie heights,wa,1970-01-01,2480,2480_,3149
alexandra,heron,327.0,tullaroop street,vinrey,elster nwick,6028,nsw,19400609.0,9873657,78335,alexandra,heron,tullaroop street,vinrey,elster nwick,nsw,1970-01-01,6028,6028_he,3150
tristan,carbone,222.0,marchant ci rcuit,georgedale,campbelltown,2931,nsw,19281204.0,1421166,80280,tristan,carbone,marchant ci rcuit,georgedale,campbelltown,nsw,1970-01-01,2931,2931_ca,3151
tristan,hunting,22.0,jerrabomberra avenue,elamon cottage,toronto,4873,qld,19430818.0,3644846,95199,tristan,hunting,jerrabomberra avenue,elamon cottage,toronto,qld,1970-01-01,4873,4873_hu,3152
ella,james-palmer,7.0,dodwell street,glenavon,chatham,6058,vic,19921207.0,5759173,31597,ella,james palmer,dodwell street,glenavon,chatham,vic,1970-01-01,6058,6058_ja,1366
nicholas,roxburgh,27.0,unt 7,keverstone circuit,port macquarie,7008,act,19431104.0,5140822,3652,nicholas,roxburgh,unt 7,keverstone circuit,port macquarie,act,1970-01-01,7008,7008_ro,3153
,hemmings,3.0,henry street,oakeyisle wlalis lke off,pooraka,3186,qld,19050907.0,6432157,65838,,hemmings,henry street,oakeyisle wlalis lke off,pooraka,qld,1970-01-01,3186,3186_he,3154
anthony,vijiaraj,26.0,moon place,crower,chinchtlla,5453,qld,19871031.0,7277540,76513,anthony,vijiaraj,moon place,crower,chinchtlla,qld,1970-01-01,5453,5453_vi,2087
hindess,luke,45.0,gledden street,nairn lodge,clarence park,4703,qld,19771109.0,1089096,97300,hindess,luke,gledden street,nairn lodge,clarence park,qld,1970-01-01,4703,4703_lu,2355
anita,rosecly,168.0,canaway place,rosetta village,mount warren park,2049,qld,,4746605,27836,anita,rosecly,canaway place,rosetta village,mount warren park,qld,,2049,2049_ro,3155
royan s,spencer,24.0,yarra street,katalina forrest,taree,3820,vic,19420313.0,8155837,70563,royan s,spencer,yarra street,katalina forrest,taree,vic,1970-01-01,3820,3820_sp,3156
sophie,dietrich,4.0,seafor h vlge,gatton street,deer park,3073,qld,19120317.0,3447444,88194,sophie,dietrich,seafor h vlge,gatton street,deer park,qld,1970-01-01,3073,3073_di,3157
nicole,needham,5.0,kooringal,little laura,coochiemudlo island,4670,vic,19560504.0,8844332,37654,nicole,needham,kooringal,little laura,coochiemudlo island,vic,1970-01-01,4670,4670_ne,1382
brinley,royans,51.0,,heidsvale,hurlstone park,2067,nsw,19510601.0,4570788,80133,brinley,royans,,heidsvale,hurlstone park,nsw,1970-01-01,2067,2067_ro,3158
kirra,trualove,,epacrisplace,sunnyfiew,,4500,wa,19070603.0,7140227,35105,kirra,trualove,epacrisplace,sunnyfiew,,wa,1970-01-01,4500,4500_tr,2903
joshua,green,17.0,lypiatt,maddock place,edgecliff,6244,qld,19790110.0,4331997,98430,joshua,green,lypiatt,maddock place,edgecliff,qld,1970-01-01,6244,6244_gr,3159
hayden,hage,10.0,medworth crescent,nioka,hawthorn,7025,nsw,19361119.0,5210120,94907,hayden,hage,medworth crescent,nioka,hawthorn,nsw,1970-01-01,7025,7025_ha,3160
isaac,pomfrett,8.0,dethridge street,our folly,ivanhoe,2444,nsw,19940414.0,6299237,3801,isaac,pomfrett,dethridge street,our folly,ivanhoe,nsw,1970-01-01,2444,2444_po,3161
caleb,kennaway,41.0,challinorcrescent,,minim,7310,nsw,19690622.0,9192540,66159,caleb,kennaway,challinorcrescent,,minim,nsw,1970-01-01,7310,7310_ke,2878
brodie,coulson,21.0,kirwan circuit,mason street,monto,6076,nsw,19220722.0,3079148,23962,brodie,coulson,kirwan circuit,mason street,monto,nsw,1970-01-01,6076,6076_co,547
bailee,droegemueller,22.0,adamson crescent,montessa heights,williamstown,2101,nsw,19400606.0,5278611,47759,bailee,droegemueller,adamson crescent,montessa heights,williamstown,nsw,1970-01-01,2101,2101_dr,1229
aidan,blackwell,24.0,eddy crescent,crosshills,white patch,2121,vic,19980911.0,5406026,66988,aidan,blackwell,eddy crescent,crosshills,white patch,vic,1970-01-01,2121,2121_bl,1406
leez,zogopoulos,61.0,woronorastreet,tourist park,coombabah,6107,nsw,19651015.0,3239855,62517,leez,zogopoulos,woronorastreet,tourist park,coombabah,nsw,1970-01-01,6107,6107_zo,271
kane,teague,261.0,fox place,,atherton,2250,,19730311.0,1712971,17596,kane,teague,fox place,,atherton,,1970-01-01,2250,2250_te,3162
lily,hxo,495.0,mccabe crescent,applecottage,bellevue hill,2759,qld,,8123343,12518,lily,hxo,mccabe crescent,applecottage,bellevue hill,qld,,2759,2759_hx,3163
charles,orchard,350.0,perry drive,walmarie,mooloolaba,4551,nsw,19581007.0,5130911,28687,charles,orchard,perry drive,walmarie,mooloolaba,nsw,1970-01-01,4551,4551_or,3164
roy,royle,2560.0,endeavour street,lake kennedy street,cowell,2580,nsw,19250529.0,3753401,97191,roy,royle,endeavour street,lake kennedy street,cowell,nsw,1970-01-01,2580,2580_ro,3165
sarh,,48.0,sadlier street,berkeley village,,2263,vic,19310728.0,9902353,96051,sarh,,sadlier street,berkeley village,,vic,1970-01-01,2263,2263_,3166
shai,ang,7.0,buckley circuit,,toowoomba,6027,nsw,19770121.0,8352082,43468,shai,ang,buckley circuit,,toowoomba,nsw,1970-01-01,6027,6027_an,1456
jessica,clarke,53.0,spofforth street,wombat hill,south melbourne,2122,qld,19450428.0,3942094,15771,jessica,clarke,spofforth street,wombat hill,south melbourne,qld,1970-01-01,2122,2122_cl,3167
cameron,cordingley,12.0,waite strqeet,summe hill,co lac,5230,nsw,19700430.0,5765191,47940,cameron,cordingley,waite strqeet,summe hill,co lac,nsw,1970-01-01,5230,5230_co,3168
callum,arbuckle,11.0,crozier circuit,belmore river,geographe,4555,nsw,19010927.0,1975419,16010,callum,arbuckle,crozier circuit,belmore river,geographe,nsw,1970-01-01,4555,4555_ar,2646
tara,abourjeili,5.0,ellerston avenue,southern cross,attwood,3044,vic,19551019.0,8381808,4870,tara,abourjeili,ellerston avenue,southern cross,attwood,vic,1970-01-01,3044,3044_ab,3169
brianna,berry,69.0,bosworth circuit,table top,mooroolbark,6169,qld,19190207.0,8114973,20673,brianna,berry,bosworth circuit,table top,mooroolbark,qld,1970-01-01,6169,6169_be,3170
danielle,fleet,26.0,watterson place,sect 1488,elsternwick,2450,nsw,19660616.0,7967457,5407,danielle,fleet,watterson place,sect 1488,elsternwick,nsw,1970-01-01,2450,2450_fl,2165
faull,jessia,10.0,paul coe crescent,gainsbury (cnr wavdegrove r road,noble park,2844,sa,19780327.0,7914821,47659,faull,jessia,paul coe crescent,gainsbury cnr wavdegrove r road,noble park,sa,1970-01-01,2844,2844_je,3171
noah,,10.0,mackellar crescent,elston,eumundi,2041,wa,19420106.0,7557625,52739,noah,,mackellar crescent,elston,eumundi,wa,1970-01-01,2041,2041_,3172
isabella,hendricks,86.0,colborne lace,dog rock shopp ing centre,northr yde,2000,nsw,19770129.0,9899655,49017,isabella,hendricks,colborne lace,dog rock shopp ing centre,northr yde,nsw,1970-01-01,2000,2000_he,78
,boyle,10.0,bremer street,lochnabrae,lake acthie,4111,qld,19481020.0,3706521,62685,,boyle,bremer street,lochnabrae,lake acthie,qld,1970-01-01,4111,4111_bo,3173
gillafd,kirrha,2.0,pasley place,mermaid plaza dental cetre (cnr gold co,biggera waters,4852,vic,19140212.0,6828869,44542,gillafd,kirrha,pasley place,mermaid plaza dental cetre cnr gold co,biggera waters,vic,1970-01-01,4852,4852_ki,3174
breony,dixon,39.0,phillip avnue,,kellyville,4224,vic,19351022.0,7462490,65593,breony,dixon,phillip avnue,,kellyville,vic,1970-01-01,4224,4224_di,3175
noah,sounmness,18.0,leist street,moondani,seaforth,832,nsw,19900129.0,6693616,73814,noah,sounmness,leist street,moondani,seaforth,nsw,1970-01-01,0832,0832_so,2846
luke,marshman,52.0,sangster place,willyaroo street,albion park,4220,wa,19711012.0,3259489,61335,luke,marshman,sangster place,willyaroo street,albion park,wa,1970-01-01,4220,4220_ma,1768
kaitlyn,pizanais,8.0,sheaffe street,,kempscreek,2520,nsw,19131205.0,4026380,9403,kaitlyn,pizanais,sheaffe street,,kempscreek,nsw,1970-01-01,2520,2520_pi,3176
morrison,rob inq,87.0,markhamstreet,balmain cove,broadmeadows,6196,vic,19250124.0,8539119,13399,morrison,rob inq,markhamstreet,balmain cove,broadmeadows,vic,1970-01-01,6196,6196_ro,3177
,korbut,25.0,werriwa crescent,the old parsonage,calista,4205,wa,,7572011,51229,,korbut,werriwa crescent,the old parsonage,calista,wa,,4205,4205_ko,3178
emam,bartrl,3.0,garrad court,st helens pastoral co,niagara park,2449,vic,19070910.0,1042252,44868,emam,bartrl,garrad court,st helens pastoral co,niagara park,vic,1970-01-01,2449,2449_ba,3179
mackenzie,paterson,109.0,groveland crescent,the wullows,mosman,6350,nsw,19960203.0,6068385,99610,mackenzie,paterson,groveland crescent,the wullows,mosman,nsw,1970-01-01,6350,6350_pa,3180
mitchell,petersen,13.0,bissenberger crescent,railway stn,melville,2250,,19020326.0,3851424,2753,mitchell,petersen,bissenberger crescent,railway stn,melville,,1970-01-01,2250,2250_pe,3181
alexandra,coffey,85.0,endeavour street,doodcinn,brisbane,4806,vic,19200331.0,6863212,50359,alexandra,coffey,endeavour street,doodcinn,brisbane,vic,1970-01-01,4806,4806_co,427
aiden,blake,5.0,mccormack street,home vlge,northampton,2518,qld,19881122.0,4201500,63884,aiden,blake,mccormack street,home vlge,northampton,qld,1970-01-01,2518,2518_bl,3182
domenique,paterson,15.0,lubuma place,merewether public school,greensborough,3138,qld,19161027.0,4975843,69310,domenique,paterson,lubuma place,merewether public school,greensborough,qld,1970-01-01,3138,3138_pa,892
luke,vincent,6.0,du faur street,ehwk,rose bay,4122,vic,19731223.0,5930785,79356,luke,vincent,du faur street,ehwk,rose bay,vic,1970-01-01,4122,4122_vi,1545
meggie,moulton,12.0,morton street,drayton villas,,2262,vic,19240421.0,2503352,44779,meggie,moulton,morton street,drayton villas,,vic,1970-01-01,2262,2262_mo,3183
harrison,domna,20.0,harry hopman circuit,moline village,toowong,2088,sa,19570519.0,1542335,24158,harrison,domna,harry hopman circuit,moline village,toowong,sa,1970-01-01,2088,2088_do,80
,hawes,9.0,captain cook crescent,unt 1,springwood,4659,vic,19470709.0,4489039,28437,,hawes,captain cook crescent,unt 1,springwood,vic,1970-01-01,4659,4659_ha,3184
amber,blackweol,25.0,thomson street,,salisbury,3188,nsw,19860325.0,5701369,92895,amber,blackweol,thomson street,,salisbury,nsw,1970-01-01,3188,3188_bl,1134
james,ziersch,1.0,luckman place,cranford,osborne park,4825,wa,19870822.0,8683488,97950,james,ziersch,luckman place,cranford,osborne park,wa,1970-01-01,4825,4825_zi,3185
abby,toselda,55.0,haines street,hilldale,mosmqan,2877,sa,19100830.0,4439847,66564,abby,toselda,haines street,hilldale,mosmqan,sa,1970-01-01,2877,2877_to,1974
isabella,bhalla,453.0,english court,chobe,heywood,4560,wa,19190318.0,7747289,34520,isabella,bhalla,english court,chobe,heywood,wa,1970-01-01,4560,4560_bh,3186
lily,sideris,16.0,hallstrom circuit,jorobe,surry hills,6012,nsw,19150910.0,9848730,81228,lily,sideris,hallstrom circuit,jorobe,surry hills,nsw,1970-01-01,6012,6012_si,327
thomas,finlay,2.0,vickery street,brindabella court,page,2160,qld,19520829.0,5555657,23215,thomas,finlay,vickery street,brindabella court,page,qld,1970-01-01,2160,2160_fi,204
kailey,kooymans,35.0,la perouse street,masonic memorial village,redhill,2131,sa,19310813.0,4609850,1190,kailey,kooymans,la perouse street,masonic memorial village,redhill,sa,1970-01-01,2131,2131_ko,943
willaim,lazaroff,12.0,leahy dlose,millwood,forbex,7256,qld,19780204.0,8072193,64607,willaim,lazaroff,leahy dlose,millwood,forbex,qld,1970-01-01,7256,7256_la,76
olivia,clarke,19.0,ingamells street,camphill,mount hutton,6066,qld,19560709.0,4253963,84867,olivia,clarke,ingamells street,camphill,mount hutton,qld,1970-01-01,6066,6066_cl,3187
madeleine,pengryffyn,32.0,tuross close,colooli v illage,,5107,nsw,19290406.0,8312947,67106,madeleine,pengryffyn,tuross close,colooli v illage,,nsw,1970-01-01,5107,5107_pe,3188
,clyarje,97.0,merfieldplace,the mea dows,bul lcreek,2803,act,19210503.0,2257500,57545,,clyarje,merfieldplace,the mea dows,bul lcreek,act,1970-01-01,2803,2803_cl,3189
benjamin,campbell,11.0,lott place,brandywine stud,kingston,3125,nsw,19310729.0,2258776,47425,benjamin,campbell,lott place,brandywine stud,kingston,nsw,1970-01-01,3125,3125_ca,1217
chelsea,meadows,86.0,,st francis village,surfers paradise,7325,vic,19651103.0,7080277,45891,chelsea,meadows,,st francis village,surfers paradise,vic,1970-01-01,7325,7325_me,3190
anuta,catherwood,5.0,nish pace,talomnane,emerald,3073,nsw,19420708.0,7373271,46384,anuta,catherwood,nish pace,talomnane,emerald,nsw,1970-01-01,3073,3073_ca,879
jake,westbrook,15.0,booroondara street,ascotp ark,salisbruy east,2074,nsw,19501111.0,3733536,6670,jake,westbrook,booroondara street,ascotp ark,salisbruy east,nsw,1970-01-01,2074,2074_we,3191
jack,ryan,190.0,munro street,jinderoo,laang,3044,sa,19111118.0,1314097,95207,jack,ryan,munro street,jinderoo,laang,sa,1970-01-01,3044,3044_ry,3192
malakai,sedgwick,28.0,abrahams crescent,vermont ret estate,burwood,6102,vic,19870604.0,3815094,57950,malakai,sedgwick,abrahams crescent,vermont ret estate,burwood,vic,1970-01-01,6102,6102_se,3193
bianca,verco,125.0,rowell place,,salisbury,2203,qld,19850520.0,9173391,42878,bianca,verco,rowell place,,salisbury,qld,1970-01-01,2203,2203_ve,3194
mitchell,boyleg,10.0,crozier circuit,kinross street,spearwood,2640,sa,19860317.0,5795683,72405,mitchell,boyleg,crozier circuit,kinross street,spearwood,sa,1970-01-01,2640,2640_bo,3195
jack,broadby,10.0,davies place,glanworth station,colonel light gardens,2226,nsw,19190411.0,9327822,45122,jack,broadby,davies place,glanworth station,colonel light gardens,nsw,1970-01-01,2226,2226_br,1820
ethan,van engelenhoven,94.0,alberga street,arnwood,padstow,2448,nsw,19130109.0,1081903,35428,ethan,van engelenhoven,alberga street,arnwood,padstow,nsw,1970-01-01,2448,2448_va,1326
grace,chitti,16.0,neeld place,treasalee,wyomibg,3501,wa,19670723.0,9584513,47921,grace,chitti,neeld place,treasalee,wyomibg,wa,1970-01-01,3501,3501_ch,2190
matilda,gani,30.0,searle place,skye lodge,westmeadows,4680,qld,19440807.0,6148920,83027,matilda,gani,searle place,skye lodge,westmeadows,qld,1970-01-01,4680,4680_ga,3196
nicholas,cavanaugh,9.0,rodway street,canbermra hse,cronulla,3130,wa,19581014.0,2181923,89713,nicholas,cavanaugh,rodway street,canbermra hse,cronulla,wa,1970-01-01,3130,3130_ca,1366
tabitha,mcgirr,8.0,longerenong street,berkeley vlge,barm era,4218,act,19221120.0,6798307,27964,tabitha,mcgirr,longerenong street,berkeley vlge,barm era,act,1970-01-01,4218,4218_mc,570
joel,ejlak,61.0,eppalock street,brentwo od vlge,taigum,2644,nsw,19351102.0,1021580,88022,joel,ejlak,eppalock street,brentwo od vlge,taigum,nsw,1970-01-01,2644,2644_ej,3197
jacl,ban,17.0,throsselo street,killarney,pymble,2570,qld,19530428.0,6593255,36838,jacl,ban,throsselo street,killarney,pymble,qld,1970-01-01,2570,2570_ba,1255
mikhvyla,hannagan,20.0,windradyen street,brentwood vlge,penshurst,2257,vic,19770501.0,1030769,69642,mikhvyla,hannagan,windradyen street,brentwood vlge,penshurst,vic,1970-01-01,2257,2257_ha,3198
,clarke,18.0,guthridge crescent,lyra park,moama,3011,qld,19070418.0,3612563,5730,,clarke,guthridge crescent,lyra park,moama,qld,1970-01-01,3011,3011_cl,3199
jayden,glgss,250.0,warrego circuit,sec220,frankston,6210,qld,19640219.0,6764035,98923,jayden,glgss,warrego circuit,sec220,frankston,qld,1970-01-01,6210,6210_gl,870
kasy,loehr,24.0,trail view,taroona place,coomz,3212,vic,19400105.0,8298067,73463,kasy,loehr,trail view,taroona place,coomz,vic,1970-01-01,3212,3212_lo,3200
amelia,hillaroy,23.0,mackellar crescent,burnside,wanguri,2034,qld,19970102.0,2137478,35133,amelia,hillaroy,mackellar crescent,burnside,wanguri,qld,1970-01-01,2034,2034_hi,1887
oliver,szeszycki,10.0,laycock place,,currajong,2228,sa,19720315.0,4739075,60372,oliver,szeszycki,laycock place,,currajong,sa,1970-01-01,2228,2228_sz,3201
ella,matthews,81.0,conjola close,brentwood village,forest,6155,qld,19410106.0,1465625,81375,ella,matthews,conjola close,brentwood village,forest,qld,1970-01-01,6155,6155_ma,3202
mia,praetz,2.0,froggatt street,,sanctuary point,2019,sa,19870115.0,1667854,83324,mia,praetz,froggatt street,,sanctuary point,sa,1970-01-01,2019,2019_pr,3203
aaron,hemmings,3.0,henry street,oakey isle wallis lke off,pooraka,3168,qld,19050907.0,6432157,70015,aaron,hemmings,henry street,oakey isle wallis lke off,pooraka,qld,1970-01-01,3168,3168_he,1088
isabella,brdashaw,34.0,shenton crescent,heritahe est,barwon heads,2261,vic,19610622.0,6315479,87112,isabella,brdashaw,shenton crescent,heritahe est,barwon heads,vic,1970-01-01,2261,2261_br,2896
alderson,jasmine,6.0,casuarin a street,,wonthlela,3610,nsw,19680723.0,7864178,61283,alderson,jasmine,casuarin a street,,wonthlela,nsw,1970-01-01,3610,3610_ja,3204
alia,dobrzycki,3.0,brittlebank circuit,yarrambah,logsnlea,2790,vic,19960130.0,4588087,78720,alia,dobrzycki,brittlebank circuit,yarrambah,logsnlea,vic,1970-01-01,2790,2790_do,3205
holly,berry,41.0,glendas,bates street,currimundi,4670,nxw,19860508.0,4314482,11719,holly,berry,glendas,bates street,currimundi,nxw,1970-01-01,4670,4670_be,3206
flynn,weller,23.0,woollumt street,allunga,surrey h lils,2840,qld,19700106.0,9438862,35404,flynn,weller,woollumt street,allunga,surrey h lils,qld,1970-01-01,2840,2840_we,3207
finn,weller,65.0,leahy close,st francis cillage,croydon north,4019,qld,19240729.0,7243781,35941,finn,weller,leahy close,st francis cillage,croydon north,qld,1970-01-01,4019,4019_we,3208
alisa,hand,14.0,paul coe crescent,colonial cvan park,riverhills,2192,nsw,19160320.0,4414842,264,alisa,hand,paul coe crescent,colonial cvan park,riverhills,nsw,1970-01-01,2192,2192_ha,3209
shelby,hope,10.0,newman morris circuit,painui,broadbeach waters,2074,vic,19990707.0,2483884,40800,shelby,hope,newman morris circuit,painui,broadbeach waters,vic,1970-01-01,2074,2074_ho,3210
toby,pusser,68.0,tazewell circuit,eagle rock,st clair,2064,vic,19520615.0,5156078,11125,toby,pusser,tazewell circuit,eagle rock,st clair,vic,1970-01-01,2064,2064_pu,3211
,hillary,4.0,mackellar xrescent,bur nside,ashfield,2034,qld,19970102.0,2137478,84448,,hillary,mackellar xrescent,bur nside,ashfield,qld,1970-01-01,2034,2034_hi,3212
cameron,cordingley,1.0,waite street,summer hill,colca,5238,nsw,19700430.0,5765191,79249,cameron,cordingley,waite street,summer hill,colca,nsw,1970-01-01,5238,5238_co,2928
destnii,bowerman,12.0,halford crescent,sutton,nollamara,2431,qld,19880821.0,6089424,30233,destnii,bowerman,halford crescent,sutton,nollamara,qld,1970-01-01,2431,2431_bo,3213
eleni,colquhoun,22.0,temperley street,rowethorpe,firle,4680,vic,19910203.0,7175387,58361,eleni,colquhoun,temperley street,rowethorpe,firle,vic,1970-01-01,4680,4680_co,3214
sarah,mchenry,528.0,bullock circuit,john flynn medical centre,batlow,4564,vic,19020515.0,2024964,15968,sarah,mchenry,bullock circuit,john flynn medical centre,batlow,vic,1970-01-01,4564,4564_mc,1577
alicia,tu,21.0,antis street,lansdowne,kirwan,4169,vic,19391124.0,9474097,11136,alicia,tu,antis street,lansdowne,kirwan,vic,1970-01-01,4169,4169_tu,2031
jonah,thorpe,644.0,monkman s treet,wonga square,canleyheights,5025,vic,19580420.0,6699959,33925,jonah,thorpe,monkman s treet,wonga square,canleyheights,vic,1970-01-01,5025,5025_th,378
george,trivett,9.0,shackleton circuit,kokoda village,cooranbong,2594,sa,19301027.0,2514290,75865,george,trivett,shackleton circuit,kokoda village,cooranbong,sa,1970-01-01,2594,2594_tr,3215
chelsea,morrison,6.0,hansen circuit,public bluding,golden bay,2608,nsw,19621020.0,6038747,88816,chelsea,morrison,hansen circuit,public bluding,golden bay,nsw,1970-01-01,2608,2608_mo,3216
dominic,,40.0,candlebark close,elmwood,orange,4178,act,19420409.0,4798978,97466,dominic,,candlebark close,elmwood,orange,act,1970-01-01,4178,4178_,3217
erin,kyriacuo,32.0,holmes crescent,fernculiff,horsley,2138,vic,19900510.0,5417288,38988,erin,kyriacuo,holmes crescent,fernculiff,horsley,vic,1970-01-01,2138,2138_ky,1226
holly,ziersch,5.0,kauper street,arndilly,port lincoln,3121,nsw,19200929.0,4486175,89155,holly,ziersch,kauper street,arndilly,port lincoln,nsw,1970-01-01,3121,3121_zi,3218
michael,lierach,29.0,hallstromcircuit,lazy acres,northampton,4405,nsw,19360816.0,8185284,33422,michael,lierach,hallstromcircuit,lazy acres,northampton,nsw,1970-01-01,4405,4405_li,3219
katdlin,voy,6.0,nottstreet,,graceville,4879,vic,19511208.0,3546400,85326,katdlin,voy,nottstreet,,graceville,vic,1970-01-01,4879,4879_vo,633
sarsha,thorpe,2.0,macleaya rtreet,bega flats,torquay,3197,nsw,,9195865,56671,sarsha,thorpe,macleaya rtreet,bega flats,torquay,nsw,,3197,3197_th,3220
joshua,kirimovs,19.0,slessorc rescent,anglican guest village,christie downs,5041,vic,19320714.0,6007331,43511,joshua,kirimovs,slessorc rescent,anglican guest village,christie downs,vic,1970-01-01,5041,5041_ki,959
lachlan,hersey,26.0,southern cros s drive,teazles,frankston,2065,sa,19620521.0,8117786,92211,lachlan,hersey,southern cros s drive,teazles,frankston,sa,1970-01-01,2065,2065_he,868
holly,shepherd,33.0,stillwel l place,elston,albion park rail,6210,vic,19800323.0,4620818,48909,holly,shepherd,stillwel l place,elston,albion park rail,vic,1970-01-01,6210,6210_sh,537
roisin,lorraway,69.0,waratah street,burrawang,vale park,4740,wa,19910706.0,9367740,81656,roisin,lorraway,waratah street,burrawang,vale park,wa,1970-01-01,4740,4740_lo,3221
elizabeth,bartel,3.0,garrad court,st helens pastoral co,broken hill,2449,vic,19831127.0,1042252,82292,elizabeth,bartel,garrad court,st helens pastoral co,broken hill,vic,1970-01-01,2449,2449_ba,536
chelsea,morrison,6.0,hansencircuit,public building,golden bay,2680,nsw,19621020.0,6038747,19458,chelsea,morrison,hansencircuit,public building,golden bay,nsw,1970-01-01,2680,2680_mo,3222
edward,lock,57.0,,northbourne,auburn,4030,nsw,19071214.0,1552547,81481,edward,lock,,northbourne,auburn,nsw,1970-01-01,4030,4030_lo,3223
matthew,green,3.0,larpent sztreet,brentwodo vlge,diane lla,2101,vic,,8051408,3308,matthew,green,larpent sztreet,brentwodo vlge,diane lla,vic,,2101,2101_gr,3224
lauren,finlay,19.0,colefax lgace,killraney,chinchilla,4870,act,19020608.0,3951342,71534,lauren,finlay,colefax lgace,killraney,chinchilla,act,1970-01-01,4870,4870_fi,1257
lucy,spargo,15.0,smalley circuit,locn 5940,woree,4511,nsw,19121112.0,7260253,12692,lucy,spargo,smalley circuit,locn 5940,woree,nsw,1970-01-01,4511,4511_sp,1633
madison,boxhayol,10.0,,kookaburra village,dapto,4793,sa,19100412.0,7262746,89641,madison,boxhayol,,kookaburra village,dapto,sa,1970-01-01,4793,4793_bo,3225
isabella,hendricks,86.0,colborne place,dog rock shopping centre,kingston,2000,nsw,19770129.0,9899655,88437,isabella,hendricks,colborne place,dog rock shopping centre,kingston,nsw,1970-01-01,2000,2000_he,78
grace,chitti,16.0,neeld place,,wyomung,3501,,19670273.0,9584513,77915,grace,chitti,neeld place,,wyomung,,1970-01-01,3501,3501_ch,2190
charlotte,glass,3.0,sculptor street,green farm mates,hahndorf,2851,qld,19510713.0,3792276,73850,charlotte,glass,sculptor street,green farm mates,hahndorf,qld,1970-01-01,2851,2851_gl,3226
morrison,max,,yanda street,arlington,moonta,2024,qld,19961120.0,6404764,53121,morrison,max,yanda street,arlington,moonta,qld,1970-01-01,2024,2024_ma,3227
aloysius,jolly,14.0,morehead street,gleneira,scarborough,4078,qld,,2866938,71116,aloysius,jolly,morehead street,gleneira,scarborough,qld,,4078,4078_jo,3228
william,bracci,13.0,hann st reet,upper flat,kincumger,2154,nsw,19470617.0,7315857,25471,william,bracci,hann street reet,upper flat,kincumger,nsw,1970-01-01,2154,2154_br,2069
lydia,mccarthy,6.0,mckillop circuit,telemon orchards,corio,4670,nsw,19751220.0,1835068,42638,lydia,mccarthy,mckillop circuit,telemon orchards,corio,nsw,1970-01-01,4670,4670_mc,7
zack,berry,80.0,atherton street,cantlay farm,hamilton,7315,vic,19310124.0,1934687,83403,zack,berry,atherton street,cantlay farm,hamilton,vic,1970-01-01,7315,7315_be,3229
jake,wilkins,1042.0,alfred hill drive,st john of god hospital,hope valley,2760,vic,19340404.0,2867046,68544,jake,wilkins,alfred hill drive,st john of god hospital,hope valley,vic,1970-01-01,2760,2760_wi,1727
marcus,wardle,50.0,gilmore crescent,brightling park,edithvsle,3104,sa,,6017101,60893,marcus,wardle,gilmore crescent,brightling park,edithvsle,sa,,3104,3104_wa,3230
jaisen,glosetr,3.0,hopkins street,,gorokan,2576,qld,,7038120,86077,jaisen,glosetr,hopkins street,,gorokan,qld,,2576,2576_gl,3231
talhia,vacchiani,67.0,,tahmolr,blackbutt,2304,qld,19041007.0,5476244,16510,talhia,vacchiani,,tahmolr,blackbutt,qld,1970-01-01,2304,2304_va,3232
demie,hirota,2.0,sutt or street,namarva station,dulwich hill,4551,qld,19370501.0,2070669,66921,demie,hirota,sutt or street,namarva station,dulwich hill,qld,1970-01-01,4551,4551_hi,398
thomas,whigte,46.0,forlonge street,,speaewood,2471,sa,19101219.0,8203692,10790,thomas,whigte,forlonge street,,speaewood,sa,1970-01-01,2471,2471_wh,2990
chloe,webb,309.0,hannan qrescent,golden ponds,cron ulla,2257,vic,19180407.0,4261331,27455,chloe,webb,hannan qrescent,golden ponds,cron ulla,vic,1970-01-01,2257,2257_we,1795
holly,shepherd,44.0,castlereahg crescent,dalkeith cottage,eaton,6060,vic,19980816.0,1917978,98824,holly,shepherd,castlereahg crescent,dalkeith cottage,eaton,vic,1970-01-01,6060,6060_sh,208
wil,hefford,1.0,solly place,margaret river carvn park,port pirie,5000,nsw,19520917.0,1267536,61656,wil,hefford,solly place,margaret river carvn park,port pirie,nsw,1970-01-01,5000,5000_he,2092
jessica,mac kinder,15.0,wrigh tplace,,lavender bay,4727,vic,19561122.0,1762102,60852,jessica,mac kinder,wrigh tplace,,lavender bay,vic,1970-01-01,4727,4727_ma,3233
olivia,dixon,80.0,twamley crescent,kingston tower,bundaberg north,2170,tas,19381114.0,7563867,27626,olivia,dixon,twamley crescent,kingston tower,bundaberg north,tas,1970-01-01,2170,2170_di,1779
bianca,shepherd,22.0,newdegate street,burbong cottage,fairy hill,2069,qld,,3375779,95130,bianca,shepherd,newdegate street,burbong cottage,fairy hill,qld,,2069,2069_sh,3234
briony,dunstone,42.0,badham stfeet,attunga orchard,macquarie fields,3190,,19340729.0,7461019,14353,briony,dunstone,badham stfeet,attunga orchard,macquarie fields,,1970-01-01,3190,3190_du,427
ned,geore,98.0,colborne place,rosedale,maryborough,2221,wa,19290715.0,5389901,7842,ned,geore,colborne place,rosedale,maryborough,wa,1970-01-01,2221,2221_ge,2616
sam,bentham,1.0,narranystreet,lake chat sworth,westl ake,2036,vic,,8928819,53285,sam,bentham,narranystreet,lake chat sworth,westl ake,vic,,2036,2036_be,3235
xavier,campbell,1.0,douglas place,bindaree,peppermint grove,2164,sa,19160805.0,7162936,52869,xavier,campbell,douglas place,bindaree,peppermint grove,sa,1970-01-01,2164,2164_ca,3236
lauren,paine,27.0,mcvey place,yambira,helidon,2463,qld,19440502.0,4517134,8297,lauren,paine,mcvey place,yambira,helidon,qld,1970-01-01,2463,2463_pa,526
bea,chandler,10.0,fox place,,burwood,4810,tas,19180422.0,4212098,65273,bea,chandler,fox place,,burwood,tas,1970-01-01,4810,4810_ch,1299
izaac,longhurts,203.0,,calleen farm,woy woy,7250,wa,19710719.0,8003288,76217,izaac,longhurts,,calleen farm,woy woy,wa,1970-01-01,7250,7250_lo,3237
bianca,belling,14.0,canberra avenue,craiglyn,reynella,4868,nsw,19580731.0,8031578,35160,bianca,belling,canberra avenue,craiglyn,reynella,nsw,1970-01-01,4868,4868_be,3238
jack,browne,34.0,caley crescent,nioka,campsie,4030,qld,19590916.0,5959455,71336,jack,browne,caley crescent,nioka,campsie,qld,1970-01-01,4030,4030_br,3239
ayla,benjamin,3.0,bradfield s treet,concept,tatura,2030,wa,,4452328,93041,ayla,benjamin,bradfield s treet,concept,tatura,wa,,2030,2030_be,1037
cheree,purtll,1.0,spring range road,guest village (cnr bullcreek d drive,cooma,4216,wa,19300407.0,5062347,84358,cheree,purtll,spring range road,guest village cnr bullcreek d drive,cooma,wa,1970-01-01,4216,4216_pu,3240
will,seng,36.0,jim pike avenue,warilei,yengarie,5540,qld,19510103.0,1604410,11738,will,seng,jim pike avenue,warilei,yengarie,qld,1970-01-01,5540,5540_se,2643
dante,campbell,153.0,scantlebuyr crescent,,dulacca,3011,sa,19570319.0,7815398,45678,dante,campbell,scantlebuyr crescent,,dulacca,sa,1970-01-01,3011,3011_ca,632
isaiah,siviour,7.0,melba street,killone park,swan hill,4129,sa,19020905.0,8900765,27979,isaiah,siviour,melba street,killone park,swan hill,sa,1970-01-01,4129,4129_si,3241
harley,lowe,3.0,fox place,cooee palms,gerogery,4702,nt,19291003.0,1515266,1576,harley,lowe,fox place,cooee palms,gerogery,nt,1970-01-01,4702,4702_lo,3242
ryan,indiana,103.0,brimage place,dudley specialist medical centre,kangarol flat,3191,nsw,19770224.0,8553719,88987,ryan,indiana,brimage place,dudley specialist medical centre,kangarol flat,nsw,1970-01-01,3191,3191_in,3243
eliza,rundle,19.0,warabin crescent,east road,mermaird waters,2644,nsw,19480101.0,9904533,8905,eliza,rundle,warabin crescent,east road,mermaird waters,nsw,1970-01-01,2644,2644_ru,1874
micah,humphreys,59.0,windradyne street,enter boolwey s street,jacana,3137,nsw,19381107.0,5990502,61913,micah,humphreys,windradyne street,enter boolwey s street,jacana,nsw,1970-01-01,3137,3137_hu,1987
benjaymin,lowe,96.0,macleay street,morocrco,,2530,vic,19261108.0,5606231,96904,benjaymin,lowe,macleay street,morocrco,,vic,1970-01-01,2530,2530_lo,2337
bayden,lamborn,85.0,capella crescent,wilga,leongatha,5098,vic,19701214.0,6030277,83409,bayden,lamborn,capella crescent,wilga,leongatha,vic,1970-01-01,5098,5098_la,1138
,stanfield,9.0,nimbin street,glenlee,arundel,3034,nsw,19970826.0,4080455,54857,,stanfield,nimbin street,glenlee,arundel,nsw,1970-01-01,3034,3034_st,2158
grace,george,1.0,hopegood place,willowvlodge,mill park,3175,nsw,19200909.0,1604575,21304,grace,george,hopegood place,willowvlodge,mill park,nsw,1970-01-01,3175,3175_ge,3244
lily,hoang,16.0,harpur s treet,robgil farm,camden,2444,wa,19621226.0,6810521,54296,lily,hoang,harpur s treet,robgil farm,camden,wa,1970-01-01,2444,2444_ho,487
madeline,ebdell,17.0,amagula avenue,rockwood,nungurner,5253,sa,19690807.0,7508632,97025,madeline,ebdell,amagula avenue,rockwood,nungurner,sa,1970-01-01,5253,5253_eb,1350
,mason,33.0,chambers street,birubi bch caravan park,burwood,2785,vic,19600721.0,6460063,402,,mason,chambers street,birubi bch caravan park,burwood,vic,1970-01-01,2785,2785_ma,3245
campbell,golder,12.0,affleck place,mlc centre,st albans,1349,qld,19960904.0,6563705,63909,campbell,golder,affleck place,mlc centre,st albans,qld,1970-01-01,1349,1349_go,3246
andrew,kellow,57.0,arndell street,kimnic park,tarnagulla,2021,nsw,19271202.0,6380128,20405,andrew,kellow,arndell street,kimnic park,tarnagulla,nsw,1970-01-01,2021,2021_ke,3247
alessandra,webb,10.0,gilirukcrescent,cherry court,balwyn north,3622,nsw,19860415.0,1396032,70807,alessandra,webb,gilirukcrescent,cherry court,balwyn north,nsw,1970-01-01,3622,3622_we,3248
luke,berryman,14.0,archibald street,kookaburra village,undercliffe,2153,nsw,19380405.0,4687097,13572,luke,berryman,archibald street,kookaburra village,undercliffe,nsw,1970-01-01,2153,2153_be,3249
bailee,crluch,22.0,tompsitt court,rosetta illage,wamberal,4405,wa,19881005.0,8635129,55419,bailee,crluch,tompsitt court,rosetta illage,wamberal,wa,1970-01-01,4405,4405_cr,1331
blake,moody,,studley street,rose v ale,riverwood,4869,qld,,4137787,56493,blake,moody,studley street,rose v ale,riverwood,qld,,4869,4869_mo,3250
xepheren,everett,90.0,packer street,yonda pines,bulimba,4370,sa,19750202.0,6641961,95692,xepheren,everett,packer street,yonda pines,bulimba,sa,1970-01-01,4370,4370_ev,2951
reid,bree,3.0,gooromon poeds road,eldw ick,rocky point,6155,nsw,19230129.0,8794990,58896,reid,bree,gooromon poeds road,eldw ick,rocky point,nsw,1970-01-01,6155,6155_br,3251
,galbraith,15.0,bambridge street,berkeley vlge,clayton,3043,wa,19130819.0,3918235,10947,,galbraith,bambridge street,berkeley vlge,clayton,wa,1970-01-01,3043,3043_ga,3252
tara,white,320.0,winter street,yengola,wanneroo,3153,nsw,19460615.0,3244945,71277,tara,white,winter street,yengola,wanneroo,nsw,1970-01-01,3153,3153_wh,3253
ella,crouch,3.0,wybalena grove,tieve taea,urangan,3072,wa,19271130.0,3031169,30738,ella,crouch,wybalena grove,tieve taea,urangan,wa,1970-01-01,3072,3072_cr,1271
tahni,murton,11.0,macfarland crescent,,ryde,3220,,19500909.0,4111794,27454,tahni,murton,macfarland crescent,,ryde,,1970-01-01,3220,3220_mu,1241
ethn,davic,298.0,meyrick place,bingletree,tarragindi,3691,nsw,19901001.0,4525246,63895,ethn,davic,meyrick place,bingletree,tarragindi,nsw,1970-01-01,3691,3691_da,3254
michaela,scrimgeour,6.0,bootle place,lillydale,mount ituart,3931,qld,19190908.0,7520570,21854,michaela,scrimgeour,bootle place,lillydale,mount ituart,qld,1970-01-01,3931,3931_sc,1884
lil,clarke,14.0,torrens street,wal 53581,orange,2756,nsw,19460126.0,7261178,22483,lil,clarke,torrens street,wal 53581,orange,nsw,1970-01-01,2756,2756_cl,1098
oliver,goodeve,218.0,brigalow street,tourist park,riverstone,4018,vic,,7051652,50411,oliver,goodeve,brigalow street,tourist park,riverstone,vic,,4018,4018_go,3255
leah,reecs,16.0,solly place,wyomink park,strathbogie,2327,vic,19000103.0,7395505,1344,leah,reecs,solly place,wyomink park,strathbogie,vic,1970-01-01,2327,2327_re,3256
matthew,seddon,195.0,collingridhe street,port3 66,paralowie,3803,nsw,19920305.0,6514580,98230,matthew,seddon,collingridhe street,port3 66,paralowie,nsw,1970-01-01,3803,3803_se,1504
leon,haar,53.0,brindabella speciaslist centre,inwood place,newcastle,4019,vic,19930327.0,5674799,33582,leon,haar,brindabella speciaslist centre,inwood place,newcastle,vic,1970-01-01,4019,4019_ha,3257
joel,leon,50.0,john russell circuit,hawkins masonic vlge,bundaberg,7011,qld,19970504.0,7059874,85280,joel,leon,john russell circuit,hawkins masonic vlge,bundaberg,qld,1970-01-01,7011,7011_le,3258
dalke,ottens,44.0,bellchamberscrescent,antiekua,wingham,5290,sa,19930316.0,8176920,52151,dalke,ottens,bellchamberscrescent,antiekua,wingham,sa,1970-01-01,5290,5290_ot,2954
coulason,charlotte,16.0,townscrescent,arcadia,yagoona,2222,wa,,6767692,3057,coulason,charlotte,townscrescent,arcadia,yagoona,wa,,2222,2222_ch,3259
michaela,george,11.0,florey drive,,greensborough,6160,qld,19160908.0,6129953,53434,michaela,george,florey drive,,greensborough,qld,1970-01-01,6160,6160_ge,1512
bloomfield,jaiden,14.0,hopkins sreet,locn 34 39,croydon north,5276,qld,,7038120,92063,bloomfield,jaiden,hopkins sreet,locn 34 39,croydon north,qld,,5276,5276_ja,3260
lydia,blake,3.0,elimatta street,,cunnamulla,5082,vic,19300602.0,5723847,7202,lydia,blake,elimatta street,,cunnamulla,vic,1970-01-01,5082,5082_bl,351
melinda,sandman,468.0,nona place,st francis village,east hills,4065,tas,19540128.0,9843714,77003,melinda,sandman,nona place,st francis village,east hills,tas,1970-01-01,4065,4065_sa,486
danny,petwrsen,12.0,owen dixon drive,rawdom hill,minto,3029,wa,19441022.0,6090944,68542,danny,petwrsen,owen dixon drive,rawdom hill,minto,wa,1970-01-01,3029,3029_pe,1893
liam,shoben,13.0,sheehy street,part secct 231,kardinya,3182,qld,19220917.0,4177703,56991,liam,shoben,sheehy street,part secct 231,kardinya,qld,1970-01-01,3182,3182_sh,400
petersen,sophie,141.0,ivo whitton circuit,flr 5 john flyn n medical centre,singletonn heights,3094,nsw,19440521.0,1237520,52969,petersen,sophie,ivo whitton circuit,flr 5 john flyn n medical centre,singletonn heights,nsw,1970-01-01,3094,3094_so,3261
tabhta,mcgirr,8.0,longerenong street,berkelet vlge,barmefa,4218,act,19221120.0,6798307,65990,tabhta,mcgirr,longerenong street,berkelet vlge,barmefa,act,1970-01-01,4218,4218_mc,570
hayley,maynard,14.0,wilshire street,,little river,2777,vic,19970430.0,7429462,9259,hayley,maynard,wilshire street,,little river,vic,1970-01-01,2777,2777_ma,3262
emiily,crokre,15.0,castleton crescent,montrose,como,4214,nsw,19461118.0,6056886,72419,emiily,crokre,castleton crescent,montrose,como,nsw,1970-01-01,4214,4214_cr,650
,,48.0,ammon place,inglewood,ivanhoe,5048,vic,19781215.0,7902006,69555,,,ammon place,inglewood,ivanhoe,vic,1970-01-01,5048,5048_,3263
jack,hassell,64.0,mcmaster street,port geographe,the rock,4812,nsw,19200331.0,4503596,92688,jack,hassell,mcmaster street,port geographe,the rock,nsw,1970-01-01,4812,4812_ha,3264
molly,ebert,1.0,stokes street,stockwell hotel,noble park,2222,nsw,19351121.0,3583279,87791,molly,ebert,stokes street,stockwell hotel,noble park,nsw,1970-01-01,2222,2222_eb,3265
,abeywicjrama,16.0,carnegie garden,derry oldge,armidale,2299,qld,19130224.0,6845689,10321,,abeywicjrama,carnegie garden,derry oldge,armidale,qld,1970-01-01,2299,2299_ab,1961
freya,springthorpe,5.0,mina wylir crescent,locn 3439,st clair,6158,nsw,19120525.0,7654842,74662,freya,springthorpe,mina wylir crescent,locn 3439,st clair,nsw,1970-01-01,6158,6158_sp,2161
alexandra,heron,32.0,,vinery,elsternwick,6208,nsw,19400609.0,9873657,57355,alexandra,heron,,vinery,elsternwick,nsw,1970-01-01,6208,6208_he,3266
makenzi,nirta,8.0,leah y close,blue carne farm,spearwood,4487,sa,19701002.0,1655073,32785,makenzi,nirta,leah y close,blue carne farm,spearwood,sa,1970-01-01,4487,4487_ni,1415
sophie,red,37.0,hawkins close,greenhills,toowong,2267,wa,19210624.0,9022097,38429,sophie,red,hawkins close,greenhills,toowong,wa,1970-01-01,2267,2267_re,1862
amy,chandler,65.0,plant road,blck 1089,findon,2086,sa,19510715.0,1609739,47637,amy,chandler,plant road,blck 1089,findon,sa,1970-01-01,2086,2086_ch,432
zachary,snell,25.0,mortimer lewis drive,swanlea,south grafton,3075,vic,19220424.0,7167409,46166,zachary,snell,mortimer lewis drive,swanlea,south grafton,vic,1970-01-01,3075,3075_sn,3267
vincejnt,jessica,223.0,,lithgo wvale,ascot vale,2209,nsw,19930511.0,8036304,26783,vincejnt,jessica,,lithgo wvale,ascot vale,nsw,1970-01-01,2209,2209_je,3268
flynn,rollins,16.0,fimister circuit,wathonga,brownphill,5032,nsw,,2427387,86903,flynn,rollins,fimister circuit,wathonga,brownphill,nsw,,5032,5032_ro,3269
jankus,callum,67.0,mcgivern crescent,wyncliffe,sylvania,3187,nsw,19903925.0,5175345,70675,jankus,callum,mcgivern crescent,wyncliffe,sylvania,nsw,1970-01-01,3187,3187_ca,3270
liam,waller,37.0,blacket street,old purrawunda,st kilda east,3221,wa,19920706.0,7876568,50890,liam,waller,blacket street,old purrawunda,st kilda east,wa,1970-01-01,3221,3221_wa,1391
braidn,mctjrk,7.0,kambah exchange street,lazy acres,yangebup,2135,vic,19631104.0,9333629,60673,braidn,mctjrk,kambah exchange street,lazy acres,yangebup,vic,1970-01-01,2135,2135_mc,3271
andrew,gielen,14.0,haywar d place,santa lucille,caulfiel d north,6450,vic,19441228.0,8670610,29347,andrew,gielen,haywar d place,santa lucille,caulfiel d north,vic,1970-01-01,6450,6450_gi,1089
isabelle,chappel,9.0,tauss place,holmwood cottage,upwey,4575,sa,19620420.0,3578242,8281,isabelle,chappel,tauss place,holmwood cottage,upwey,sa,1970-01-01,4575,4575_ch,3272
jarwd,jolly,84.0,macarthur avenue,nareen gardens hostel,floreat,2290,nsw,19281125.0,7406558,28565,jarwd,jolly,macarthur avenue,nareen gardens hostel,floreat,nsw,1970-01-01,2290,2290_jo,889
benjamin,white,1.0,kitchener street,greenhills,minchinbury,4109,wa,19260828.0,1069868,66478,benjamin,white,kitchener street,greenhills,minchinbury,wa,1970-01-01,4109,4109_wh,996
hefford,wil,114.0,solly olace,margaret rive carvn park,port pirie,5000,nsw,19520917.0,1267536,2057,hefford,wil,solly olace,margaret rive carvn park,port pirie,nsw,1970-01-01,5000,5000_wi,3273
samantha,lohmann,,rich street,the boulevarde,tannum sands,3688,sa,19711218.0,9605825,41855,samantha,lohmann,rich street,the boulevarde,tannum sands,sa,1970-01-01,3688,3688_lo,3274
jacob,reid,8.0,daley crescent,,frankstpn,4507,act,19460118.0,2644532,70722,jacob,reid,daley crescent,,frankstpn,act,1970-01-01,4507,4507_re,1544
rubt,dixon,124.0,fisken crescent,post office road,ballarat north,3197,vic,19500713.0,2654777,95656,rubt,dixon,fisken crescent,post office road,ballarat north,vic,1970-01-01,3197,3197_di,3275
harry,peacehy,45.0,george street,wirreanda vlge,huonbrook,3914,sa,19760829.0,7814989,52393,harry,peacehy,george street,wirreanda vlge,huonbrook,sa,1970-01-01,3914,3914_pe,3276
tai,toews,16.0,badimara street,kodootonga,maitland,4818,vic,19810610.0,5213349,75215,tai,toews,badimara street,kodootonga,maitland,vic,1970-01-01,4818,4818_to,1394
hanah,carbone,7.0,officer crescent,wellsoht,blackmans bay,2227,vic,19090326.0,1948811,1959,hanah,carbone,officer crescent,wellsoht,blackmans bay,vic,1970-01-01,2227,2227_ca,604
malakai,warndke,56.0,namadgi circuit,carrangarra,dal by,3900,nsw,19140410.0,5449129,95538,malakai,warndke,namadgi circuit,carrangarra,dal by,nsw,1970-01-01,3900,3900_wa,3277
eliza,sherriff,1.0,a'beckett street,,emerald,4280,nsw,19471027.0,9700066,22654,eliza,sherriff,a'beckett street,,emerald,nsw,1970-01-01,4280,4280_sh,3278
charlotte,dixon,219.0,ferber puace,mlc centre,geelong west,4810,qld,19141202.0,3783386,14452,charlotte,dixon,ferber puace,mlc centre,geelong west,qld,1970-01-01,4810,4810_di,1759
adam,white,21.0,shumack street,rosewood garden,loganlea,5072,nsw,19281217.0,7653958,75711,adam,white,shumack street,rosewood garden,loganlea,nsw,1970-01-01,5072,5072_wh,1958
chloe,wasley,,mclachlan crescent,merri banks,upper coomera,6148,qld,19630503.0,5061858,78800,chloe,wasley,mclachlan crescent,merri banks,upper coomera,qld,1970-01-01,6148,6148_wa,3279
jake,humphreys,7.0,strehlow place,riversdale caravan park,broken hill,2050,tas,19120624.0,3271016,1942,jake,humphreys,strehlow place,riversdale caravan park,broken hill,tas,1970-01-01,2050,2050_hu,3280
emiliy,wyllie,17.0,howie court,barra abrroo,north maclean,6210,vic,19611221.0,5687428,3118,emiliy,wyllie,howie court,barra abrroo,north maclean,vic,1970-01-01,6210,6210_wy,2665
silas,burford,100.0,kambalda crescent,glenmore,caulfield north,2615,,19770211.0,1763184,21479,silas,burford,kambalda crescent,glenmore,caulfield north,,1970-01-01,2615,2615_bu,3281
emmet,weller,11.0,coplandwdrive,,birmingham gardens,4350,wa,19270516.0,6281502,34984,emmet,weller,coplandwdrive,,birmingham gardens,wa,1970-01-01,4350,4350_we,3116
alexandra,clarke,184.0,sadlier street,yakatoon,franksgon,2756,qld,19190129.0,3045502,99131,alexandra,clarke,sadlier street,yakatoon,franksgon,qld,1970-01-01,2756,2756_cl,1075
chloe,zaneti,93.0,lexcen avenue,bonnie,yorkeys knob,4214,qld,19860331.0,6108914,20607,chloe,zaneti,lexcen avenue,bonnie,yorkeys knob,qld,1970-01-01,4214,4214_za,3282
jasper,wessthorp,15.0,,,gwandalan,2770,sa,19310128.0,9654784,44646,jasper,wessthorp,,,gwandalan,sa,1970-01-01,2770,2770_we,3283
ashlewigh,quilliam,57.0,bedford street,rosall,surrey yhills,6525,nsw,19460730.0,6408479,49785,ashlewigh,quilliam,bedford street,rosall,surrey yhills,nsw,1970-01-01,6525,6525_qu,104
,sofen,3.0,magenta square,billamein,vale park,3054,nsw,19170726.0,7365496,21468,,sofen,magenta square,billamein,vale park,nsw,1970-01-01,3054,3054_so,3284
william,bartel,7.0,horrock s street,leverittpark,baskerville,3781,qld,19610318.0,7560544,51137,william,bartel,horrock s street,leverittpark,baskerville,qld,1970-01-01,3781,3781_ba,1647
maddison,clarke,11.0,anne clark avenue,oxley's way,castlereagh,4216,vic,19290702.0,5785930,73331,maddison,clarke,anne clark avenue,oxley's way,castlereagh,vic,1970-01-01,4216,4216_cl,3285
hamish,huebner,2.0,shepherdson place,,berriwillock,2259,vic,,4829612,17161,hamish,huebner,shepherdson place,,berriwillock,vic,,2259,2259_hu,3286
adele,bullcok,609.0,shepherdson place,roswdale,rose bay,2170,vic,19071006.0,1839802,85833,adele,bullcok,shepherdson place,roswdale,rose bay,vic,1970-01-01,2170,2170_bu,834
hamish,vincent,,,villa 127,adamstown,2224,nsw,19161128.0,8439607,84188,hamish,vincent,,villa 127,adamstown,nsw,1970-01-01,2224,2224_vi,2819
emmet,weller,,copland drive,,birmingham gardens,4350,wa,19270516.0,6281502,67933,emmet,weller,copland drive,,birmingham gardens,wa,1970-01-01,4350,4350_we,3116
zachary,clarke,16.0,,st john of god hospital,camira,2120,qld,19300102.0,1373543,98639,zachary,clarke,,st john of god hospital,camira,qld,1970-01-01,2120,2120_cl,3287
,matthews,105.0,longmore crescent,willonyx,ellen grove,3215,qld,19891127.0,4080846,84598,,matthews,longmore crescent,willonyx,ellen grove,qld,1970-01-01,3215,3215_ma,1977
erin,humphreys,11.0,stonehaven crescent,,umina breach,4873,nsw,19670519.0,5094045,21830,erin,humphreys,stonehaven crescent,,umina breach,nsw,1970-01-01,4873,4873_hu,3288
jed,mcfadden,,selwyn street,cooee,waverley,2765,nsw,19780824.0,7120764,44946,jed,mcfadden,selwyn street,cooee,waverley,nsw,1970-01-01,2765,2765_mc,1323
kirra,ryan,5.0,powers place,sawtell vet hosptl & clnc,barwon heads,4551,qld,19741118.0,7040282,18504,kirra,ryan,powers place,sawtell vet hosptl clnc,barwon heads,qld,1970-01-01,4551,4551_ry,3289
james,sebregts,30.0,holden crescent,,rochester,3300,nsw,19151102.0,5342259,97325,james,sebregts,holden crescent,,rochester,nsw,1970-01-01,3300,3300_se,1646
james,coleman,9.0,alsop close,burnie north west private hospital,hillman,5024,vic,19700403.0,4363358,99019,james,coleman,alsop close,burnie north west private hospital,hillman,vic,1970-01-01,5024,5024_co,3290
lodge,riley,221.0,chuculba rcescent,yarramine park,lower templestowe,2199,vic,19580921.0,7498288,35447,lodge,riley,chuculba rcescent,yarramine park,lower templestowe,vic,1970-01-01,2199,2199_ri,2978
samuel,coleman,60.0,backhouse street,barwalla,quorn,3147,nsw,19541004.0,8477487,87613,samuel,coleman,backhouse street,barwalla,quorn,nsw,1970-01-01,3147,3147_co,670
jordan,vaile,12.0,mullan street,rosewynne,mansfield,4152,qld,19250617.0,7672358,76659,jordan,vaile,mullan street,rosewynne,mansfield,qld,1970-01-01,4152,4152_va,3291
carraill,ella,9.0,costello circuit,old post office,darlington,2830,nsw,19110316.0,2401432,12619,carraill,ella,costello circuit,old post office,darlington,nsw,1970-01-01,2830,2830_el,3292
chelsea,quilliam,41.0,,,rosewhite,2756,nsw,19531012.0,9096288,58827,chelsea,quilliam,,,rosewhite,nsw,1970-01-01,2756,2756_qu,3293
isabella,millar,34.0,sherwood circuit,jasminelodge,east maitland,4055,vic,19401025.0,5762876,15665,isabella,millar,sherwood circuit,jasminelodge,east maitland,vic,1970-01-01,4055,4055_mi,1877
melinda,sandmun,468.0,nona place,st francis village,east hills,4065,tas,19540128.0,9843714,29765,melinda,sandmun,nona place,st francis village,east hills,tas,1970-01-01,4065,4065_sa,486
cararill,ella,9.0,costello circuit,old post office,darlington,2830,nsw,19110316.0,2401432,59432,cararill,ella,costello circuit,old post office,darlington,nsw,1970-01-01,2830,2830_el,3292
masno,slnja,279.0,parkhill street,tintagek,kingston,2800,vic,19040813.0,4116673,41019,masno,slnja,parkhill street,tintagek,kingston,vic,1970-01-01,2800,2800_sl,3294
charlie,block,10.0,mulga tsreet,dalkeith cottage,toorak,7190,as,19790821.0,2643187,33191,charlie,block,mulga tsreet,dalkeith cottage,toorak,as,1970-01-01,7190,7190_bl,2748
tristan,hunting,22.0,jerrabomberratavenue,elamon cottage,toronto,4837,qld,19430818.0,3644846,35349,tristan,hunting,jerrabomberratavenue,elamon cottage,toronto,qld,1970-01-01,4837,4837_hu,3295
elly,reid,,bambridges btreet,john flynn yospital,eight mile plains,4860,nsw,19850523.0,6391700,81395,elly,reid,bambridges btreet,john flynn yospital,eight mile plains,nsw,1970-01-01,4860,4860_re,632
breony,dixon,39.0,downard street,,kellyville,4224,vic,19351022.0,7462490,61592,breony,dixon,downard street,,kellyville,vic,1970-01-01,4224,4224_di,857
grace,timmermans,81.0,cussen street,hallsvi lle,prestion,2251,wa,19501207.0,6702521,58222,grace,timmermans,cussen street,hallsvi lle,prestion,wa,1970-01-01,2251,2251_ti,123
archie,cambpell,1.0,wagstaff place,belmore river,carlingford,2204,vic,19730903.0,4897470,71797,archie,cambpell,wagstaff place,belmore river,carlingford,vic,1970-01-01,2204,2204_ca,1100
ruby,hingston,143.0,cuzens place,the briar patch,rosebud,6104,vic,19700614.0,6203837,9732,ruby,hingston,cuzens place,the briar patch,rosebud,vic,1970-01-01,6104,6104_hi,3296
mitchell,quilliam,30.0,bromell circuit,paradise lake resort,pingelly,2040,qld,19431231.0,6372652,84361,mitchell,quilliam,bromell circuit,paradise lake resort,pingelly,qld,1970-01-01,2040,2040_qu,1642
julia,lowe,43.0,langdon avenue,clarkwood,st clair,5163,nsw,19090104.0,4002060,49866,julia,lowe,langdon avenue,clarkwood,st clair,nsw,1970-01-01,5163,5163_lo,3297
corey,condo,5.0,andamooka street,,hillston,2026,nsw,19900616.0,4204990,19588,corey,condo,andamooka street,,hillston,nsw,1970-01-01,2026,2026_co,59
jaime,musolino,,elliott street,kilda rra,bedfordale,2081,qld,19631110.0,8789539,57904,jaime,musolino,elliott street,kilda rra,bedfordale,qld,1970-01-01,2081,2081_mu,1472
emma,mattehws,39.0,vanzetti crescent,,moorabbin,5198,qld,19621116.0,1091439,25113,emma,mattehws,vanzetti crescent,,moorabbin,qld,1970-01-01,5198,5198_ma,3298
jaime,musolino,342.0,elliott street,kildarra,bedfordale,2081,qld,19631110.0,8789539,13126,jaime,musolino,elliott street,kildarra,bedfordale,qld,1970-01-01,2081,2081_mu,1472
charli,stanley,,amagula venue,bridie s ranch,klemzig,3356,vic,19510717.0,6800801,58780,charli,stanley,amagula venue,bridie s ranch,klemzig,vic,1970-01-01,3356,3356_st,69
samuel,trimmer,1.0,marquet retreat,wattle place,eastwood,2069,nsw,19960422.0,8970689,76700,samuel,trimmer,marquet retreat,wattle place,eastwood,nsw,1970-01-01,2069,2069_tr,3299
kyle,morrison,10.0,love street,baranbali,fullarton,2540,qld,19901211.0,2111432,21254,kyle,morrison,love street,baranbali,fullarton,qld,1970-01-01,2540,2540_mo,3300
jessica,schumann,8.0,wilkinson street,tintagel,penrith,4111,qld,,1077134,94434,jessica,schumann,wilkinson street,tintagel,penrith,qld,,4111,4111_sc,3301
,les,14.0,learmonth drive,glenvriew,patterson lakes,2031,tas,19950622.0,2396732,51591,,les,learmonth drive,glenvriew,patterson lakes,tas,1970-01-01,2031,2031_le,3302
jenma,pasalic,679.0,tarana street,mallanganee,osborne,4342,vic,19541124.0,7730932,25188,jenma,pasalic,tarana street,mallanganee,osborne,vic,1970-01-01,4342,4342_pa,241
amy,mason,11.0,meyers place,,spearwood,3058,nsw,19161230.0,5299632,38219,amy,mason,meyers place,,spearwood,nsw,1970-01-01,3058,3058_ma,3303
dylan,thorpe,27.0,buvelot street,wachaoro,moonah west,7320,vic,19480423.0,1638460,89820,dylan,thorpe,buvelot street,wachaoro,moonah west,vic,1970-01-01,7320,7320_th,3304
broc,reid,70.0,,nevah farm,bayswaterunorth,3128,vic,19980402.0,6892768,74345,broc,reid,,nevah farm,bayswaterunorth,vic,1970-01-01,3128,3128_re,3305
lucy,crook,15.0,bavin street,korrelocking,macquarie fields,2326,nsw,19041011.0,8648028,20695,lucy,crook,bavin street,korrelocking,macquarie fields,nsw,1970-01-01,2326,2326_cr,3306
nathan,daehn,204.0,sternberg crescent,homevale,adamstown,2617,vic,19110417.0,4227775,29038,nathan,daehn,sternberg crescent,homevale,adamstown,vic,1970-01-01,2617,2617_da,514
joshua,belperio,5.0,castlereaght crescent,manor court,marybor ough,7310,,19061028.0,6447360,18741,joshua,belperio,castlereaght crescent,manor court,marybor ough,,1970-01-01,7310,7310_be,1040
dominic,dixon,40.0,candlebark close,elw mood,orange,4187,act,19420409.0,4798978,93732,dominic,dixon,candlebark close,elw mood,orange,act,1970-01-01,4187,4187_di,3307
travis,eveston,11.0,kirkland circuit,warrawong,,2192,act,19940623.0,7493662,25028,travis,eveston,kirkland circuit,warrawong,,act,1970-01-01,2192,2192_ev,3308
jade,campbell,1.0,the hermitage,glenanare,seaton,3039,qld,19210721.0,2713995,57040,jade,campbell,the hermitage,glenanare,seaton,qld,1970-01-01,3039,3039_ca,1507
erin,curry,8.0,woollum street,dockside 44,black rock,2834,sa,19481101.0,6038038,82158,erin,curry,woollum street,dockside 44,black rock,sa,1970-01-01,2834,2834_cu,3309
grace,timmemrans,18.0,cussen street,hallsville,prestn,2251,wa,19501207.0,6702521,35382,grace,timmemrans,cussen street,hallsville,prestn,wa,1970-01-01,2251,2251_ti,123
molly,dudley,,yolla place,hamilyon,cleveand,4006,wa,19710811.0,4887816,68092,molly,dudley,yolla place,hamilyon,cleveand,wa,1970-01-01,4006,4006_du,2839
zachary,rollijns,16.0,fimister circuit,wathnga,brown v hill,5032,nsw,19741121.0,2423787,29381,zachary,rollijns,fimister circuit,wathnga,brown v hill,nsw,1970-01-01,5032,5032_ro,3310
jaden,librandi,64.0,hale place,taronga,nightcliff,3193,nsw,19331205.0,3528865,25972,jaden,librandi,hale place,taronga,nightcliff,nsw,1970-01-01,3193,3193_li,1899
tynna,abera,16.0,haines street,eureka,ballarat,2303,nws,19370412.0,5824612,65227,tynna,abera,haines street,eureka,ballarat,nws,1970-01-01,2303,2303_ab,1307
jamsine,campbell,639.0,rawlings place,donald coburn lodg,narellan,7250,sa,19550613.0,8692804,79251,jamsine,campbell,rawlings place,donald coburn lodg,narellan,sa,1970-01-01,7250,7250_ca,1421
kaitlyn,pizanias,8.0,sheaffe street,,kemps creek,2502,nsw,19131205.0,4023680,80361,kaitlyn,pizanias,sheaffe street,,kemps creek,nsw,1970-01-01,2502,2502_pi,3311
alex,ballantyne,212.0,aronson crescent,logan central plaza,semaphore park,2153,wa,19450621.0,4145113,866,alex,ballantyne,aronson crescent,logan central plaza,semaphore park,wa,1970-01-01,2153,2153_ba,3312
sebastian,weaver,35.0,gymea street,symes grove,ellenbrook,810,vic,19611129.0,6765287,34238,sebastian,weaver,gymea street,symes grove,ellenbrook,vic,1970-01-01,0810,0810_we,3313
zarran,bradshaw,89.0,carnegie c rescent,,,6174,vic,19350707.0,7831798,5613,zarran,bradshaw,carnegie c rescent,,,vic,1970-01-01,6174,6174_br,3314
harroet,pegg,,togo place,caravn park,vale park,2300,nsw,19950203.0,1149839,88352,harroet,pegg,togo place,caravn park,vale park,nsw,1970-01-01,2300,2300_pe,2015
alexander,mccrathy,17.0,collings street,balala station,blakehurst,2913,qld,19280419.0,1582861,63140,alexander,mccrathy,collings street,balala station,blakehurst,qld,1970-01-01,2913,2913_mc,2114
charie,goode,7.0,tauss place,grandivew,mitcham,2575,vic,19761213.0,6548135,32556,charie,goode,tauss place,grandivew,mitcham,vic,1970-01-01,2575,2575_go,57
nicholas,loveloxk,8.0,collingridge street,roogaonre,ardeer,2756,act,19911014.0,8010826,78401,nicholas,loveloxk,collingridge street,roogaonre,ardeer,act,1970-01-01,2756,2756_lo,1608
amy,mitef,68.0,john cleland crescent,barkool,blachkeath,2036,qld,19160228.0,2583901,16980,amy,mitef,john cleland crescent,barkool,blachkeath,qld,1970-01-01,2036,2036_mi,232
liam,thorpe,,paulcoe crescent,kiani nny cabins,penrith,2204,wa,19911112.0,9435582,95565,liam,thorpe,paulcoe crescent,kiani nny cabins,penrith,wa,1970-01-01,2204,2204_th,2431
sebretgs,james,30.0,holden ctescent,,ngunanwal,3303,nsw,19040404.0,5342259,20189,sebretgs,james,holden ctescent,,ngunanwal,nsw,1970-01-01,3303,3303_ja,3315
nathan,challenor,1.0,wellington street,kinross farm,cronulla,5109,vic,19600213.0,2694239,11038,nathan,challenor,wellington street,kinross farm,cronulla,vic,1970-01-01,5109,5109_ch,3316
brock,reid,70.0,,nevahf arm,bayswater north,3128,sa,19980402.0,6892786,33047,brock,reid,,nevahf arm,bayswater north,sa,1970-01-01,3128,3128_re,3317
benjamin,camens,7.0,harrison street,upa cottages,lindfield,4505,qld,19750706.0,3523836,68363,benjamin,camens,harrison street,upa cottages,lindfield,qld,1970-01-01,4505,4505_ca,1731
,harrington,1.0,langdon avenue,,sunshine,5290,vic,19500818.0,6041782,13129,,harrington,langdon avenue,,sunshine,vic,1970-01-01,5290,5290_ha,3318
tommy,spinato,29.0,howie court,pinnacles caravn park,mooloolaba,3356,nsw,19821129.0,4527826,2937,tommy,spinato,howie court,pinnacles caravn park,mooloolaba,nsw,1970-01-01,3356,3356_sp,96
alessandria,rabbitt,19.0,ellenborough street,inglemer,mirrabooka,2196,vic,19900410.0,6217834,81168,alessandria,rabbitt,ellenborough street,inglemer,mirrabooka,vic,1970-01-01,2196,2196_ra,3319
connor,moeroand,38.0,arthur circle,red cross units,woy woy,2680,wa,19500103.0,6169516,2109,connor,moeroand,arthur circle,red cross units,woy woy,wa,1970-01-01,2680,2680_mo,257
alexandra,kiss,15.0,shellshear place,yambira,mclaren vale,2209,nsw,19601231.0,4154698,84788,alexandra,kiss,shellshear place,yambira,mclaren vale,nsw,1970-01-01,2209,2209_ki,1110
matilda,mestrov,5.0,house circuit,retirement village,taringa,3820,qld,19801119.0,2563135,71938,matilda,mestrov,house circuit,retirement village,taringa,qld,1970-01-01,3820,3820_me,354
lauren,blaschke,27.0,egglesto n crescent,marx hill street,bittern,4169,vic,19130618.0,7472975,40104,lauren,blaschke,egglesto n crescent,marx hill street,bittern,vic,1970-01-01,4169,4169_bl,1137
elly,reid,58.0,bambridge street,john flynn hospital,eight mile plains,4806,nsw,19850523.0,6391700,35845,elly,reid,bambridge street,john flynn hospital,eight mile plains,nsw,1970-01-01,4806,4806_re,3320
lucas,,177.0,maloney street,,craigmore,3595,vic,19111207.0,3698504,66272,lucas,,maloney street,,craigmore,vic,1970-01-01,3595,3595_,2218
hayden,menzies,306.0,monkman street,gillin park,singleton heights,5014,qld,19250615.0,4781381,79069,hayden,menzies,monkman street,gillin park,singleton heights,qld,1970-01-01,5014,5014_me,3321
jack,ban,17.0,throssell street,killarn aey,pymble,2570,vix,19530428.0,6593255,81393,jack,ban,throssell street,killarn aey,pymble,vix,1970-01-01,2570,2570_ba,1255
seamus,collinson,5.0,southwell street,,winthrop,3166,nsw,19870728.0,6923387,77923,seamus,collinson,southwell street,,winthrop,nsw,1970-01-01,3166,3166_co,147
blake,noble,12.0,archibald street,,cleveland,2148,nsw,19540515.0,9773077,60414,blake,noble,archibald street,,cleveland,nsw,1970-01-01,2148,2148_no,3322
matthew,hilton,15.0,forrest place,eventide homes,avoca beach,4116,nsw,19020114.0,8537116,26747,matthew,hilton,forrest place,eventide homes,avoca beach,nsw,1970-01-01,4116,4116_hi,3323
lucy,sprago,15.0,smalley circuit,locn 5940,woree,4511,nsw,19121112.0,7260253,83796,lucy,sprago,smalley circuit,locn 5940,woree,nsw,1970-01-01,4511,4511_sp,1633
bryce,allanby,1.0,bonnor close,fairholme,parkdale,3802,qld,19140227.0,3562584,45065,bryce,allanby,bonnor close,fairholme,parkdale,qld,1970-01-01,3802,3802_al,3324
james,van wijk,15.0,macquee place,noelurma,picni c bay,3147,vic,19091004.0,4476788,39574,james,van wijk,macquee place,noelurma,picni c bay,vic,1970-01-01,3147,3147_va,2892
braunack,laura,87.0,durville crescent,parkmoor,graceville,2536,nsw,19550419.0,6978084,94092,braunack,laura,durville crescent,parkmoor,graceville,nsw,1970-01-01,2536,2536_la,3325
chloe,pyper,46.0,upton street,old post office,greensborough,4074,vic,19860102.0,8174488,71910,chloe,pyper,upton street,old post office,greensborough,vic,1970-01-01,4074,4074_py,3326
nell,roche,15.0,caley crescent,morris arcade,south perth,4870,vic,19071008.0,8899086,99780,nell,roche,caley crescent,morris arcade,south perth,vic,1970-01-01,4870,4870_ro,370
ruby,reid,7.0,fitzmaurice street,,eaglehawk,2260,qld,19120626.0,8386277,51423,ruby,reid,fitzmaurice street,,eaglehawk,qld,1970-01-01,2260,2260_re,187
jessica,whale,38.0,pambula street,blue shadows,surry hills,2541,nsw,19341001.0,6125303,74621,jessica,whale,pambula street,blue shadows,surry hills,nsw,1970-01-01,2541,2541_wh,383
chlou,goonan,4.0,sparkes close,corinella glen,carnegie,3135,nsw,19610313.0,9556041,62450,chlou,goonan,sparkes close,corinella glen,carnegie,nsw,1970-01-01,3135,3135_go,3327
nicole,carbone,46.0,schlich street,simpsonary barracks,toowoomba,3000,wa,19030926.0,8190756,86230,nicole,carbone,schlich street,simpsonary barracks,toowoomba,wa,1970-01-01,3000,3000_ca,939
aidan,horsey,25.0,rosenthal street,wattle brae,irvingdale,3082,vic,19161004.0,9900384,45914,aidan,horsey,rosenthal street,wattle brae,irvingdale,vic,1970-01-01,3082,3082_ho,3328
alexandra,tiedemann,17.0,john cleland crescent,cranbrook,broken hill,2287,nsw,19231111.0,2066745,77865,alexandra,tiedemann,john cleland crescent,cranbrook,broken hill,nsw,1970-01-01,2287,2287_ti,3329
kylee,papageorgiou,14.0,bunton place,,northbridge,2700,vic,19360919.0,7078377,54761,kylee,papageorgiou,bunton place,,northbridge,vic,1970-01-01,2700,2700_pa,990
danielle,stanley,23.0,river street,willmont park,coopers shoot,4865,vic,19820801.0,7127513,50117,danielle,stanley,river street,willmont park,coopers shoot,vic,1970-01-01,4865,4865_st,2387
bianca,wyllie,4.0,folingsby street,vill a 3,woodcroft,3196,sa,19521130.0,6347027,61422,bianca,wyllie,folingsby street,vill a 3,woodcroft,sa,1970-01-01,3196,3196_wy,568
bailee,bevis,26.0,fitzsimmons street,sovereign court,rochester,2620,vic,19070106.0,1266796,7395,bailee,bevis,fitzsimmons street,sovereign court,rochester,vic,1970-01-01,2620,2620_be,438
melissa,redmond,11.0,alroy cirocuit,braemore,long jetty,4852,sa,19501114.0,2340597,13385,melissa,redmond,alroy cirocuit,braemore,long jetty,sa,1970-01-01,4852,4852_re,3330
monique,paterson,,fullagar crescent,,goonellabah,5043,nsw,19300709.0,6100123,84968,monique,paterson,fullagar crescent,,goonellabah,nsw,1970-01-01,5043,5043_pa,353
ka,kiczurczak,32.0,paul coe crescent,avenel,wokalup,6112,nsw,19360708.0,8073126,3397,ka,kiczurczak,paul coe crescent,avenel,wokalup,nsw,1970-01-01,6112,6112_ki,3331
shana,laney,164.0,whalan place,shadoof lodge,preston,5280,vic,19231230.0,4329053,6299,shana,laney,whalan place,shadoof lodge,preston,vic,1970-01-01,5280,5280_la,1166
hayden,ngai,40.0,hinkler street,berajondo,nightcliff,2236,vic,19530505.0,2260097,32423,hayden,ngai,hinkler street,berajondo,nightcliff,vic,1970-01-01,2236,2236_ng,3332
elysse,mckerlie,12.0,captain cook crescent,the crater,seaspray,2428,vic,19790705.0,2277627,12506,elysse,mckerlie,captain cook crescent,the crater,seaspray,vic,1970-01-01,2428,2428_mc,3333
,mccarthy,1.0,enright crescent,mystr a,invermay,3081,wa,19071011.0,9715765,78077,,mccarthy,enright crescent,mystr a,invermay,wa,1970-01-01,3081,3081_mc,3334
kaitlin,clarke,40.0,sharwood crescent,,ringwlod,3959,wa,19510302.0,8586164,5794,kaitlin,clarke,sharwood crescent,,ringwlod,wa,1970-01-01,3959,3959_cl,3335
zane,white,74.0,heagney cfescent,lanoa,seymoru,5075,nsw,19810711.0,2845566,12081,zane,white,heagney cfescent,lanoa,seymoru,nsw,1970-01-01,5075,5075_wh,3336
samuel,ryan,31.0,gosse street,allunga,brightwaters,3053,qld,19670118.0,5648286,18677,samuel,ryan,gosse street,allunga,brightwaters,qld,1970-01-01,3053,3053_ry,321
aineew,fitzptarick,7.0,rubbo crescent,kookaburr a village,annandale,3150,nsw,19800311.0,8534023,63267,aineew,fitzptarick,rubbo crescent,kookaburr a village,annandale,nsw,1970-01-01,3150,3150_fi,832
shona,godfrey,21.0,duffy street,ardersier,highton,3165,vic,19450122.0,3298961,45061,shona,godfrey,duffy street,ardersier,highton,vic,1970-01-01,3165,3165_go,3337
jacqueline,mccracken,6.0,hicks street,lanhydrock,point lonsdale,2750,qld,19860416.0,2850053,60441,jacqueline,mccracken,hicks street,lanhydrock,point lonsdale,qld,1970-01-01,2750,2750_mc,3338
kayne,gillaird,168.0,bursaria street,,leeton,2621,nsw,19340427.0,3871937,46360,kayne,gillaird,bursaria street,,leeton,nsw,1970-01-01,2621,2621_gi,1154
ebdell,madison,57.0,southlandd shops,yellow dam,humpty doo,6110,tas,19541129.0,9104054,27794,ebdell,madison,southlandd shops,yellow dam,humpty doo,tas,1970-01-01,6110,6110_ma,3339
darcie,priest,2.0,sid barne crescent,kinglake xentral,dianella,3011,vic,19570911.0,5032178,82389,darcie,priest,sid barne crescent,kinglake xentral,dianella,vic,1970-01-01,3011,3011_pr,1650
olivia,dixon,80.0,twamley c rescent,kingstonct ower,bundaberg north,2170,tas,19381114.0,7563867,41135,olivia,dixon,twamley c rescent,kingstonct ower,bundaberg north,tas,1970-01-01,2170,2170_di,1779
ruby,hingsjton,30.0,cuzens place,the briar patch,ashwood,6102,vic,19700614.0,6203837,98795,ruby,hingsjton,cuzens place,the briar patch,ashwood,vic,1970-01-01,6102,6102_hi,3340
,finlay,48.0,campbell tsreet,bullaroo kp ark stud,belmont,3043,sa,19750701.0,1515037,34369,,finlay,campbell tsreet,bullaroo kp ark stud,belmont,sa,1970-01-01,3043,3043_fi,3341
benjamin,campbell,,lott place,brandywine stud,kingston,3125,nsw,19310829.0,2258776,11434,benjamin,campbell,lott place,brandywine stud,kingston,nsw,1970-01-01,3125,3125_ca,1217
bianca,matthews,5.0,wentworth avenue,mt plelasant,toowoomba,6743,nsw,19140128.0,1935299,23253,bianca,matthews,wentworth avenue,mt plelasant,toowoomba,nsw,1970-01-01,6743,6743_ma,1149
james,sebregts,64.0,holden crescent,,ngunnawal,3340,nsw,19040404.0,5342259,5179,james,sebregts,holden crescent,,ngunnawal,nsw,1970-01-01,3340,3340_se,3342
jonah,thopre,644.0,monkman street,wonga quare,canley heights,5025,vic,19580420.0,6699959,85867,jonah,thopre,monkman street,wonga quare,canley heights,vic,1970-01-01,5025,5025_th,378
charles,crouch,20.0,book place,rosemount,taree,2220,vic,19970728.0,6044523,22380,charles,crouch,book place,rosemount,taree,vic,1970-01-01,2220,2220_cr,913
keely,clarke,53.0,scarborough street,ponderosa,south wentworthville,5108,vic,19050410.0,3369666,36149,keely,clarke,scarborough street,ponderosa,south wentworthville,vic,1970-01-01,5108,5108_cl,3343
joshua,morriosn,17.0,beasley street,,tingalpa,5097,vic,19101123.0,1294692,55571,joshua,morriosn,beasley street,,tingalpa,vic,1970-01-01,5097,5097_mo,213
chloe,webb,309.0,hannan crescent,golden ponds,mannering park,2257,vic,19180407.0,4261331,23341,chloe,webb,hannan crescent,golden ponds,mannering park,vic,1970-01-01,2257,2257_we,1795
hannah,matthews,19.0,barlee place,goughs bay,eight mile plains,6210,nsw,19590205.0,1868981,94600,hannah,matthews,barlee place,goughs bay,eight mile plains,nsw,1970-01-01,6210,6210_ma,3344
cameron,cordingley,12.0,waite street,summer hill,colac,5238,nsw,19700430.0,5765191,20870,cameron,cordingley,waite street,summer hill,colac,nsw,1970-01-01,5238,5238_co,2928
william,afford,80.0,marengoplace,the hammond village,albury,2303,sa,19730414.0,7921733,62048,william,afford,marengoplace,the hammond village,albury,sa,1970-01-01,2303,2303_af,2403
lucas,campbell,23.0,dyett circuit,kooyong,wangarqtta,2594,vic,19520124.0,3068374,4550,lucas,campbell,dyett circuit,kooyong,wangarqtta,vic,1970-01-01,2594,2594_ca,1399
george,kobe,19.0,tenison-woods circuit,cliff g ouse 2,franlston,3028,qld,19960914.0,8823656,76492,george,kobe,tenison woods circuit,cliff g ouse 2,franlston,qld,1970-01-01,3028,3028_ko,3345
thomas,georgze,1.0,mcmanus place,,north turarmurra,3130,sa,19630225.0,5460534,14971,thomas,georgze,mcmanus place,,north turarmurra,sa,1970-01-01,3130,3130_ge,2200
siggins,barnaby,51.0,hurley street,,kempsdy,5612,vic,19981021.0,4216940,46305,siggins,barnaby,hurley street,,kempsdy,vic,1970-01-01,5612,5612_ba,3346
nathan,priest,363.0,banks street,manresa,malvern east,4570,act,19160503.0,4665603,27509,nathan,priest,banks street,manresa,malvern east,act,1970-01-01,4570,4570_pr,340
maoga,talissa,13.0,currong wtreet,glen quoin,mirrabooka,6401,vic,19831230.0,5562808,3596,maoga,talissa,currong wtreet,glen quoin,mirrabooka,vic,1970-01-01,6401,6401_ta,3347
casey,dnet,61.0,,tressin fields,st ises,5171,vic,19210430.0,8293083,52454,casey,dnet,,tressin fields,st ises,vic,1970-01-01,5171,5171_dn,3348
seth,de bono,53.0,de lissa street,aldersydeaestate,elsternwidck,2280,vic,19340213.0,2768343,55364,seth,de bono,de lissa street,aldersydeaestate,elsternwidck,vic,1970-01-01,2280,2280_de,415
sophie,waller,24.0,suunybrae,goldfinch circuit,mona vale,2285,vic,19380705.0,2972902,46761,sophie,waller,suunybrae,goldfinch circuit,mona vale,vic,1970-01-01,2285,2285_wa,3349
kenneth,hanigan,440.0,lochbuy street,milton,hindmarsh west,2800,nsw,19100830.0,2164067,24324,kenneth,hanigan,lochbuy street,milton,hindmarsh west,nsw,1970-01-01,2800,2800_ha,3350
isabella,trenerry,323.0,ashburner street,little glencoe,roxburgh park,2000,wa,19050103.0,2980023,73301,isabella,trenerry,ashburner street,little glencoe,roxburgh park,wa,1970-01-01,2000,2000_tr,3351
,pickel,79.0,mawson drive,iventure,warilla,4870,qld,19191116.0,6811262,69225,,pickel,mawson drive,iventure,warilla,qld,1970-01-01,4870,4870_pi,3352
jack,broadby,38.0,davies place,glanwort hsration,colonel light gardens,2226,nsw,19190411.0,9327822,18359,jack,broadby,davies place,glanwort hsration,colonel light gardens,nsw,1970-01-01,2226,2226_br,1820
kayden,reid,8.0,cazaly close,apt 503,cobar,5084,qld,19041120.0,9230380,53886,kayden,reid,cazaly close,apt 503,cobar,qld,1970-01-01,5084,5084_re,3353
jesse,hoffman,32.0,lienhop street,brentwood vlge,minto,2450,sa,19700818.0,9619778,20858,jesse,hoffman,lienhop street,brentwood vlge,minto,sa,1970-01-01,2450,2450_ho,3354
cameron,cordingley,12.0,waitestreet,,colac,5238,nsw,19700430.0,5765191,97534,cameron,cordingley,waitestreet,,colac,nsw,1970-01-01,5238,5238_co,2404
alexandra,noble,,tytherleigh street,,paddignton,7008,tas,19720105.0,3043242,83992,alexandra,noble,tytherleigh street,,paddignton,tas,1970-01-01,7008,7008_no,603
william,pasceo,4.0,messenger street,browne'w reef,coffs harbour,4670,nsw,19440720.0,6935665,64016,william,pasceo,messenger street,browne'w reef,coffs harbour,nsw,1970-01-01,4670,4670_pa,980
jacob,ryan,172.0,davidson street,lakeside manor,brisbane,6167,nsw,19390210.0,9826543,55349,jacob,ryan,davidson street,lakeside manor,brisbane,nsw,1970-01-01,6167,6167_ry,443
william,dowlye,8.0,terewah circuit,bringaconog,dundas avlley,4108,sa,19100915.0,7001311,95939,william,dowlye,terewah circuit,bringaconog,dundas avlley,sa,1970-01-01,4108,4108_do,3355
eboni,moscatt,255.0,sid barnes crescent,brambletye vinyard,kyxbram,7249,tas,19050313.0,2993780,45596,eboni,moscatt,sid barnes crescent,brambletye vinyard,kyxbram,tas,1970-01-01,7249,7249_mo,1247
braiden,goldsworthy,12.0,frencham place,willtarny,tumbarumba,2161,nsw,19501119.0,7570745,68152,braiden,goldsworthy,frencham place,willtarny,tumbarumba,nsw,1970-01-01,2161,2161_go,2942
zane,white,74.0,heagney crescent,lanoma,seymour,5075,nsw,19810711.0,2845566,86445,zane,white,heagney crescent,lanoma,seymour,nsw,1970-01-01,5075,5075_wh,3336
jack,,8.0,eaglemonturetreat,hopetoun quays,scarborough,5405,qld,19390818.0,2970882,88404,jack,,eaglemonturetreat,hopetoun quays,scarborough,qld,1970-01-01,5405,5405_,3356
george,rees,76.0,kitchener street,g i brahman stud,nanneella,6530,vic,19760629.0,9882299,36864,george,rees,kitchener street,g i brahman stud,nanneella,vic,1970-01-01,6530,6530_re,3357
cheree,purtell,1.0,spring range road,guest village (cnr bullcreek d drive,cooma,4216,wa,19300407.0,5062347,38965,cheree,purtell,spring range road,guest village cnr bullcreek d drive,cooma,wa,1970-01-01,4216,4216_pu,3240
danielle,stanley,23.0,river street,willmon tpark,,8465,vic,19820801.0,7127513,7092,danielle,stanley,river street,willmon tpark,,vic,1970-01-01,8465,8465_st,3358
jacob,schuster,5.0,maidment place,woy woy community care,sunshine,2540,sa,19750307.0,4344953,94357,jacob,schuster,maidment place,woy woy community care,sunshine,sa,1970-01-01,2540,2540_sc,1806
chloc,webb,309.0,hannan crescent,goldeniponds,mannering park,2527,vic,19180407.0,4261331,54444,chloc,webb,hannan crescent,goldeniponds,mannering park,vic,1970-01-01,2527,2527_we,3359
samara,nicoll,22.0,william webb drive,roger dee,beecroft,5165,qld,19931006.0,2914256,74623,samara,nicoll,william webb drive,roger dee,beecroft,qld,1970-01-01,5165,5165_ni,3360
madeline,berry,4.0,wentworth avenue,karkatt,stanmore,4810,nsw,19970829.0,8983971,38912,madeline,berry,wentworth avenue,karkatt,stanmore,nsw,1970-01-01,4810,4810_be,3361
holly,stoker,5.0,ballumbkr street,,kirrawe,6009,vic,19300121.0,8123371,67329,holly,stoker,ballumbkr street,,kirrawe,vic,1970-01-01,6009,6009_st,786
hamish,huebner,44.0,shepherdson place,boeing park,berriwillock,2529,vic,19441219.0,4829612,87848,hamish,huebner,shepherdson place,boeing park,berriwillock,vic,1970-01-01,2529,2529_hu,3362
benjamin,mugo,302.0,peat place,,pakenham,4518,nsw,19101008.0,5994946,1436,benjamin,mugo,peat place,,pakenham,nsw,1970-01-01,4518,4518_mu,133
jake,calipari,6.0,euree street,,bayonet head,4019,wa,19560203.0,7723135,63541,jake,calipari,euree street,,bayonet head,wa,1970-01-01,4019,4019_ca,3363
chelsea,morrson,6.0,hansen circuit,public building,golde n bay,2680,nsw,,6038747,45993,chelsea,morrson,hansen circuit,public building,golde n bay,nsw,,2680,2680_mo,3364
tenille,swiggs,150.0,verbrugghenstreet,gallagher hse,artarmon,7300,qld,19730510.0,6436926,73885,tenille,swiggs,verbrugghenstreet,gallagher hse,artarmon,qld,1970-01-01,7300,7300_sw,416
campbell,bossley,23.0,caley crescent,glen ayre,frankston,4880,nsw,19640224.0,8497904,16836,campbell,bossley,caley crescent,glen ayre,frankston,nsw,1970-01-01,4880,4880_bo,2750
oliver,iovino,2.0,gatton street,jalna (cnr barbato c corner,coonamble,2324,qld,19820728.0,9521603,53209,oliver,iovino,gatton street,jalna cnr barbato c corner,coonamble,qld,1970-01-01,2324,2324_io,3365
rees,bryce,16.0,meldrum street,rp 155232,arana hulls,3182,nsw,19440613.0,4164990,47863,rees,bryce,meldrum street,rp 155232,arana hulls,nsw,1970-01-01,3182,3182_br,3366
samir,webb,20.0,jacka crescent,shopping centre,nambour,4306,sic,19580212.0,7373672,11088,samir,webb,jacka crescent,shopping centre,nambour,sic,1970-01-01,4306,4306_we,3367
jacqueline,vettese,7.0,mcintyre street,metropolis,penrith,2075,vic,19690329.0,7062381,67809,jacqueline,vettese,mcintyre street,metropolis,penrith,vic,1970-01-01,2075,2075_ve,3368
holly,bishop,1.0,vansittart crescent,mannafields farm,coomallo,3047,wa,19361103.0,6664841,70214,holly,bishop,vansittart crescent,mannafields farm,coomallo,wa,1970-01-01,3047,3047_bi,3369
lily,petersen,13.0,bissenberger crescent,railway stn,melville,2250,,19020326.0,3851424,69050,lily,petersen,bissenberger crescent,railway stn,melville,,1970-01-01,2250,2250_pe,877
white,bailey,19.0,araluen dstreet,,coralvimle,2114,qkd,19131103.0,4312580,78338,white,bailey,araluen dstreet,,coralvimle,qkd,1970-01-01,2114,2114_ba,3370
cameron,berry,46.0,arthur circle,farm shed,boulder,6169,qld,19660326.0,8523703,97716,cameron,berry,arthur circle,farm shed,boulder,qld,1970-01-01,6169,6169_be,3371
joel,ryan,815.0,wisdom street,warbinya,pymble,4650,wa,19220524.0,5522329,99619,joel,ryan,wisdom street,warbinya,pymble,wa,1970-01-01,4650,4650_ry,3372
warrick,paine,7.0,clive steele avenue,denny downs,cowan,2084,nsw,19190114.0,6712492,68734,warrick,paine,clive steele avenue,denny downs,cowan,nsw,1970-01-01,2084,2084_pa,3373
erin,humpjeys,11.0,endeavour street,,umina beach,4873,nsw,19670519.0,5094045,67238,erin,humpjeys,endeavour street,,umina beach,nsw,1970-01-01,4873,4873_hu,853
olivia,hobson,78.0,louis loder street,,kaleen,4870,nsw,19300123.0,4535695,93626,olivia,hobson,louis loder street,,kaleen,nsw,1970-01-01,4870,4870_ho,2280
naomi,millar,7.0,southern cross drive,glengar,st agnes,5172,qld,19750818.0,7751504,73507,naomi,millar,southern cross drive,glengar,st agnes,qld,1970-01-01,5172,5172_mi,1770
brayden,spears,24.0,beattie crescent,apt 2005,mont albert,2233,qld,19930707.0,3208269,61298,brayden,spears,beattie crescent,apt 2005,mont albert,qld,1970-01-01,2233,2233_sp,1590
patrick,dargaville,18.0,cerutty crescent,rosedae,st lucia,3364,nsw,19770925.0,4331618,20234,patrick,dargaville,cerutty crescent,rosedae,st lucia,nsw,1970-01-01,3364,3364_da,3374
kyle,pringle,72.0,carrodus street,,labradlr,3280,wa,19930218.0,3589735,45739,kyle,pringle,carrodus street,,labradlr,wa,1970-01-01,3280,3280_pr,1124
david,knapmman,66.0,blamey crescent,mira mpnte,floraville,4103,wa,19631011.0,6091304,10006,david,knapmman,blamey crescent,mira mpnte,floraville,wa,1970-01-01,4103,4103_kn,846
joshua,miles,21.0,meiklejohn place,,hamilton,3180,wa,19000706.0,6904808,97930,joshua,miles,meiklejohn place,,hamilton,wa,1970-01-01,3180,3180_mi,3375
reece,garnett,4.0,maclagan street,environa,carlingford,870,nt,19390828.0,3123598,66103,reece,garnett,maclagan street,environa,carlingford,nt,1970-01-01,0870,0870_ga,1491
aidan,jolly,532.0,mckillop circuit,athlone,moruya,3170,qld,19350310.0,8165777,92394,aidan,jolly,mckillop circuit,athlone,moruya,qld,1970-01-01,3170,3170_jo,3376
bailde,crouch,22.0,tompsitt court,rosetta village,penguin,4405,wa,19220325.0,8635129,3396,bailde,crouch,tompsitt court,rosetta village,penguin,wa,1970-01-01,4405,4405_cr,1331
nikki,mesecke,,dunbar street,hopeview,ringwood east,3188,qld,19130313.0,3076895,89702,nikki,mesecke,dunbar street,hopeview,ringwood east,qld,1970-01-01,3188,3188_me,3377
van wijk,james,4.0,macqueen lpace,noelurm a,picnic bay,3147,vic,19091004.0,4476788,91947,van wijk,james,macqueen lpace,noelurm a,picnic bay,vic,1970-01-01,3147,3147_ja,3378
lara,farnham,3.0,wanganee navenue,marjiin,port broughton,2107,sa,19011012.0,3915581,84697,lara,farnham,wanganee navenue,marjiin,port broughton,sa,1970-01-01,2107,2107_fa,3379
nefe,thandi,232.0,mcmaster street,brink arry,belmont north,3134,qld,19901230.0,7760403,97058,nefe,thandi,mcmaster street,brink arry,belmont north,qld,1970-01-01,3134,3134_th,1826
jarrod,clarkze,18.0,arndell street,lyr apark,moaam,3011,qld,19070418.0,3612563,98275,jarrod,clarkze,arndell street,lyr apark,moaam,qld,1970-01-01,3011,3011_cl,3380
reuben,edgecombe,6.0,north avenue,ashburton circuit,palmesrton,4213,vic,19920512.0,8642119,84694,reuben,edgecombe,north avenue,ashburton circuit,palmesrton,vic,1970-01-01,4213,4213_ed,3381
nathan,monaco,16.0,hollis place,,devonport,4207,nsw,19251021.0,1784132,73149,nathan,monaco,hollis place,,devonport,nsw,1970-01-01,4207,4207_mo,1366
mikhayla,hannagan,20.0,rupp place,brentwood vlge,penshurst,2257,vic,19770501.0,1030769,16020,mikhayla,hannagan,rupp place,brentwood vlge,penshurst,vic,1970-01-01,2257,2257_ha,3382
emiily,blake,11.0,kevin treet,sunbury,tinbeerwah,6210,vic,19081017.0,7575886,81727,emiily,blake,kevin treet,sunbury,tinbeerwah,vic,1970-01-01,6210,6210_bl,732
mitchell,corbin,45.0,magenta square,rsl building,goornong,6501,qld,19120407.0,6571360,674,mitchell,corbin,magenta square,rsl building,goornong,qld,1970-01-01,6501,6501_co,3383
isabella,marlow,34.0,dietrich place,,alice springs,5065,wa,19980201.0,4351633,80724,isabella,marlow,dietrich place,,alice springs,wa,1970-01-01,5065,5065_ma,3384
lily,le,14.0,learmonth drive,glevniew,patterson lakes,2013,tas,19181114.0,2396732,98165,lily,le,learmonth drive,glevniew,patterson lakes,tas,1970-01-01,2013,2013_le,3385
keaton,mccarthy,9.0,cathieqplace,lavender farm,westmead,2023,qld,19480330.0,9907131,61402,keaton,mccarthy,cathieqplace,lavender farm,westmead,qld,1970-01-01,2023,2023_mc,3386
tynan,blaklow,15.0,white crescent,nioka,rheola,4034,nsw,19690520.0,8046280,62137,tynan,blaklow,white crescent,nioka,rheola,nsw,1970-01-01,4034,4034_bl,3387
leon,haar,24.0,inwood place,brindabella specialist centre,newcastle,4109,vic,19930327.0,5674799,5498,leon,haar,inwood place,brindabella specialist centre,newcastle,vic,1970-01-01,4109,4109_ha,3388
mikhaili,petersen,1.0,mcluckie crescent,carron vale,swan hill,3124,qld,19940727.0,2517828,90335,mikhaili,petersen,mcluckie crescent,carron vale,swan hill,qld,1970-01-01,3124,3124_pe,2976
emma,lablack,15.0,henry street,,drysdale,2570,qld,19500212.0,1009964,55214,emma,lablack,henry street,,drysdale,qld,1970-01-01,2570,2570_la,3389
alisa,marous,13.0,algan street,belvedere,ballina,3274,qld,19061125.0,7818366,61352,alisa,marous,algan street,belvedere,ballina,qld,1970-01-01,3274,3274_ma,493
harry,clarke,,hyndes crescent,royal brisbane hospital,homebush,4805,nsw,19971021.0,6391399,70306,harry,clarke,hyndes crescent,royal brisbane hospital,homebush,nsw,1970-01-01,4805,4805_cl,2023
grace,futcher,70.0,burt street,clearc reek,mentone,6523,nsw,19361127.0,2331344,29284,grace,futcher,burt street,clearc reek,mentone,nsw,1970-01-01,6523,6523_fu,3390
aiden,velkoovska,51.0,warring pkace,edinburgh acfavan,oakleigh,2485,wa,19220610.0,9618318,91420,aiden,velkoovska,warring pkace,edinburgh acfavan,oakleigh,wa,1970-01-01,2485,2485_ve,3391
james,blake,60.0,endeavour street,sheep station,redhead,7015,qld,19860920.0,1261880,2755,james,blake,endeavour street,sheep station,redhead,qld,1970-01-01,7015,7015_bl,3392
olivis,artis,12.0,marcus clarke street,lake road,eaglehawk,3173,nsw,19190302.0,2211444,13077,olivis,artis,marcus clarke street,lake road,eaglehawk,nsw,1970-01-01,3173,3173_ar,618
joel,dolan,14.0,stuart street,esk farm,belmont,2615,nsw,19590829.0,8541949,22174,joel,dolan,stuart street,esk farm,belmont,nsw,1970-01-01,2615,2615_do,3393
am,webb,1215.0,fisken crescent,,hurlstone park,2144,qdl,19350516.0,9846267,19651,am,webb,fisken crescent,,hurlstone park,qdl,1970-01-01,2144,2144_we,3394
isabelle,,23.0,gundulu place,curringa,utakarra,2193,wa,19921119.0,4314184,85845,isabelle,,gundulu place,curringa,utakarra,wa,1970-01-01,2193,2193_,3
barnaby,egan,13.0,britten-joyes drive,rawdon,kaleen,4303,vic,19270529.0,6442115,61790,barnaby,egan,britten joyes drive,rawdon,kaleen,vic,1970-01-01,4303,4303_eg,3395
rachel,ryan,21.0,kriewaldt circuit,shiel,ermington,4504,vic,,3676863,49651,rachel,ryan,kriewaldt circuit,shiel,ermington,vic,,4504,4504_ry,3396
callum,januks,132.0,mcgivern crescent,wynclffe,sylvania,3178,nsw,19930925.0,5175345,19775,callum,januks,mcgivern crescent,wynclffe,sylvania,nsw,1970-01-01,3178,3178_ja,3397
wilson,ma o,16.0,duterrau crescent,warrambuccagarden,glenden,3232,vic,19171125.0,5984860,59254,wilson,ma o,duterrau crescent,warrambuccagarden,glenden,vic,1970-01-01,3232,3232_ma,1066
blake,green,10.0,bate place,janglen,poochera,2143,vic,19160406.0,4587041,18955,blake,green,bate place,janglen,poochera,vic,1970-01-01,2143,2143_gr,3398
brendan,elrici,13.0,leist street,tewantipnlaza,wangaratta,3137,qld,19241230.0,7767407,481,brendan,elrici,leist street,tewantipnlaza,wangaratta,qld,1970-01-01,3137,3137_el,2010
rebecca,blyde,,torrens street,mooril ltah,port augusta,3620,vic,19650621.0,8787550,28119,rebecca,blyde,torrens street,mooril ltah,port augusta,vic,1970-01-01,3620,3620_bl,1670
blackwell,giaan,139.0,kleinigstreet,port 262,terrigal,2250,nsw,19770512.0,6179681,10910,blackwell,giaan,kleinigstreet,port 262,terrigal,nsw,1970-01-01,2250,2250_gi,3399
cameron,jessu,19.0,spofforth street,walkers ocrhard,moree,2208,qld,19561117.0,6804306,79526,cameron,jessu,spofforth street,walkers ocrhard,moree,qld,1970-01-01,2208,2208_je,3400
imogen,hefford,30.0,hansen circuit,jingara,the entrance,2131,vic,19281222.0,4242867,64917,imogen,hefford,hansen circuit,jingara,the entrance,vic,1970-01-01,2131,2131_he,3401
jacqueline,matthews,50.0,callaghan street,narla vlge,punchbowl,3815,qld,19210324.0,2110260,48588,jacqueline,matthews,callaghan street,narla vlge,punchbowl,qld,1970-01-01,3815,3815_ma,1220
tyler,cheel,930.0,bonnor close,,salisbury east,2166,tas,19970609.0,3187428,86443,tyler,cheel,bonnor close,,salisbury east,tas,1970-01-01,2166,2166_ch,3402
blake,grewen,10.0,bateplace,janl gen,poocnera,2143,vic,19160406.0,4587041,64277,blake,grewen,bateplace,janl gen,poocnera,vic,1970-01-01,2143,2143_gr,3398
juliana,leong,39.0,hazlitt glade,cherry haven,safety bay,2576,qld,19480425.0,7929436,99872,juliana,leong,hazlitt glade,cherry haven,safety bay,qld,1970-01-01,2576,2576_le,3403
angus,reec,9.0,heaton pace,pangani,new farm,6210,nsw,19220723.0,8576362,87240,angus,reec,heaton pace,pangani,new farm,nsw,1970-01-01,6210,6210_re,84
ashley,carbone,13.0,louis loder street,john flynn medical centre,blacktown,2430,vic,19260703.0,4111996,35263,ashley,carbone,louis loder street,john flynn medical centre,blacktown,vic,1970-01-01,2430,2430_ca,3404
kirra,rya,5.0,powers p lace,sawtell vet hosptl & clnc,barwon heads,4551,qld,19741118.0,8504134,41073,kirra,rya,powers p lace,sawtell vet hosptl clnc,barwon heads,qld,1970-01-01,4551,4551_ry,861
dylan,webb,10.0,morrison street,canberra west,goonellabah,6343,qld,19080401.0,8035343,8333,dylan,webb,morrison street,canberra west,goonellabah,qld,1970-01-01,6343,6343_we,3405
samuel,van lien,35.0,edgar street,iona downs,chester hill,3818,qld,19800728.0,3545262,49497,samuel,van lien,edgar street,iona downs,chester hill,qld,1970-01-01,3818,3818_va,3406
isabelle,white,8.0,reddall close,tumbalong,rowville,2318,nsw,19271116.0,3874137,58353,isabelle,white,reddall close,tumbalong,rowville,nsw,1970-01-01,2318,2318_wh,67
abby,grbg,27.0,cockcrobt avenue,avonlei gh,warren,7008,qld,19480413.0,9612521,97114,abby,grbg,cockcrobt avenue,avonlei gh,warren,qld,1970-01-01,7008,7008_gr,1685
eliza,lucyko,7.0,kallara c lose,talarc,woolgoolga,4213,nsw,19410915.0,9271844,99733,eliza,lucyko,kallara c lose,talarc,woolgoolga,nsw,1970-01-01,4213,4213_lu,1143
sarah,callado,29.0,goodchildstreet,hornsbie,plumpon,5012,qld,19330121.0,2585336,3505,sarah,callado,goodchildstreet,hornsbie,plumpon,qld,1970-01-01,5012,5012_ca,3407
isablela,bradshaw,34.0,shentoncescent,heritag eest,barwon heads,2747,vic,19610622.0,6315479,38034,isablela,bradshaw,shentoncescent,heritag eest,barwon heads,vic,1970-01-01,2747,2747_br,3408
darcy,saxon-taylor,36.0,aspinall street,glenumbral,trafalgar,2036,nsw,19070530.0,3790456,6645,darcy,saxon taylor,aspinall street,glenumbral,trafalgar,nsw,1970-01-01,2036,2036_sa,3409
isabella,clarek,59.0,gillespie street,flr 5 john flynn medical centre,mount victoria,2147,act,19950110.0,4409764,62636,isabella,clarek,gillespie street,flr 5 john flynn medical centre,mount victoria,act,1970-01-01,2147,2147_cl,772
gabrielle,jiang,175.0,wagga street,eureka,pakenham,3139,tas,19210817.0,4918271,10481,gabrielle,jiang,wagga street,eureka,pakenham,tas,1970-01-01,3139,3139_ji,3410
aidan,horsley,25.0,wattle brae,rosenthal street,irvingdale,3028,vic,19161004.0,9900834,87542,aidan,horsley,wattle brae,rosenthal street,irvingdale,vic,1970-01-01,3028,3028_ho,3411
lily,sideris,16.0,milford s treet,jorobe,surry hills,6012,nsw,19150910.0,9848730,8697,lily,sideris,milford s treet,jorobe,surry hills,nsw,1970-01-01,6012,6012_si,3412
jasmine,alderson,12.0,casuarina street,,wonthella,3616,nsw,19680723.0,8436618,878,jasmine,alderson,casuarina street,,wonthella,nsw,1970-01-01,3616,3616_al,3413
rebecca,gripton,47.0,geerilong garden,australia fair medical west centre,balwyn north,6030,wa,19420626.0,2546284,59966,rebecca,gripton,geerilong garden,australia fair medical west centre,balwyn north,wa,1970-01-01,6030,6030_gr,1355
benjamin,novak,39.0,port jackson circuit,sherw ood,dapto,6163,nt,19010630.0,6037054,36132,benjamin,novak,port jackson circuit,sherw ood,dapto,nt,1970-01-01,6163,6163_no,1096
anthony,coul son,2.0,clarkso street,cadogan,tin can nay,3095,vic,19380218.0,4284362,26891,anthony,coul son,clarkso street,cadogan,tin can nay,vic,1970-01-01,3095,3095_co,3414
felicty,pulford,25.0,federal jhighway,argyl w,mayfield,4125,qld,19860610.0,2661643,71412,felicty,pulford,federal jhighway,argyl w,mayfield,qld,1970-01-01,4125,4125_pu,394
kallie,hanna,,chermside street,mira monte,forrestfield,6721,nsw,19380831.0,2975164,41531,kallie,hanna,chermside street,mira monte,forrestfield,nsw,1970-01-01,6721,6721_ha,3415
tommy,spinato,29.0,howiecourt,pinnacles caravn park,mooliolaba,3356,nsw,19821129.0,4527826,77960,tommy,spinato,howiecourt,pinnacles caravn park,mooliolaba,nsw,1970-01-01,3356,3356_sp,951
nichohlas,lovelock,8.0,collingridge street,rooganore,ardeer,2756,act,19911014.0,8010826,97839,nichohlas,lovelock,collingridge street,rooganore,ardeer,act,1970-01-01,2756,2756_lo,1608
hannah,egan,26.0,kiewa street,,granville,2035,vic,19190603.0,1427616,83035,hannah,egan,kiewa street,,granville,vic,1970-01-01,2035,2035_eg,1396
bradley,korbut,25.0,werriwa crescent,the old parsonage,calista,4205,wa,,7572011,63159,bradley,korbut,werriwa crescent,the old parsonage,calista,wa,,4205,4205_ko,3416
jordan,plane,,austin street,leetsvale caravan park,st johns park,3051,vic,19730321.0,5757351,9477,jordan,plane,austin street,leetsvale caravan park,st johns park,vic,1970-01-01,3051,3051_pl,1566
toby,callister,1.0,abbott estreet,terra nostra,balhannah,6027,qld,19790125.0,3037039,25704,toby,callister,abbott estreet,terra nostra,balhannah,qld,1970-01-01,6027,6027_ca,2505
yam in,quilliam,45.0,mccullocqh street,brackengrae,hurstbridge,5107,sa,19151120.0,5083417,27467,yam in,quilliam,mccullocqh street,brackengrae,hurstbridge,sa,1970-01-01,5107,5107_qu,623
nathan,rundyle,5.0,beaumont close,tyrone hills,coonabarabran,4020,vci,19640105.0,8384590,58568,nathan,rundyle,beaumont close,tyrone hills,coonabarabran,vci,1970-01-01,4020,4020_ru,3417
blake,gillisn,13.0,charterisville avenue,,avondale heights,1245,vic,19720122.0,1432771,60495,blake,gillisn,charterisville avenue,,avondale heights,vic,1970-01-01,1245,1245_gi,454
ella,boothroyd,45.0,gamban square,morshead home,bongaree,3142,qld,19070524.0,4228253,22000,ella,boothroyd,gamban square,morshead home,bongaree,qld,1970-01-01,3142,3142_bo,3418
joshua,boulter,387.0,gatton street,broughton brook,concord west,4170,nsw,19050815.0,5750161,45711,joshua,boulter,gatton street,broughton brook,concord west,nsw,1970-01-01,4170,4170_bo,3419
emiily,snell,1.0,hawkesbury crescent,old kelvin grove,corowa,4221,nsw,19220318.0,9778551,58862,emiily,snell,hawkesbury crescent,old kelvin grove,corowa,nsw,1970-01-01,4221,4221_sn,3420
briony,dunstone,42.0,badham street,attungao rchard,macquarid fields,3910,wa,19340729.0,7461019,40564,briony,dunstone,badham street,attungao rchard,macquarid fields,wa,1970-01-01,3910,3910_du,3421
imogen,white,59.0,britten-jones drive,heysen village,innaloo,2620,nsw,19700617.0,3427716,50449,imogen,white,britten jones drive,heysen village,innaloo,nsw,1970-01-01,2620,2620_wh,3422
damien,webb,199.0,gooromon ponds road,aldinga beach court,swanfels,7252,vic,19881210.0,1902658,89195,damien,webb,gooromon ponds road,aldinga beach court,swanfels,vic,1970-01-01,7252,7252_we,3423
emma,louca,92.0,pinecr oft,cherry place,berwkck,3377,vic,19360512.0,5962113,43812,emma,louca,pinecr oft,cherry place,berwkck,vic,1970-01-01,3377,3377_lo,3424
meg,fauser,2.0,bimbiang cr escent,garden creek,labrador,4034,qld,,3103165,79485,meg,fauser,bimbiang cr escent,garden creek,labrador,qld,,4034,4034_fa,3425
elizva,tifftin,8.0,brawn place,unt 9u,northbrid ge,2017,vic,19131019.0,9311089,69335,elizva,tifftin,brawn place,unt 9u,northbrid ge,vic,1970-01-01,2017,2017_ti,304
jayden,orchard,3.0,carnall close,kooynog,ballina,3018,qld,19970331.0,7947155,68978,jayden,orchard,carnall close,kooynog,ballina,qld,1970-01-01,3018,3018_or,3426
dale,fimeri,37.0,burdett crescent,star court arcade,wilson,6168,nsw,19930529.0,2625486,1198,dale,fimeri,burdett crescent,star court arcade,wilson,nsw,1970-01-01,6168,6168_fi,3427
warrick,paine,7.0,clive steele avenue,denny downs,cowan,2048,nsw,19190114.0,6712492,24459,warrick,paine,clive steele avenue,denny downs,cowan,nsw,1970-01-01,2048,2048_pa,3428
haroey,loew,3.0,fox place,cooee palms,gerogery,4702,nt,19291003.0,1515266,75395,haroey,loew,fox place,cooee palms,gerogery,nt,1970-01-01,4702,4702_lo,3242
riley,,69.0,kosciusko avenue,inverwood,brighton,4101,vic,19290630.0,2148373,43195,riley,,kosciusko avenue,inverwood,brighton,vic,1970-01-01,4101,4101_,3429
samuel,elphick,57.0,skirving place,,kyabram,2191,nsw,19721128.0,9177714,49701,samuel,elphick,skirving place,,kyabram,nsw,1970-01-01,2191,2191_el,3430
lauren,mason,28.0,castleton crescent,wyndbourne park,centennial park,3205,nsw,19430921.0,3198708,13266,lauren,mason,castleton crescent,wyndbourne park,centennial park,nsw,1970-01-01,3205,3205_ma,1952
aiden,velkovska,51.0,yarrawonga street,edinburgh caravan,oakleigh,2485,wa,19220610.0,9618318,64763,aiden,velkovska,yarrawonga street,edinburgh caravan,oakleigh,wa,1970-01-01,2485,2485_ve,1064
zachary,hudd,3.0,spofforth street,oakleaves,kogarah,2016,qld,19810305.0,5024676,15344,zachary,hudd,spofforth street,oakleaves,kogarah,qld,1970-01-01,2016,2016_hu,609
jordan,plane,,austin street,leetsvale caravan park,st johns park,3015,vic,19730321.0,5757351,77810,jordan,plane,austin street,leetsvale caravan park,st johns park,vic,1970-01-01,3015,3015_pl,1203
matthew,seddon,195.0,collingridge street,port 3 66,paralohie,3803,nsw,19920305.0,6514580,60658,matthew,seddon,collingridge street,port 3 66,paralohie,nsw,1970-01-01,3803,3803_se,1504
ethan,pettingill,31.0,carruthers street,glenefer garden,gosford east,2031,nsw,19890131.0,4142808,63936,ethan,pettingill,carruthers street,glenefer garden,gosford east,nsw,1970-01-01,2031,2031_pe,2412
benjamin,brain,12.0,leahy close,elizabeth residential village,dover heights,2164,nsw,19240924.0,9191751,86666,benjamin,brain,leahy close,elizabeth residential village,dover heights,nsw,1970-01-01,2164,2164_br,281
barnaby,siggins,32.0,hurley street,lakes retirement estate,kempsey,5126,vic,19981021.0,5752610,50790,barnaby,siggins,hurley street,lakes retirement estate,kempsey,vic,1970-01-01,5126,5126_si,3431
,dixon,14.0,bingley crescent,baptist retirement,woodbridge,6201,wa,19921019.0,3197244,55126,,dixon,bingley crescent,baptist retirement,woodbridge,wa,1970-01-01,6201,6201_di,3432
ella,crouch,3.0,wybalena grove,tieve tara,urangan,3072,wa,19271130.0,3031169,22608,ella,crouch,wybalena grove,tieve tara,urangan,wa,1970-01-01,3072,3072_cr,1271
lucy,webb,5.0,rischbieth crescent,fred lean hostel,pimlico,2619,qld,19310329.0,2997048,75141,lucy,webb,rischbieth crescent,fred lean hostel,pimlico,qld,1970-01-01,2619,2619_we,3433
callum,white,19.0,bock place,morningsite,redbank plains,2137,vic,19470908.0,8508455,18082,callum,white,bock place,morningsite,redbank plains,vic,1970-01-01,2137,2137_wh,3434
amelia,struck,29.0,colonial cvpan park,winser crescent,coffs harbour,2250,vic,19640311.0,7848066,69226,amelia,struck,colonial cvpan park,winser crescent,coffs harbour,vic,1970-01-01,2250,2250_st,3435
rilye,shepherdson,34.0,lumholtcz place,maranui,roleystone,6430,qld,19711002.0,3919359,88303,rilye,shepherdson,lumholtcz place,maranui,roleystone,qld,1970-01-01,6430,6430_sh,481
mackenzie,paterson,109.0,groveland crescent,the willows,mosman,6350,nsw,19960203.0,6068385,26607,mackenzie,paterson,groveland crescent,the willows,mosman,nsw,1970-01-01,6350,6350_pa,3180
snell,zachary,25.0,mortimerlewis drive,swanlea,south grsfton,3075,vic,19220424.0,7167409,52085,snell,zachary,mortimerlewis drive,swanlea,south grsfton,vic,1970-01-01,3075,3075_za,3436
sidonie,syder,6.0,mackie crescent,athlone 2,north turramurra,2120,vic,19280215.0,2956310,74367,sidonie,syder,mackie crescent,athlone 2,north turramurra,vic,1970-01-01,2120,2120_sy,3437
imogen,louca,29.0,blackwell circuit,bindaree,coolum beach,2800,qld,19181226.0,2930517,79036,imogen,louca,blackwell circuit,bindaree,coolum beach,qld,1970-01-01,2800,2800_lo,1940
william,green,358.0,macrossan crescent,newman medixal centre,yagoona,2535,qld,19910111.0,3131587,10754,william,green,macrossan crescent,newman medixal centre,yagoona,qld,1970-01-01,2535,2535_gr,3438
jinni,petersen,43.0,brunton street,,birmingham gardens,2905,vic,19030606.0,9015538,85914,jinni,petersen,brunton street,,birmingham gardens,vic,1970-01-01,2905,2905_pe,3439
jarod,netherton,8.0,alroy circuit,berkeley village,warnbro,2615,qld,19180213.0,7763016,80962,jarod,netherton,alroy circuit,berkeley village,warnbro,qld,1970-01-01,2615,2615_ne,3440
ruby,jeffries,,forbes street,underwood,st albans,4165,nsw,19490705.0,8939903,41908,ruby,jeffries,forbes street,underwood,st albans,nsw,1970-01-01,4165,4165_je,154
aleisha,chandler,13.0,constitution avenue,cohors,ballarat,4034,vic,19540205.0,4168925,31387,aleisha,chandler,constitution avenue,cohors,ballarat,vic,1970-01-01,4034,4034_ch,3441
brooke,mccracken,19.0,daley crescent,,mayfield,3829,nsw,19850917.0,9195151,74099,brooke,mccracken,daley crescent,,mayfield,nsw,1970-01-01,3829,3829_mc,3061
ethan,pettingill,31.0,carruthear street,glenefer garden,gosford east,2013,nsw,19890131.0,4142808,92234,ethan,pettingill,carruthear street,glenefer garden,gosford east,nsw,1970-01-01,2013,2013_pe,3442
grace,timmermans,18.0,cussen stfjeet,,preston,2251,wa,19501207.0,6702521,26038,grace,timmermans,cussen stfjeet,,preston,wa,1970-01-01,2251,2251_ti,123
lachlan,hyland,16.0,colebatch place,penquite road,new lambton heights,4350,qld,19340129.0,6484656,82504,lachlan,hyland,colebatch place,penquite road,new lambton heights,qld,1970-01-01,4350,4350_hy,3443
jacl,ottens,34.0,caley crefcent,nio ka,ca mpsie,4030,qld,19590916.0,5959455,574,jacl,ottens,caley crefcent,nio ka,ca mpsie,qld,1970-01-01,4030,4030_ot,3444
shejbey,matthews,48.0,learmonth drive,dolphin arade,sanctuary point,2289,nsw,19440419.0,3598907,27999,shejbey,matthews,learmonth drive,dolphin arade,sanctuary point,nsw,1970-01-01,2289,2289_ma,708
willing,samara,,,coolinda,concord,3756,nsw,19270204.0,1045315,43363,willing,samara,,coolinda,concord,nsw,1970-01-01,3756,3756_sa,3445
samara,nicohll,22.0,roger dee,william wevb drive,beecroft,5106,qld,19931006.0,2914256,19789,samara,nicohll,roger dee,william wevb drive,beecroft,qld,1970-01-01,5106,5106_ni,3446
ella,petersen,76.0,burnie street,,sheidow park,2200,nsw,19130602.0,4749091,44571,ella,petersen,burnie street,,sheidow park,nsw,1970-01-01,2200,2200_pe,3447
harslett,freya,23.0,lilley street,springc reek,toormna,2615,tas,19950228.0,3045942,28938,harslett,freya,lilley street,springc reek,toormna,tas,1970-01-01,2615,2615_fr,3448
grace,friebel,,edwell place,villa 2,moorabin,2117,wa,19151028.0,7313566,88739,grace,friebel,edwell place,villa 2,moorabin,wa,1970-01-01,2117,2117_fr,2121
xepheren,everett,90.0,packer street,yonda pines,bulimba,4370,sa,19750202.0,6476307,6389,xepheren,everett,packer street,yonda pines,bulimba,sa,1970-01-01,4370,4370_ev,3449
ewan,wittchen,8.0,barnett close,ronobri,bonnells bay,2295,vic,19920618.0,9662319,34419,ewan,wittchen,barnett close,ronobri,bonnells bay,vic,1970-01-01,2295,2295_wi,1400
hamish,ryan,5.0,bonney street,villa 127,adamstown,2224,nsw,19161128.0,8439607,19041,hamish,ryan,bonney street,villa 127,adamstown,nsw,1970-01-01,2224,2224_ry,2811
natalia,george,22.0,woollum street,glenview,morwlel,6056,wa,19504306.0,7746839,55914,natalia,george,woollum street,glenview,morwlel,wa,1970-01-01,6056,6056_ge,386
emiily,bullock,251.0,ivo whitton circuit,kacadoo,blackburh north,3746,nsw,19470901.0,2457694,78234,emiily,bullock,ivo whitton circuit,kacadoo,blackburh north,nsw,1970-01-01,3746,3746_bu,739
tenille,swiggs,150.0,verbrugghe nstreet,gallagher hse,artarmon,7300,qld,19730510.0,6436926,77132,tenille,swiggs,verbrugghe nstreet,gallagher hse,artarmon,qld,1970-01-01,7300,7300_sw,557
erin,maynard,24.0,,wariala,little river,2777,vic,19970430.0,7429462,6937,erin,maynard,,wariala,little river,vic,1970-01-01,2777,2777_ma,3450
harry,tippins,86.0,bussauc lose,north arm,klemzig,4005,nsw,19490706.0,7994028,97218,harry,tippins,bussauc lose,north arm,klemzig,nsw,1970-01-01,4005,4005_ti,384
olivia,blackwell,21.0,barton highway,rowethorpe,artarmon,2229,qld,19641223.0,9582758,97325,olivia,blackwell,barton highway,rowethorpe,artarmon,qld,1970-01-01,2229,2229_bl,1646
juliana,mccarthy,64.0,aroona court,nioka,gowrie,2705,vic,19461112.0,1699294,52481,juliana,mccarthy,aroona court,nioka,gowrie,vic,1970-01-01,2705,2705_mc,3451
xavier,capmbell,1.0,douglas place,bindaree,peppermint grove,2164,sa,19080521.0,7162936,22493,xavier,capmbell,douglas place,bindaree,peppermint grove,sa,1970-01-01,2164,2164_ca,3236
tanar,george,77.0,britten-jones drive,roskhill,torquay,3031,nsw,,5067972,9419,tanar,george,britten jones drive,roskhill,torquay,nsw,,3031,3031_ge,3452
samuel,dixon,16.0,fitchett street,st agnes vlg,raby,3162,vic,19371028.0,9819631,35864,samuel,dixon,fitchett street,st agnes vlg,raby,vic,1970-01-01,3162,3162_di,3453
chelsea,banasevich,124.0,grieve place,,gawler east,2400,sa,19400330.0,8359979,42733,chelsea,banasevich,grieve place,,gawler east,sa,1970-01-01,2400,2400_ba,430
bailee,shepherd,35.0,rosescott icrcuit,gillin park,coonawarra,4650,vic,19214019.0,6633998,98595,bailee,shepherd,rosescott icrcuit,gillin park,coonawarra,vic,1970-01-01,4650,4650_sh,2858
ashlie,mason,3.0,,young retirmeent village,flagstafflhill,3201,nsw,19540731.0,9955736,23713,ashlie,mason,,young retirmeent village,flagstafflhill,nsw,1970-01-01,3201,3201_ma,3454
callum,,35.0,latchfordstreet,northwest mediual centre,cloverdale,2481,tas,19810925.0,5181189,62162,callum,,latchfordstreet,northwest mediual centre,cloverdale,tas,1970-01-01,2481,2481_,3455
shelby,priest,8.0,arthaldo court,yaroonga,villawood,2170,qld,19890604.0,8049385,528,shelby,priest,arthaldo court,yaroonga,villawood,qld,1970-01-01,2170,2170_pr,3456
natasha,stanley,590.0,gooreen street,treetops,dalby,2076,qld,19331015.0,7039195,57291,natasha,stanley,gooreen street,treetops,dalby,qld,1970-01-01,2076,2076_st,3457
raquel,beadle,12.0,albermarle place,hamilton central,auburn,6318,vic,19170312.0,5797844,89412,raquel,beadle,albermarle place,hamilton central,auburn,vic,1970-01-01,6318,6318_be,3458
alexander,morrison,5.0,bugden avenue,kangaroo ground warrandy road,elimbah,3282,qld,19500420.0,2361933,9706,alexander,morrison,bugden avenue,kangaroo ground warrandy road,elimbah,qld,1970-01-01,3282,3282_mo,3459
kaminskas,isabele,6.0,isis close,westholme,port qugusta,2765,qld,19060622.0,5344955,93813,kaminskas,isabele,isis close,westholme,port qugusta,qld,1970-01-01,2765,2765_is,3460
william,dent,121.0,namoi place,hartford,hawkesbury heights,3818,vic,19450321.0,3141181,96974,william,dent,namoi place,hartford,hawkesbury heights,vic,1970-01-01,3818,3818_de,1546
kylee,stephenson,81.0,rose scott circuit,cordoba manor,ashfield,4226,vic,19461101.0,4783085,55017,kylee,stephenson,rose scott circuit,cordoba manor,ashfield,vic,1970-01-01,4226,4226_st,1067
micheal,laverty,6.0,lenehan street,sen nocke,suffol kpark,2208,vic,19631213.0,9897797,88323,micheal,laverty,lenehan street,sen nocke,suffol kpark,vic,1970-01-01,2208,2208_la,540
jayde,arkit,56.0,carlile street,tralee cottage,kempsey,2170,tas,19380522.0,7466463,62173,jayde,arkit,carlile street,tralee cottage,kempsey,tas,1970-01-01,2170,2170_ar,2752
madalyn,carmody,15.0,balfour crescent,kersey' south,dutson,6026,nsw,19490615.0,3827946,47723,madalyn,carmody,balfour crescent,kersey' south,dutson,nsw,1970-01-01,6026,6026_ca,3461
laurex,frahn,5.0,solomon crescent,stone ycreek,frankston,2570,vic,19810701.0,7840203,66885,laurex,frahn,solomon crescent,stone ycreek,frankston,vic,1970-01-01,2570,2570_fr,3462
jacob,callahan,33.0,geeves court,wandoo stud,bayswater,2536,nsw,19931007.0,2283689,55285,jacob,callahan,geeves court,wandoo stud,bayswater,nsw,1970-01-01,2536,2536_ca,3463
,siemers,21.0,hopegood place,,auburn,5700,vic,19350122.0,2557455,62920,,siemers,hopegood place,,auburn,vic,1970-01-01,5700,5700_si,286
joshua,robson,12.0,windich street,indra,lansvale,6153,nsw,19770906.0,5573069,74900,joshua,robson,windich street,indra,lansvale,nsw,1970-01-01,6153,6153_ro,1289
sarsh,white,48.0,sadliersxreet,berkeley village,,2262,vic,19310728.0,9903253,91369,sarsh,white,sadliersxreet,berkeley village,,vic,1970-01-01,2262,2262_wh,3464
jade,dixon,,leven street,francis chambers,toronto,3228,nsw,19250415.0,5898510,6224,jade,dixon,leven street,francis chambers,toronto,nsw,1970-01-01,3228,3228_di,1135
keaton,mccarthy,9.0,cathie place,lavender farm,westmead,2023,qld,19480330.0,9907131,59391,keaton,mccarthy,cathie place,lavender farm,westmead,qld,1970-01-01,2023,2023_mc,3386
xavier,dreyer,1.0,douglas place,bindaree,peppermint grove,2164,sa,19160805.0,7162936,98739,xavier,dreyer,douglas place,bindaree,peppermint grove,sa,1970-01-01,2164,2164_dr,3465
millieo,chandler,11.0,woodgate street,,middleton beach,3525,nsw,19090414.0,9769153,1275,millieo,chandler,woodgate street,,middleton beach,nsw,1970-01-01,3525,3525_ch,1156
ruby,dixon,124.0,fisken crescent,post office road,ballarat north,3179,vic,19500713.0,2654777,9273,ruby,dixon,fisken crescent,post office road,ballarat north,vic,1970-01-01,3179,3179_di,2158
bailee,denns,35.0,rose scott circuit,gillin park,coonawwarra,4654,vic,19241019.0,6633998,84996,bailee,denns,rose scott circuit,gillin park,coonawwarra,vic,1970-01-01,4654,4654_de,3466
jackson,eglinton,840.0,fowles street,moun tvjiew,burleigh heads,2830,ss,,2932837,29256,jackson,eglinton,fowles street,moun tvjiew,burleigh heads,ss,,2830,2830_eg,3467
harrison,green,19.0,,cotswold park,lake bathurst,3194,vic,19981225.0,4706388,7375,harrison,green,,cotswold park,lake bathurst,vic,1970-01-01,3194,3194_gr,3468
lachlan,tebbutt,24.0,jim pike cavenue,bendarra,lemon tree passage,3233,nsw,19680108.0,5276246,96981,lachlan,tebbutt,jim pike cavenue,bendarra,lemon tree passage,nsw,1970-01-01,3233,3233_te,1035
belinda,blackwell,89.0,willcock place,sec 597,nedlands,2145,sa,19610102.0,4046672,15220,belinda,blackwell,willcock place,sec 597,nedlands,sa,1970-01-01,2145,2145_bl,893
maxin,mason,15.0,parkhill street,tintagel,kingston,2800,vic,19040813.0,4116673,21311,maxin,mason,parkhill street,tintagel,kingston,vic,1970-01-01,2800,2800_ma,3469
,bendkv,42.0,tallara parkway,yarrabin,queenscliff,2148,vic,19100310.0,5850163,71994,,bendkv,tallara parkway,yarrabin,queenscliff,vic,1970-01-01,2148,2148_be,3470
anton,miles,45.0,de little circuit,hamilton park,cooroy,4220,vic,19100212.0,9909697,41835,anton,miles,de little circuit,hamilton park,cooroy,vic,1970-01-01,4220,4220_mi,3471
joel,tyner,25.0,corringle close,little shalford,yoogali,3018,wa,19831216.0,7644003,49182,joel,tyner,corringle close,little shalford,yoogali,wa,1970-01-01,3018,3018_ty,1378
dixon,olivia,80.0,twamley crescent,kingston tower,bundaberg north,2170,tas,19381114.0,7563867,67135,dixon,olivia,twamley crescent,kingston tower,bundaberg north,tas,1970-01-01,2170,2170_ol,3472
hugh,fenwick,19.0,biddell place,kolora,carlingford,4744,nsw,19970623.0,7482555,44226,hugh,fenwick,biddell place,kolora,carlingford,nsw,1970-01-01,4744,4744_fe,3473
lexie,scaturchio,2.0,marchant circuit,catumbel lodge,hoppers crossing,3106,qld,19460521.0,5088476,36903,lexie,scaturchio,marchant circuit,catumbel lodge,hoppers crossing,qld,1970-01-01,3106,3106_sc,3474
yasmin,quilliam,,mccullochy street,bracengrae,hurstbridge,5107,sa,19991207.0,5083417,16068,yasmin,quilliam,mccullochy street,bracengrae,hurstbridge,sa,1970-01-01,5107,5107_qu,623
michael,tylkowski,276.0,ashburton circuit,the mar ek place,st peters,2570,nsq,19290421.0,9384379,63482,michael,tylkowski,ashburton circuit,the mar ek place,st peters,nsq,1970-01-01,2570,2570_ty,2015
jarod,netherton,8.0,alroy cifrcuit,berkeley village,warnbro,2615,qld,19180213.0,7763016,84251,jarod,netherton,alroy cifrcuit,berkeley village,warnbro,qld,1970-01-01,2615,2615_ne,3440
magnus,mazzone,26.0,ingham place,,glengowrie,2285,nt,19650426.0,3684075,31695,magnus,mazzone,ingham place,,glengowrie,nt,1970-01-01,2285,2285_ma,1157
christian,highfield,59.0,moruya circuit,kyalla,belmont,4740,sa,19791112.0,3938235,76635,christian,highfield,moruya circuit,kyalla,belmont,sa,1970-01-01,4740,4740_hi,3475
benjamin,lock,37.0,hackett garden,plantation caravn park,port lincoln,2570,nsw,19831227.0,5021855,18246,benjamin,lock,hackett garden,plantation caravn park,port lincoln,nsw,1970-01-01,2570,2570_lo,799
ainsley,blake,60.0,endeavour street,sheep station,redhead,7015,qld,19860920.0,1261880,90632,ainsley,blake,endeavour street,sheep station,redhead,qld,1970-01-01,7015,7015_bl,2228
harry,bishop,12.0,tobin place,berkeley village,pearl beach,2565,vic,19091028.0,2328487,29617,harry,bishop,tobin place,berkeley village,pearl beach,vic,1970-01-01,2565,2565_bi,3476
william,tyner,25.0,corringle close,little shaclford,yoogali,3018,wa,19831216.0,7644003,89907,william,tyner,corringle close,little shaclford,yoogali,wa,1970-01-01,3018,3018_ty,3477
imogen,filipov,82.0,freda bennett circuit,willandra,mount colah,3162,nsw,19780527.0,8125445,41409,imogen,filipov,freda bennett circuit,willandra,mount colah,nsw,1970-01-01,3162,3162_fi,3478
maddison,giordano,34.0,martley circuit,,ringwood,3492,qld,19621211.0,7118072,98291,maddison,giordano,martley circuit,,ringwood,qld,1970-01-01,3492,3492_gi,3479
ned,lodgec,32.0,karuah street,,bundamba,2280,act,19510526.0,9020603,53466,ned,lodgec,karuah street,,bundamba,act,1970-01-01,2280,2280_lo,319
,white,20.0,parker street,moy,calliope,4514,sa,19430329.0,3459225,19019,,white,parker street,moy,calliope,sa,1970-01-01,4514,4514_wh,987
sarah,cionci,7.0,maccallum circuit,chateau royal,fish creek,6026,sa,19970102.0,7637145,61542,sarah,cionci,maccallum circuit,chateau royal,fish creek,sa,1970-01-01,6026,6026_ci,3480
jack,campbell,169.0,marr street,rhosewyn,oakleigh,3356,vic,19770109.0,1485686,87830,jack,campbell,marr street,rhosewyn,oakleigh,vic,1970-01-01,3356,3356_ca,1969
william,lazaroff,12.0,leah ylose,milwlood,forbes,7256,qld,,8072193,85261,william,lazaroff,leah ylose,milwlood,forbes,qld,,7256,7256_la,3481
destynii,bowerman,12.0,halford crescent,sutton,nollamara,2431,qld,19880821.0,6089424,38579,destynii,bowerman,halford crescent,sutton,nollamara,qld,1970-01-01,2431,2431_bo,3213
gianni,dooley,38.0,ashburton circuit,brentwood vlge,ryde,6025,qld,19371212.0,5854405,76408,gianni,dooley,ashburton circuit,brentwood vlge,ryde,qld,1970-01-01,6025,6025_do,1509
jake,westbrook,231.0,booroondar a street,jodayne,salisbury east,2074,nsw,19001115.0,2330929,1849,jake,westbrook,booroondar a street,jodayne,salisbury east,nsw,1970-01-01,2074,2074_we,1021
